player_id,nba_id,first_nba_season,draft_year,pick,round
abdelal01,76001.0,1991,1990.0,25.0,1.0
abdulka01,76003.0,1970,1969.0,1.0,1.0
abdulma02,51.0,1991,1990.0,3.0,1.0
abdulta01,1505.0,1998,1997.0,11.0,1.0
abdursh01,949.0,1997,1996.0,3.0,1.0
abernto01,76005.0,1977,1976.0,43.0,3.0
abrinal01,203518.0,2017,2013.0,32.0,2.0
achiupr01,1630173.0,2021,2020.0,20.0,1.0
ackeral01,101165.0,2006,2005.0,60.0,2.0
acresma01,76009.0,1988,1985.0,40.0,2.0
acyqu01,203112.0,2013,2012.0,37.0,2.0
adamsal01,76011.0,1976,1975.0,4.0,1.0
adamsha01,200801.0,2007,2006.0,54.0,2.0
adamsja01,1629121.0,2019,,,
adamsjo01,203919.0,2015,2014.0,22.0,1.0
adamsmi01,149.0,1986,1985.0,66.0,3.0
adamsst01,203500.0,2014,2013.0,12.0,1.0
addisra01,912.0,1987,1986.0,39.0,2.0
adebaba01,1628389.0,2018,2017.0,14.0,1.0
adelde01,1629061.0,2019,,,
adrieje01,202399.0,2011,,,
afflaar01,201167.0,2008,2007.0,27.0,1.0
agbajoc01,1630534.0,2023,2022.0,14.0,1.0
agerma01,200772.0,2007,2006.0,28.0,1.0
aguirma01,76016.0,1982,1981.0,1.0,1.0
ahearbl01,201336.0,2008,,,
aingeda01,76017.0,1982,1981.0,31.0,2.0
ajincal01,201582.0,2009,2008.0,20.0,1.0
akognjo01,203006.0,2013,,,
akoonde01,,2019,,,
alabiso01,202374.0,2011,2010.0,50.0,2.0
alarima01,76019.0,1987,1986.0,18.0,1.0
aldamsa01,1630583.0,2022,2021.0,30.0,1.0
aldemfu01,203128.0,2015,2012.0,53.0,2.0
aldrico01,202332.0,2011,2010.0,11.0,1.0
aldrila01,200746.0,2007,2006.0,2.0,1.0
aleksch01,76021.0,1985,1982.0,76.0,4.0
alexacl01,1626146.0,2016,,,
alexaco01,724.0,1996,1995.0,29.0,1.0
alexaco02,2042.0,2001,2000.0,13.0,1.0
alexaga01,76022.0,1994,,,
alexajo01,201570.0,2009,2008.0,8.0,1.0
alexaky01,1629734.0,2020,,,
alexani01,1629638.0,2020,2019.0,17.0,1.0
alexatr01,1641725.0,2025,,,
alexaty01,1630234.0,2021,,,
alexavi01,2349.0,1992,1991.0,17.0,1.0
alforst01,76024.0,1988,1987.0,26.0,2.0
alkinra01,1628959.0,2019,,,
allengr01,1628960.0,2019,2018.0,21.0,1.0
allenja01,1628386.0,2018,2017.0,22.0,1.0
allenje01,706.0,1996,1995.0,49.0,2.0
allenka01,1628443.0,2018,2017.0,53.0,2.0
allenla01,202730.0,2012,2011.0,50.0,2.0
allenma01,2124.0,2002,,,
allenra01,76025.0,1989,,,
allenra02,951.0,1997,1996.0,5.0,1.0
allenti01,,2024,,,
allento01,2754.0,2005,2004.0,25.0,1.0
allrela01,200984.0,2008,,,
allumda01,76030.0,1981,1980.0,103.0,5.0
almonmo01,201165.0,2008,2007.0,25.0,1.0
alstode01,308.0,1995,1994.0,33.0,2.0
alstora01,1747.0,2000,1998.0,39.0,2.0
alumape01,,1999,,,
alvarjo01,1630631.0,2022,,,
amaecjo01,680.0,1996,,,
amayaas01,732.0,1996,,,
aminual01,202329.0,2011,2010.0,8.0,1.0
amundlo01,200811.0,2007,,,
anderal01,101187.0,2006,,,
anderan02,,2010,,,
anderch01,2365.0,2002,,,
anderda03,2431.0,2010,2002.0,36.0,2.0
anderde01,1507.0,1998,1997.0,13.0,1.0
anderdw01,76037.0,1983,1982.0,41.0,2.0
anderer01,944.0,1993,,,
andergr01,246.0,1988,1987.0,23.0,1.0
anderja01,202341.0,2011,2010.0,20.0,1.0
anderjj01,,1983,,,
anderju01,1626147.0,2016,2015.0,21.0,1.0
anderke01,72.0,1992,1991.0,2.0,1.0
anderky01,203937.0,2015,2014.0,30.0,1.0
andermi01,76042.0,1989,1988.0,73.0,3.0
anderni01,98.0,1990,1989.0,11.0,1.0
anderri01,76045.0,1983,1982.0,32.0,2.0
anderro01,76046.0,1985,1984.0,27.0,2.0
anderry01,201583.0,2009,2008.0,21.0,1.0
andersh01,1000.0,1997,1996.0,54.0,2.0
anderwi01,335.0,1989,1988.0,10.0,1.0
andrima01,101149.0,2006,2005.0,44.0,2.0
anigbik01,1628387.0,2018,2017.0,47.0,2.0
anslemi01,76050.0,1990,1989.0,37.0,2.0
anstech01,1512.0,1998,1997.0,18.0,1.0
antetal01,,2026,,,
antetgi01,203507.0,2014,2013.0,15.0,1.0
antetko01,1628961.0,2019,2018.0,60.0,2.0
antetth01,203648.0,2016,2014.0,51.0,2.0
anthoca01,2546.0,2004,2003.0,3.0,1.0
anthoco01,1630175.0,2021,2020.0,15.0,1.0
anthogr01,21.0,1992,1991.0,12.0,1.0
anthojo01,201202.0,2008,,,
anticpe01,203544.0,2014,,,
anunoog01,1628384.0,2018,2017.0,23.0,1.0
applike01,,2016,,,
araujra01,2737.0,2005,2004.0,8.0,1.0
archiro01,2425.0,2003,2002.0,31.0,2.0
architi01,,1971,,,
arcidry01,1627853.0,2018,,,
arenagi01,2240.0,2002,2001.0,30.0,2.0
arizatr01,2772.0,2005,2004.0,43.0,2.0
arlaujo01,76057.0,1988,1987.0,74.0,4.0
armeltr01,1642422.0,2025,,,
armstbj01,769.0,1990,1989.0,18.0,1.0
armstbr01,2220.0,2002,2001.0,23.0,1.0
armstda01,353.0,1995,,,
armsthi01,200756.0,2007,2006.0,12.0,1.0
arroyca01,2306.0,2002,,,
artesro01,1897.0,2000,1999.0,16.0,1.0
arthuda01,201589.0,2009,2008.0,27.0,1.0
artisja01,1628503.0,2018,,,
asikom01,201600.0,2011,2008.0,36.0,2.0
askewvi01,355.0,1988,1987.0,39.0,2.0
askinke01,173.0,1991,,,
atkinch01,1088.0,2000,,,
augmost01,278.0,1992,1991.0,9.0,1.0
augusdj01,201571.0,2009,2008.0,9.0,1.0
augusja01,200788.0,2007,2006.0,41.0,2.0
austiis01,,1992,,,
austike01,76074.0,1984,1983.0,101.0,5.0
avdijde01,1630166.0,2021,2020.0,9.0,1.0
aventan01,138.0,1993,1991.0,15.0,1.0
averywi01,1895.0,2000,1999.0,14.0,1.0
awtrede01,76078.0,1971,1970.0,46.0,3.0
ayayijo01,,2022,,,
ayongu01,202970.0,2012,,,
aytonde01,1629028.0,2019,2018.0,1.0,1.0
azubuke01,101235.0,2007,,,
azubuud01,1628962.0,2021,2020.0,27.0,1.0
babbch01,203569.0,2014,,,
babbilu01,202337.0,2011,2010.0,16.0,1.0
babicmi01,76079.0,1991,1990.0,50.0,2.0
bacondw01,1628407.0,2018,2017.0,40.0,2.0
badjiib01,1630641.0,2024,,,
bagarda01,2053.0,2001,2000.0,24.0,1.0
baglejo01,76082.0,1983,1982.0,12.0,1.0
baglema01,1628963.0,2019,2018.0,2.0,1.0
baglema02,1630542.0,2025,,,
baileac01,,2026,,,
baileam01,1641735.0,2024,2023.0,41.0,2.0
baileca01,76084.0,1982,1980.0,66.0,3.0
bailegu01,76083.0,1975,1974.0,23.0,2.0
baileja01,76085.0,1980,1979.0,6.0,1.0
baileth01,1847.0,1984,1983.0,7.0,1.0
baileto01,1753.0,1999,1998.0,45.0,2.0
bairsca01,203946.0,2015,2014.0,49.0,2.0
bakerla01,,1999,,,
bakerma01,2486.0,2005,,,
bakerro01,1627758.0,2017,,,
bakervi01,452.0,1994,1993.0,8.0,1.0
balad01,,2026,,,
baldwpa01,1631116.0,2023,2022.0,28.0,1.0
baldwwa01,,2017,,,
balkmre01,200764.0,2007,2006.0,20.0,1.0
ballagr01,76091.0,1978,1977.0,4.0,1.0
ballce01,76090.0,1991,,,
ballla01,1630163.0,2021,2020.0,3.0,1.0
balllo01,1628366.0,2018,2017.0,2.0,1.0
bambamo01,1628964.0,2019,2018.0,6.0,1.0
banchpa01,1631094.0,2023,2022.0,1.0,1.0
banede01,1630217.0,2021,2020.0,30.0,1.0
banksge01,76093.0,1982,1981.0,28.0,2.0
banksma01,2556.0,2004,2003.0,13.0,1.0
bannike01,76094.0,1985,1984.0,156.0,7.0
bantoda01,1630625.0,2022,2021.0,46.0,2.0
bantomi01,76095.0,1974,1973.0,8.0,1.0
barbeca01,,2022,,,
barbole01,2571.0,2004,2003.0,28.0,1.0
bardost01,,1992,,,
bareajo01,200826.0,2007,,,
bargnan01,200745.0,2007,2006.0,1.0,1.0
barklch01,787.0,1985,1984.0,5.0,1.0
barkler01,2057.0,2001,2000.0,28.0,1.0
barlodo01,1631230.0,2023,,,
barneha02,203084.0,2013,2012.0,7.0,1.0
barnema01,76104.0,1977,1974.0,2.0,1.0
barnema02,2440.0,2004,2002.0,45.0,2.0
barnesc01,1630567.0,2022,2021.0,4.0,1.0
barnhbr01,,2026,,,
barrean01,2857.0,2005,,,
barrerj01,1629628.0,2020,2019.0,3.0,1.0
barroda01,344.0,1990,1989.0,16.0,1.0
barroea01,2853.0,2006,,,
barrybr01,699.0,1996,1995.0,15.0,1.0
barrydr01,1003.0,1998,1996.0,57.0,2.0
barryjo01,468.0,1993,1992.0,21.0,1.0
barryri01,600013.0,1966,1965.0,2.0,1.0
bartowi01,203115.0,2013,2012.0,40.0,2.0
basdeed01,101188.0,2006,,,
bassbr01,101138.0,2006,2005.0,33.0,2.0
bassech01,1629646.0,2022,2021.0,53.0,2.0
basseti01,76120.0,1977,1973.0,106.0,7.0
basspa01,,2022,,,
bastoma01,1766.0,2003,1998.0,58.0,2.0
bateeme01,2370.0,2002,,,
batesbi01,,1980,,,
batesem01,1641734.0,2024,2023.0,49.0,2.0
bateske01,1628966.0,2019,2018.0,48.0,2.0
batises01,101212.0,2006,,,
batismi01,2471.0,2003,,,
battish01,2203.0,2002,2001.0,6.0,1.0
battito01,1499.0,1998,1997.0,5.0,1.0
battlja01,1642419.0,2025,,,
battljo01,174.0,1986,1985.0,84.0,4.0
battlke01,76123.0,1990,1989.0,27.0,1.0
battoda01,76124.0,1983,1978.0,62.0,3.0
batumni01,201587.0,2009,2008.0,25.0,1.0
baughda01,1641878.0,2025,,,
baxtelo01,2437.0,2003,2002.0,43.0,2.0
bayleje01,201573.0,2009,2008.0,11.0,1.0
baynear01,203382.0,2013,,,
bazarse01,76128.0,1995,,,
bazemke01,203145.0,2013,,,
bazleda01,1629647.0,2020,2019.0,23.0,1.0
bealbr01,203078.0,2013,2012.0,3.0,1.0
beaslje01,2602.0,2004,2003.0,33.0,2.0
beaslma01,1627736.0,2017,2016.0,19.0,1.0
beaslmi01,201563.0,2009,2008.0,2.0,1.0
beaubro01,201958.0,2010,2009.0,25.0,1.0
beaucma01,1630699.0,2023,2022.0,24.0,1.0
beckco01,1133.0,1996,,,
bedfowi01,76138.0,1987,1986.0,6.0,1.0
beekmre01,1641736.0,2025,,,
behagro01,76140.0,1974,1973.0,7.0,1.0
belinma01,201158.0,2008,2007.0,18.0,1.0
bellch01,2294.0,2002,,,
belljo01,1628395.0,2018,2017.0,38.0,2.0
bellra01,1952.0,2001,,,
belltr01,2559.0,2004,2003.0,16.0,1.0
bembrde01,1627761.0,2017,2016.0,21.0,1.0
bendedr01,1627733.0,2017,2016.0,4.0,1.0
bendejo01,1886.0,2000,1999.0,5.0,1.0
benimje01,,2015,,,
benjabe01,104.0,1986,1985.0,3.0,1.0
benjaco01,1736.0,1999,1998.0,28.0,1.0
bennean01,203461.0,2014,2013.0,1.0,1.0
benneel01,1120.0,1995,1992.0,38.0,2.0
bennema01,712.0,1996,1995.0,27.0,1.0
benneme01,76151.0,1977,,,
benneto01,76148.0,1993,1992.0,35.0,2.0
bennewi01,76152.0,1990,1988.0,64.0,3.0
benoida01,128.0,1992,,,
bensoke01,76154.0,1978,1977.0,1.0,1.0
bensoke02,,2012,,,
bentibe01,,2017,,,
berinjo01,,2026,,,
bernaju01,1631262.0,2024,,,
berryri01,76157.0,1989,1988.0,18.0,1.0
berrywa01,76158.0,1987,1986.0,14.0,1.0
bertada01,202722.0,2017,2011.0,42.0,2.0
bertada02,1629541.0,2019,,,
beshode01,76159.0,1979,,,
besttr01,696.0,1996,1995.0,23.0,1.0
beverpa01,201976.0,2013,2009.0,42.0,2.0
beysa01,1630180.0,2021,2020.0,19.0,1.0
beyty01,1630189.0,2021,2020.0,36.0,2.0
bhullsi01,,2015,,,
bibbyhe01,76162.0,1973,1972.0,58.0,4.0
bibbymi01,1710.0,1999,1998.0,2.0,1.0
biedran01,2740.0,2005,2004.0,11.0,1.0
billuch01,1497.0,1998,1997.0,3.0,1.0
biniojo01,76167.0,1987,1984.0,57.0,3.0
birchkh01,203920.0,2018,,,
birdja01,1628444.0,2018,2017.0,56.0,2.0
birdla01,1449.0,1980,1978.0,6.0,1.0
birdsot01,76170.0,1978,1977.0,2.0,1.0
bitadgo01,1629048.0,2020,2019.0,18.0,1.0
bitimon01,1641931.0,2024,,,
biyombi01,202687.0,2012,2011.0,7.0,1.0
bjeline01,202357.0,2016,2010.0,35.0,2.0
blabuw01,76172.0,1986,1985.0,17.0,1.0
blackal01,76180.0,1993,,,
blackan01,1641710.0,2024,2023.0,6.0,1.0
blackco01,76177.0,1985,1984.0,28.0,2.0
blackja01,1806.0,1995,,,
blackle01,1641778.0,2024,,,
blackna01,76179.0,1988,1987.0,27.0,2.0
blackno01,76174.0,1981,,,
blackro01,76176.0,1982,1981.0,9.0,1.0
blackta01,204028.0,2015,,,
blairde01,201971.0,2010,2009.0,37.0,2.0
blakean01,1628469.0,2018,,,
blakest01,2581.0,2004,2003.0,38.0,2.0
blalowi01,200807.0,2007,2006.0,60.0,2.0
blankla01,76183.0,1991,1990.0,26.0,1.0
blantri01,76184.0,1993,1989.0,46.0,2.0
blatcan01,101154.0,2006,2005.0,49.0,2.0
blaylmo01,302.0,1990,1989.0,12.0,1.0
bledser01,202339.0,2011,2010.0,18.0,1.0
blevike01,1629833.0,2021,,,
blossja01,1628417.0,2019,2017.0,59.0,2.0
blounco01,916.0,1994,1993.0,25.0,1.0
blounma01,1548.0,2001,1997.0,54.0,2.0
blueva01,203505.0,2014,,,
blumera01,76189.0,1982,1981.0,36.0,2.0
bobbito01,,2005,,,
boehebu01,1631205.0,2023,,,
boganke01,2586.0,2004,2003.0,43.0,2.0
bogdabo01,203992.0,2018,2014.0,27.0,1.0
bogdabo02,202711.0,2015,2011.0,31.0,2.0
boguemu01,177.0,1988,1987.0,12.0,1.0
bogutan01,101106.0,2006,2005.0,1.0,1.0
bohanet01,1564.0,1998,,,
bolbo01,1629626.0,2020,2019.0,44.0,2.0
boldejo01,1628413.0,2019,2017.0,36.0,2.0
boldema01,1629716.0,2020,,,
bolma01,76195.0,1986,1985.0,31.0,2.0
bolmale01,1630195.0,2022,2020.0,23.0,1.0
bolomjo01,1627762.0,2017,2016.0,52.0,2.0
bonaad01,1641737.0,2025,2024.0,41.0,2.0
bondwa01,1603.0,1993,,,
bonejo01,1629648.0,2020,2019.0,57.0,2.0
boneyde01,,1997,,,
bongais01,1629067.0,2019,2018.0,39.0,2.0
bonnean01,41.0,1991,1990.0,23.0,1.0
bonnema01,2588.0,2005,2003.0,45.0,2.0
bookede01,1626164.0,2016,2015.0,13.0,1.0
bookeme01,511.0,1996,,,
booketr01,202344.0,2011,2010.0,23.0,1.0
boonejo01,200767.0,2007,2006.0,23.0,1.0
boonero01,76204.0,1977,1968.0,147.0,11.0
boothca01,1916.0,2000,1999.0,35.0,2.0
boothke01,1522.0,1998,1997.0,28.0,1.0
boozeca01,2430.0,2003,2002.0,34.0,2.0
borchcu01,2414.0,2004,2002.0,18.0,1.0
borrela01,1953.0,2000,,,
boshch01,2547.0,2004,2003.0,4.0,1.0
bostobr01,,2022,,,
bostola01,76212.0,1980,1978.0,81.0,4.0
bosweto01,76213.0,1976,1975.0,17.0,1.0
bouchch01,1628449.0,2018,,,
bouknja01,1630547.0,2022,2021.0,11.0,1.0
boumtru01,2257.0,2002,2001.0,49.0,2.0
bouyeja01,1631123.0,2023,,,
bowdlca01,1898.0,2000,1999.0,17.0,1.0
bowenbr01,1477.0,1997,,,
bowenbr02,,2020,,,
bowenry01,1763.0,2000,1998.0,55.0,2.0
bowiean01,194.0,1989,1986.0,66.0,3.0
bowiesa01,76217.0,1985,1984.0,2.0,1.0
bowmair01,1085.0,2000,,,
bowmaky01,1629065.0,2020,,,
boycedo01,671.0,1996,1995.0,42.0,2.0
boykiea01,1863.0,1999,,,
boynewi01,76225.0,1979,1978.0,13.0,1.0
bozemce01,,2007,,,
brackcr01,202342.0,2011,2010.0,21.0,1.0
bradlal01,76229.0,1978,1977.0,29.0,2.0
bradlal02,76228.0,1982,1981.0,86.0,4.0
bradlav01,202340.0,2011,2010.0,19.0,1.0
bradlch01,76230.0,1982,1981.0,23.0,1.0
bradldu01,76231.0,1980,1979.0,13.0,1.0
bradlmi01,2214.0,2002,2001.0,17.0,1.0
bradlsh01,762.0,1994,1993.0,2.0,1.0
bradlto01,1628396.0,2018,2017.0,28.0,1.0
bradtma01,1361.0,1997,,,
braggma01,66.0,1996,,,
braggto01,1765.0,2004,1998.0,57.0,2.0
bramlaj01,,2000,,,
brancad01,76237.0,1987,1985.0,46.0,2.0
brandel01,1882.0,2000,1999.0,1.0,1.0
brandte01,210.0,1992,1991.0,11.0,1.0
branhma01,1631103.0,2023,2022.0,20.0,1.0
bransbr01,76239.0,1982,1980.0,45.0,2.0
brantja01,,2020,,,
bratzmi01,76242.0,1978,1977.0,66.0,3.0
braunch01,1631128.0,2023,2022.0,21.0,1.0
brazdig01,1629649.0,2020,2019.0,47.0,2.0
breako01,,2026,,,
breauti01,160.0,1995,,,
bremejr01,2452.0,2003,,,
breuera01,76247.0,1984,1983.0,18.0,1.0
breweco01,201147.0,2008,2007.0,7.0,1.0
breweja01,2249.0,2002,2001.0,40.0,2.0
breweji01,76248.0,1974,1973.0,2.0,1.0
brewero01,76249.0,1979,1978.0,7.0,1.0
brewero02,200758.0,2007,2006.0,14.0,1.0
brezepr01,2056.0,2002,2000.0,27.0,1.0
brickfr01,783.0,1985,1981.0,57.0,3.0
bridgja01,1641779.0,2025,,,
bridgju01,76252.0,1976,1975.0,8.0,1.0
bridgmi01,1628969.0,2019,2018.0,10.0,1.0
bridgmi02,1628970.0,2019,2018.0,12.0,1.0
brimaam01,1628578.0,2021,,,
briscis01,,2019,,,
brissos01,1629052.0,2020,,,
bristal01,76257.0,1974,1973.0,21.0,2.0
brittda01,,1981,,,
brittmi01,76260.0,1986,1985.0,29.0,2.0
brockiz01,,2024,,,
brockjo01,201972.0,2010,2009.0,38.0,2.0
broekry01,1629151.0,2019,,,
brogaji01,76262.0,1982,,,
brogdma01,1627763.0,2017,2016.0,36.0,2.0
brookaa01,201166.0,2008,2007.0,26.0,1.0
brookar01,1629717.0,2021,,,
brookdi01,1628415.0,2018,2017.0,45.0,2.0
brookke01,76265.0,1992,1991.0,18.0,1.0
brookke02,1631232.0,2025,,,
brookma01,202705.0,2012,2011.0,25.0,1.0
brookmi01,76266.0,1981,1980.0,9.0,1.0
brooksc01,418.0,1989,,,
broomjo01,,2026,,,
brownan01,2810.0,2007,,,
brownan02,1626148.0,2016,2015.0,34.0,2.0
brownbo02,201628.0,2009,,,
brownbr01,1628971.0,2019,2018.0,42.0,2.0
brownch01,359.0,1990,1989.0,43.0,2.0
brownch02,1629718.0,2020,,,
brownch05,1630602.0,2022,,,
brownda02,2245.0,2002,2001.0,36.0,2.0
brownda04,,2026,,,
brownde01,244.0,1991,1990.0,19.0,1.0
brownde02,2484.0,2003,,,
brownde03,200793.0,2007,2006.0,46.0,2.0
brownde04,201974.0,2010,2009.0,40.0,2.0
browner01,2081.0,2002,2000.0,52.0,2.0
brownfr01,76272.0,1972,1971.0,6.0,1.0
brownge02,1871.0,1999,,,
browngr01,1630535.0,2022,2021.0,43.0,2.0
brownja01,203913.0,2015,,,
brownja02,1627759.0,2017,2016.0,3.0,1.0
brownjo01,76276.0,1974,1973.0,10.0,1.0
brownke01,2208.0,2002,2001.0,11.0,1.0
brownke03,1631112.0,2023,2022.0,48.0,2.0
brownko01,1641738.0,2024,2023.0,30.0,1.0
brownkw01,2198.0,2002,2001.0,1.0,1.0
brownle02,76279.0,1981,1977.0,69.0,4.0
brownlo01,203485.0,2014,2013.0,52.0,2.0
brownma01,992.0,1997,1996.0,46.0,2.0
brownma02,203900.0,2015,2014.0,44.0,2.0
brownmi01,1479.0,1987,1985.0,69.0,3.0
brownmo01,1629650.0,2020,,,
brownmy01,76277.0,1992,1991.0,34.0,2.0
brownpj01,136.0,1994,1992.0,29.0,2.0
brownra01,76282.0,1990,,,
brownra02,753.0,1992,1991.0,31.0,2.0
brownri01,76283.0,1981,1980.0,13.0,1.0
brownro02,76286.0,1973,1971.0,64.0,4.0
brownsh01,200769.0,2007,2006.0,25.0,1.0
brownst02,1628425.0,2018,2017.0,46.0,2.0
brownti01,2357.0,2002,,,
brownto01,76268.0,1985,1982.0,82.0,4.0
browntr01,1628972.0,2019,2018.0,15.0,1.0
brundst01,76288.0,1990,1989.0,32.0,2.0
brunsja01,1628973.0,2019,2018.0,33.0,2.0
brunsri01,1594.0,1998,,,
brussni01,1627852.0,2017,,,
bryanca01,,2026,,,
bryanel01,1629091.0,2021,,,
bryanjo01,76290.0,1976,1975.0,14.0,1.0
bryanko01,977.0,1997,1996.0,13.0,1.0
bryanma01,95.0,1989,1988.0,21.0,1.0
bryanth01,1628418.0,2018,2017.0,42.0,2.0
bryanwa01,76291.0,1984,1982.0,30.0,2.0
brynto01,76292.0,1990,,,
buchash01,,2022,,,
buckngr01,1761.0,2000,1998.0,53.0,2.0
bucknqu01,76296.0,1977,1976.0,7.0,1.0
bucknst01,76294.0,1990,,,
budinch01,201978.0,2010,2009.0,44.0,2.0
buechju01,146.0,1991,1990.0,38.0,2.0
bufkiko01,1641723.0,2024,2023.0,15.0,1.0
buforro01,1934.0,2000,1999.0,53.0,2.0
bullama01,672.0,1991,,,
bullore01,,2014,,,
burkepa01,2469.0,2003,,,
burketr01,203504.0,2014,2013.0,9.0,1.0
burkmro01,76304.0,1982,1981.0,130.0,6.0
burksal01,202692.0,2012,2011.0,12.0,1.0
burksan01,2766.0,2005,2004.0,36.0,2.0
burleke01,101207.0,2006,,,
burleto01,76305.0,1975,1974.0,3.0,1.0
burnsda01,76307.0,1982,1981.0,49.0,3.0
burnsev01,76308.0,1994,1993.0,31.0,2.0
burresc01,197.0,1994,1993.0,20.0,1.0
burroju01,675.0,1996,1995.0,33.0,2.0
burtode02,1629126.0,2019,,,
burtoty01,,2026,,,
burtowi01,416.0,1991,1990.0,9.0,1.0
burttst01,76316.0,1985,1984.0,30.0,2.0
busedo01,76317.0,1977,1972.0,34.0,3.0
butleca01,2406.0,2003,2002.0,10.0,1.0
butlegr01,76320.0,1989,1988.0,37.0,2.0
butleja01,2866.0,2005,,,
butleja02,1630215.0,2022,2021.0,40.0,2.0
butleji01,,2012,,,
butlejo01,,2023,,,
butlemi02,348.0,1994,,,
butlera01,2446.0,2003,2002.0,52.0,2.0
buyckdw01,202779.0,2014,,,
buzelma01,1641824.0,2025,2024.0,11.0,1.0
byarsde01,201182.0,2012,2007.0,42.0,2.0
bynuman01,101115.0,2006,2005.0,10.0,1.0
bynumwi01,101198.0,2006,,,
byrnema01,76321.0,1979,1978.0,19.0,1.0
cabarza01,2560.0,2004,2003.0,17.0,1.0
cabocbr01,203998.0,2015,2014.0,20.0,1.0
cacokde01,1629719.0,2020,,,
caffeja01,679.0,1996,1995.0,20.0,1.0
cagemi01,262.0,1985,1984.0,14.0,1.0
cainja01,1631288.0,2023,,,
calatni01,201979.0,2014,2009.0,45.0,2.0
caldejo01,101181.0,2006,,,
caldwad01,154.0,1990,,,
caldwke01,203484.0,2014,2013.0,8.0,1.0
calhoco01,76330.0,1973,1972.0,4.0,1.0
calipde01,76332.0,1992,,,
callori01,76334.0,1991,,,
calvima01,76336.0,1977,1969.0,187.0,14.0
camarto01,1641739.0,2024,2023.0,52.0,2.0
cambrde01,76337.0,1993,,,
cambyma01,948.0,1997,1996.0,2.0,1.0
campafa01,1630267.0,2021,,,
campbel01,922.0,1991,1990.0,27.0,1.0
campbto01,76338.0,1985,1984.0,20.0,1.0
canaais01,203477.0,2014,2013.0,34.0,2.0
cancavl01,1628427.0,2020,2017.0,49.0,2.0
cannade01,1629962.0,2021,,,
capelca01,203991.0,2015,2014.0,25.0,1.0
caracde01,202382.0,2011,2010.0,58.0,2.0
cardibr01,2073.0,2001,2000.0,44.0,2.0
cardwdy01,,2026,,,
careyve01,1630176.0,2021,2020.0,32.0,2.0
carlige01,,2005,,,
carliri01,76342.0,1985,1984.0,70.0,3.0
carlsbr01,1642382.0,2025,,,
carnero01,200760.0,2007,2006.0,16.0,1.0
carran01,156.0,1985,1983.0,8.0,1.0
carrau01,76348.0,1972,1971.0,1.0,1.0
carrch01,713.0,1996,1995.0,56.0,2.0
carrco01,1757.0,1999,1998.0,49.0,2.0
carribo01,76352.0,1978,1976.0,28.0,2.0
carrica01,1642267.0,2025,2024.0,14.0,1.0
carrke01,76350.0,1978,1977.0,6.0,1.0
carrml01,76351.0,1977,1973.0,76.0,5.0
carrode01,201960.0,2010,2009.0,27.0,1.0
carrojo01,76353.0,1981,1980.0,1.0,1.0
carroma01,2679.0,2004,,,
carruji01,,1997,,,
cartean01,1853.0,2000,,,
cartebu01,76355.0,1981,1980.0,37.0,2.0
cartede02,1642269.0,2025,2024.0,13.0,1.0
carteho01,76358.0,1984,1983.0,15.0,1.0
carteje01,1628975.0,2019,2018.0,32.0,2.0
cartema01,2466.0,2004,,,
cartemi01,203487.0,2014,2013.0,11.0,1.0
cartere01,76360.0,1981,1979.0,27.0,2.0
cartero01,76361.0,1979,1978.0,26.0,2.0
cartevi01,1713.0,1999,1998.0,5.0,1.0
cartewe01,1628976.0,2019,2018.0,7.0,1.0
cartodj01,1630618.0,2024,,,
cartwbi01,76362.0,1980,1979.0,3.0,1.0
carusal01,1627936.0,2018,,,
cassesa01,208.0,1994,1993.0,24.0,1.0
casspom01,201956.0,2010,2009.0,23.0,1.0
castlco01,1630658.0,2024,,,
castlst01,1642264.0,2025,2024.0,4.0,1.0
catchha01,76365.0,1975,1974.0,42.0,3.0
catlete01,767.0,1986,1985.0,21.0,1.0
catoke01,1509.0,1998,1997.0,15.0,1.0
cattabo01,76368.0,1982,1981.0,165.0,8.0
caulewi01,1626161.0,2016,2015.0,6.0,1.0
caupatr01,1628505.0,2019,,,
causwdu01,190.0,1991,1990.0,18.0,1.0
cavanty01,1628463.0,2018,,,
cavenro01,76370.0,1985,,,
caverah01,,2022,,,
cazalma01,,2024,,,
cebalce01,76.0,1991,1990.0,48.0,2.0
celesjo01,1911.0,2000,1999.0,30.0,2.0
chalmli01,2763.0,2005,2004.0,33.0,2.0
chalmma01,201596.0,2009,2008.0,34.0,2.0
chambto01,1472.0,1982,1981.0,8.0,1.0
champju01,1630551.0,2022,,,
champju02,1630577.0,2023,,,
champmi01,76378.0,1989,,,
chandke01,1631113.0,2023,2022.0,38.0,2.0
chandty01,2199.0,2002,2001.0,2.0,1.0
chandwi01,201163.0,2008,2007.0,23.0,1.0
chanedo01,76379.0,1969,1968.0,12.0,1.0
chapmre01,364.0,1989,1988.0,8.0,1.0
charllo01,76384.0,1986,1985.0,41.0,2.0
chealjo01,1629147.0,2019,,,
cheanca01,384.0,1994,1993.0,6.0,1.0
cheatzy01,1629597.0,2020,,,
cheekma01,76385.0,1979,1978.0,36.0,2.0
cheniph01,76386.0,1972,,,
cherrwi01,,2015,,,
chievde01,76387.0,1989,1988.0,16.0,1.0
chilcpe01,432.0,1992,1991.0,27.0,1.0
childch01,164.0,1995,,,
childjo01,2735.0,2005,2004.0,6.0,1.0
childra01,719.0,1996,1995.0,19.0,1.0
chiozch01,1629185.0,2019,,,
chomcul01,1642279.0,2025,2024.0,57.0,2.0
choneji01,76392.0,1975,1973.0,31.0,2.0
chrisca02,1642353.0,2025,2024.0,46.0,2.0
chrisdi01,202091.0,2014,,,
chrisdo01,57.0,1993,1992.0,17.0,1.0
chrisjo01,1630528.0,2022,2021.0,24.0,1.0
chrisma01,1627737.0,2017,2016.0,8.0,1.0
chrisma02,1631108.0,2023,2022.0,35.0,2.0
chrispa01,,2015,,,
chrisra01,1626176.0,2016,2015.0,36.0,2.0
chrisse01,203902.0,2017,2014.0,55.0,2.0
churcro01,928.0,1996,,,
cissemo01,,2026,,,
cissosi01,1631321.0,2024,2023.0,44.0,2.0
clarkbr01,1629634.0,2020,2019.0,21.0,1.0
clarkca01,76398.0,1984,1983.0,91.0,4.0
clarkco01,,2016,,,
clarkea01,201947.0,2010,2009.0,14.0,1.0
clarkga01,1629109.0,2019,,,
clarkia01,203546.0,2014,,,
clarkja02,1641740.0,2025,2023.0,53.0,2.0
clarkjo01,203903.0,2015,2014.0,46.0,2.0
clarkke01,1721.0,1999,1998.0,13.0,1.0
clavegi01,,2018,,,
clavevi01,201964.0,2013,2009.0,22.0,1.0
claxtch01,1127.0,1996,1994.0,50.0,2.0
claxtni01,1629651.0,2020,2019.0,31.0,2.0
claxtsp01,2049.0,2002,2000.0,20.0,1.0
claytwa01,,2026,,,
cleamji01,76402.0,1972,1971.0,13.0,1.0
cleavma01,2043.0,2001,2000.0,14.0,1.0
clemoch01,1629598.0,2020,,,
clevean01,1628499.0,2018,,,
cliffni01,,2026,,,
clingdo01,1642270.0,2025,2024.0,7.0,1.0
closske01,1569.0,1998,,,
clownno01,1641730.0,2024,2023.0,21.0,1.0
coffeam01,1629599.0,2020,,,
cofferi01,76410.0,1991,,,
cofiefr01,76411.0,1986,1985.0,73.0,4.0
cokerjo01,715.0,1996,,,
colembe01,76412.0,1987,1984.0,37.0,2.0
colemde01,934.0,1991,1990.0,1.0,1.0
colemno01,76415.0,1988,1987.0,38.0,2.0
coleno01,202708.0,2012,2011.0,28.0,1.0
colesbi01,902.0,1991,1990.0,40.0,2.0
colliar01,76416.0,1981,1976.0,103.0,6.0
collida01,201954.0,2010,2009.0,21.0,1.0
collido01,76421.0,1974,1973.0,1.0,1.0
collido02,76418.0,1981,1980.0,18.0,1.0
colliis01,1642268.0,2025,2024.0,29.0,1.0
collija01,1530.0,1998,1997.0,36.0,2.0
collija02,2044.0,2001,2000.0,15.0,1.0
collija03,2260.0,2002,2001.0,52.0,2.0
collija04,2215.0,2002,2001.0,18.0,1.0
collijo01,1628381.0,2018,2017.0,19.0,1.0
colliky01,1627858.0,2018,,,
collima01,200776.0,2007,2006.0,29.0,1.0
collini01,2555.0,2005,2003.0,12.0,1.0
collish01,,2011,,,
colliyu01,1641879.0,2025,,,
colliza01,1628380.0,2018,2017.0,10.0,1.0
colsobo01,1629045.0,2019,,,
colsose01,2173.0,2001,,,
coltest01,306.0,1985,1984.0,33.0,2.0
comanch01,,2023,,,
combsle01,76425.0,1984,1983.0,26.0,2.0
comegda01,76426.0,1988,1987.0,21.0,1.0
conlemi01,201144.0,2008,2007.0,4.0,1.0
conloma01,55.0,1992,,,
connapa01,1626192.0,2016,2015.0,41.0,2.0
connele01,76431.0,1983,1982.0,14.0,1.0
conrowi01,101215.0,2007,,,
cookan01,76433.0,1991,1989.0,24.0,1.0
cookbr01,2567.0,2004,2003.0,24.0,1.0
cookda01,76435.0,1981,1980.0,70.0,4.0
cookda02,201161.0,2008,2007.0,21.0,1.0
cookech01,1628429.0,2018,,,
cookeda01,76439.0,1986,,,
cookeja01,,2026,,,
cookje01,76436.0,1980,1978.0,49.0,3.0
cookom01,2241.0,2004,2001.0,31.0,2.0
cookqu01,1626188.0,2017,,,
cooksxa01,1641645.0,2023,,,
cookty01,1629076.0,2020,,,
cooleja01,204022.0,2015,,,
coopedu01,1030.0,1993,1992.0,36.0,2.0
coopejo01,76443.0,1982,1981.0,95.0,5.0
coopemi01,76444.0,1979,1978.0,60.0,3.0
coopesh01,1630536.0,2022,2021.0,48.0,2.0
coopewa01,76441.0,1979,1978.0,40.0,2.0
copato01,76446.0,1992,,,
copelch01,203142.0,2013,,,
copelho01,76447.0,1980,1978.0,46.0,3.0
copella01,76448.0,1990,,,
corbity01,895.0,1986,1985.0,35.0,2.0
corchch01,76450.0,1992,1991.0,36.0,2.0
cornepe01,,2022,,,
corzida01,76453.0,1979,1978.0,18.0,1.0
costema01,1627856.0,2018,,,
cottobr01,203955.0,2015,,,
cottoja02,,1998,,,
coughjo01,76457.0,1980,1973.0,74.0,5.0
coulibi01,1641731.0,2024,2023.0,7.0,1.0
councri01,1641741.0,2024,,,
courtjo01,1432.0,1993,,,
couside01,202326.0,2011,2010.0,5.0,1.0
cousima01,202408.0,2011,,,
covinro01,203496.0,2014,,,
cowarce01,,2026,,,
cowenda01,76462.0,1971,1970.0,4.0,1.0
coxch01,,1983,,,
crabbal01,203459.0,2014,2013.0,31.0,2.0
craigto01,1628470.0,2018,,,
crawfch01,1544.0,1998,1997.0,50.0,2.0
crawfis01,1642384.0,2025,,,
crawfja01,2037.0,2001,2000.0,8.0,1.0
crawfjo01,201621.0,2009,2008.0,58.0,2.0
crawfjo02,202348.0,2011,2010.0,27.0,1.0
creekmi01,,2019,,,
creviro01,76469.0,1986,1983.0,75.0,4.0
crispjo01,2343.0,2002,,,
crissch01,76471.0,1978,,,
critewi01,76472.0,1988,1987.0,53.0,3.0
crittja01,201159.0,2008,2007.0,19.0,1.0
crompge01,,1981,,,
crosbte01,76475.0,1980,1979.0,62.0,3.0
croshau01,1506.0,1998,1997.0,12.0,1.0
crossje01,76476.0,1986,1984.0,61.0,3.0
crossru01,76478.0,1984,1983.0,6.0,1.0
crottjo01,180.0,1993,,,
crowdco01,76482.0,1992,,,
crowdja01,203109.0,2013,2012.0,34.0,2.0
crutcja01,1630622.0,2024,,,
cryerlj01,,2026,,,
cuiyo01,,2025,,,
culveja01,1629633.0,2020,2019.0,6.0,1.0
cumbeja01,,2022,,,
cummipa01,76483.0,1980,1978.0,59.0,3.0
cummite01,187.0,1983,1982.0,2.0,1.0
cummivo01,1907.0,2000,1999.0,26.0,1.0
cunnica01,1630595.0,2022,2021.0,1.0,1.0
cunnida01,201967.0,2010,2009.0,33.0,2.0
cunnija01,203099.0,2013,2012.0,24.0,1.0
cunniwi01,1061.0,1998,,,
curcira01,76488.0,1993,,,
curetea01,940.0,1981,1979.0,58.0,3.0
curlebi01,223.0,1995,1994.0,22.0,1.0
curryde01,209.0,1987,1986.0,15.0,1.0
curryed01,2201.0,2002,2001.0,4.0,1.0
currymi01,688.0,1994,,,
curryse01,203552.0,2014,,,
curryst01,201939.0,2010,2009.0,7.0,1.0
cvetkra01,687.0,1996,,,
dadiepa01,1642359.0,2025,2024.0,25.0,1.0
dailequ01,76497.0,1983,1982.0,7.0,1.0
dalemsa01,2223.0,2002,2001.0,26.0,1.0
dampier01,956.0,1997,1996.0,10.0,1.0
dandrbo01,76500.0,1970,1969.0,45.0,4.0
daniean01,1498.0,1998,1997.0,4.0,1.0
daniedy01,1630700.0,2023,2022.0,8.0,1.0
danieer01,2845.0,2005,,,
daniell01,1380.0,1993,,,
daniema01,2605.0,2004,,,
danietr01,203584.0,2014,,,
danilsa01,390.0,1996,1992.0,43.0,2.0
dantlad01,76504.0,1977,1976.0,6.0,1.0
dareyi01,212.0,1995,1994.0,14.0,1.0
darlina01,1630268.0,2021,,,
dasiltr01,1641783.0,2025,2024.0,18.0,1.0
datomlu01,203540.0,2014,,,
daughbr01,921.0,1987,1986.0,1.0,1.0
davidje01,201176.0,2008,2007.0,36.0,2.0
davidko01,1600.0,1999,,,
daviebr01,203561.0,2014,,,
davisan01,213.0,1994,1990.0,45.0,2.0
davisan02,203076.0,2013,2012.0,1.0,1.0
davisba01,1884.0,2000,1999.0,3.0,1.0
davisbe01,,1997,,,
davisbr01,76516.0,1978,1977.0,15.0,1.0
davisbr02,76517.0,1994,1992.0,48.0,2.0
davisch02,,1982,,,
davisda01,905.0,1992,1991.0,13.0,1.0
davisde01,1627738.0,2017,2016.0,31.0,2.0
davised01,202334.0,2011,2010.0,13.0,1.0
davisem01,1023.0,1997,,,
davisgl01,201175.0,2008,2007.0,35.0,2.0
davisha01,76523.0,1979,1978.0,33.0,2.0
davishu01,93.0,1993,1992.0,20.0,1.0
davisjd01,1631120.0,2023,2022.0,53.0,2.0
davisjo01,76526.0,1977,1976.0,22.0,2.0
davisjo02,2668.0,2004,,,
davisjo06,1631098.0,2023,2022.0,10.0,1.0
davisma01,76528.0,1989,1985.0,79.0,4.0
davisma02,707.0,1996,1995.0,48.0,2.0
davismi03,,1983,,,
davismo01,76520.0,1981,1980.0,21.0,1.0
davispa01,200781.0,2007,2006.0,34.0,2.0
davisri01,1729.0,1999,1998.0,21.0,1.0
davisro01,76534.0,1977,1976.0,70.0,5.0
daviste01,426.0,1990,,,
daviste02,1629056.0,2020,,,
davisty01,,2019,,,
daviswa03,1453.0,1978,1977.0,5.0,1.0
dawkian01,,2015,,,
dawkida01,76539.0,1976,1975.0,5.0,1.0
dawkijo01,1008.0,1987,1986.0,10.0,1.0
dawkipa01,76541.0,1980,1979.0,185.0,10.0
dawsobr01,1626183.0,2016,2015.0,56.0,2.0
dawsoer01,,2012,,,
dawsoto01,76542.0,1991,,,
dayeau01,201948.0,2010,2009.0,15.0,1.0
dayeda01,76543.0,1984,1983.0,57.0,3.0
daysda01,1630620.0,2023,,,
dayto01,103.0,1993,1992.0,8.0,1.0
deanegr01,76544.0,1980,1979.0,67.0,4.0
deckga01,1630466.0,2021,,,
declean01,692.0,1996,1995.0,34.0,2.0
decolna01,201986.0,2013,2009.0,53.0,2.0
dedmode01,203473.0,2014,,,
deherte01,143.0,1994,1993.0,13.0,1.0
dejeabr01,,2016,,,
dekkesa01,1626155.0,2016,2015.0,18.0,1.0
delanma01,1627098.0,2017,,,
delauja01,,2022,,,
delebi01,183.0,1992,1991.0,10.0,1.0
delfica01,2568.0,2005,2003.0,25.0,1.0
delgaan01,1629116.0,2019,,,
delkto01,960.0,1997,1996.0,16.0,1.0
dellama01,203521.0,2014,,,
delnevi01,219.0,1989,1988.0,29.0,2.0
dembofe01,76552.0,1989,1988.0,30.0,2.0
demicla01,76553.0,1980,1979.0,9.0,1.0
demineg01,,2026,,,
dempsde01,725.0,1994,,,
denglu01,2736.0,2005,2004.0,7.0,1.0
dennake01,76556.0,1982,1981.0,78.0,4.0
dennide01,,2024,,,
dennira01,1642484.0,2025,,,
dentmju01,,2012,,,
derozde01,201942.0,2010,2009.0,9.0,1.0
derrima01,1629094.0,2019,,,
diabamo01,1631217.0,2023,2022.0,43.0,2.0
diakima01,1629603.0,2021,,,
dialde01,1760.0,2000,1998.0,52.0,2.0
diallch01,1627767.0,2017,2016.0,33.0,2.0
diallha01,1628977.0,2019,2018.0,45.0,2.0
diawamo01,,2026,,,
diawaya01,200821.0,2007,,,
diawbo01,2564.0,2004,2003.0,21.0,1.0
diazgu01,200799.0,2008,2006.0,52.0,2.0
dickada01,2424.0,2003,2002.0,28.0,1.0
dickeka01,,2004,,,
dickemi01,1722.0,1999,1998.0,14.0,1.0
dickgr01,1641711.0,2024,2023.0,13.0,1.0
dickihu01,,2026,,,
dienetr01,101143.0,2006,2005.0,38.0,2.0
dienggo01,203476.0,2014,2013.0,21.0,1.0
diengou01,1631172.0,2023,2022.0,11.0,1.0
dietrco01,76567.0,1977,1970.0,155.0,10.0
dillami01,76569.0,1982,1981.0,55.0,3.0
dilliro01,1642265.0,2025,2024.0,8.0,1.0
dinkiby01,76574.0,1990,,,
dinwisp01,203915.0,2015,2014.0,38.0,2.0
dioguik01,101113.0,2006,2005.0,9.0,1.0
diopde01,2205.0,2002,2001.0,8.0,1.0
divacvl01,124.0,1990,1989.0,26.0,1.0
divindo01,1628978.0,2019,2018.0,17.0,1.0
dixonju01,2413.0,2003,2002.0,17.0,1.0
djordal01,,1997,,,
doleami01,1720.0,1999,1998.0,12.0,1.0
donalja01,76583.0,1981,1979.0,73.0,4.0
doncilu01,1629029.0,2019,2018.0,3.0,1.0
donovbi01,76586.0,1988,1987.0,68.0,3.0
doolike01,2039.0,2001,2000.0,10.0,1.0
dorseja01,76587.0,1978,1976.0,26.0,2.0
dorsejo01,201595.0,2009,2008.0,33.0,2.0
dorsety01,1628416.0,2018,2017.0,41.0,2.0
dortlu01,1629652.0,2020,,,
dosunay01,1630245.0,2022,2021.0,38.0,2.0
dotsoda01,1628422.0,2018,2017.0,44.0,2.0
dotsode01,1629653.0,2021,,,
doubyqu01,200763.0,2007,2006.0,19.0,1.0
douglbr01,76588.0,1987,1986.0,57.0,3.0
douglch01,201604.0,2009,2008.0,40.0,2.0
dougljo01,76589.0,1982,1978.0,118.0,6.0
douglle01,76590.0,1977,1976.0,4.0,1.0
douglsh01,428.0,1990,1989.0,28.0,2.0
douglto01,201962.0,2010,2009.0,29.0,1.0
doumbse01,1629635.0,2020,2019.0,15.0,1.0
dowdeza01,202220.0,2011,,,
dowtije01,1630288.0,2022,,,
doylemi01,1628495.0,2018,,,
doziepj01,1628408.0,2018,,,
doziete01,76596.0,1990,,,
dragigo01,201609.0,2009,2008.0,45.0,2.0
dragizo01,204054.0,2015,,,
dreilgr01,1068.0,1987,1986.0,26.0,2.0
drellhe01,1630929.0,2024,,,
drewbr01,1724.0,1999,1998.0,16.0,1.0
drewjo01,76598.0,1975,1974.0,25.0,2.0
drewla01,76599.0,1981,1980.0,17.0,1.0
drewla02,203580.0,2015,,,
drexlcl01,17.0,1984,1983.0,14.0,1.0
driggna01,1041.0,1997,,,
drobnpr01,1542.0,2002,1997.0,48.0,2.0
drollra01,76604.0,1981,1978.0,105.0,5.0
drumman01,203083.0,2013,2012.0,9.0,1.0
duartch01,1630537.0,2022,2021.0,13.0,1.0
ducasal01,1642505.0,2025,,,
duckwke01,404.0,1987,1986.0,33.0,2.0
dudlech02,201.0,1988,1987.0,75.0,4.0
dudleja01,201162.0,2008,2007.0,22.0,1.0
duerote01,76608.0,1980,1979.0,48.0,3.0
duhonch01,2768.0,2005,2004.0,38.0,2.0
dukandu01,1626251.0,2016,,,
dukeda01,1630561.0,2022,,,
dumarjo01,247.0,1986,1985.0,18.0,1.0
dumasri02,30.0,1993,1991.0,46.0,2.0
dumasto01,434.0,1995,1994.0,19.0,1.0
duncati01,1495.0,1998,1997.0,1.0,1.0
dunlemi01,76616.0,1977,1976.0,99.0,6.0
dunlemi02,2399.0,2003,2002.0,3.0,1.0
dunnkr01,1627739.0,2017,2016.0,5.0,1.0
dunnry01,1642346.0,2025,2024.0,28.0,1.0
dunntr01,76618.0,1978,1977.0,41.0,2.0
duprero01,2648.0,2004,,,
duranke01,201142.0,2008,2007.0,2.0,1.0
durenja01,1631105.0,2023,2022.0,13.0,1.0
durenjo01,76619.0,1981,1980.0,19.0,1.0
durhapa01,1090.0,1993,1989.0,35.0,2.0
durrade01,76621.0,1985,1984.0,25.0,2.0
duvaltr01,1628979.0,2019,,,
dykemcr01,76625.0,1982,1981.0,66.0,3.0
dysonje01,202406.0,2012,,,
eacklle01,289.0,1989,1988.0,36.0,2.0
earlac01,768.0,1994,1993.0,19.0,1.0
earlycl01,203921.0,2015,2014.0,34.0,2.0
easonta01,1631106.0,2023,2022.0,17.0,1.0
eatonma01,76631.0,1983,1982.0,72.0,4.0
eavesje01,76632.0,1983,1982.0,55.0,3.0
ebankde01,202365.0,2011,2010.0,43.0,2.0
ebind01,2569.0,2004,2003.0,26.0,1.0
echenja01,,2022,,,
eddieja01,204067.0,2016,,,
eddiepa01,76635.0,1992,,,
edelike01,,1985,,,
edeyza01,1641744.0,2025,2024.0,9.0,1.0
edgecvj01,,2026,,,
edmonke01,76638.0,1983,1982.0,10.0,1.0
edneyty01,721.0,1996,1995.0,47.0,2.0
edwaran01,1630162.0,2021,2020.0,1.0,1.0
edwarbi01,76646.0,1994,,,
edwarbl01,898.0,1990,1989.0,21.0,1.0
edwarca01,1629035.0,2020,2019.0,33.0,2.0
edwarco01,2451.0,2005,2002.0,57.0,2.0
edwardo01,346.0,1994,1993.0,15.0,1.0
edwarfr01,76641.0,1982,1981.0,22.0,1.0
edwarja01,229.0,1978,1977.0,46.0,3.0
edwarja02,76643.0,1990,1989.0,33.0,2.0
edwarje01,1642399.0,2025,,,
edwarjo01,2823.0,2005,,,
edwarju01,1642348.0,2025,,,
edwarke01,236.0,1989,1988.0,20.0,1.0
edwarke02,1630556.0,2022,2021.0,44.0,2.0
edwarro01,,2022,,,
edwarsh01,,2014,,,
edwarvi01,,2019,,,
ehlocr01,378.0,1984,1983.0,48.0,3.0
eisleho01,458.0,1995,1994.0,30.0,2.0
ekeziob01,1918.0,2000,1999.0,37.0,2.0
elamikh01,2064.0,2001,2000.0,34.0,2.0
eliema01,53.0,1991,1985.0,160.0,7.0
ellebcj01,1629604.0,2021,2020.0,46.0,2.0
ellenhe01,1627740.0,2017,2016.0,18.0,1.0
ellinwa01,201961.0,2010,2009.0,28.0,1.0
elliobo01,76656.0,1979,1977.0,42.0,2.0
elliose01,251.0,1990,1989.0,3.0,1.0
ellisbo02,76664.0,1978,1977.0,17.0,1.0
ellisda01,107.0,1984,1983.0,9.0,1.0
ellisha01,1677.0,1994,,,
elliske01,1631165.0,2023,,,
ellisla01,111.0,1993,1992.0,5.0,1.0
ellisle02,1034.0,1992,1991.0,22.0,1.0
ellismo01,101145.0,2006,2005.0,40.0,2.0
ellispe01,442.0,1990,1989.0,1.0,1.0
elmorle01,600010.0,1977,1974.0,13.0,1.0
elsonfr01,1922.0,2004,1999.0,41.0,2.0
elyme01,2408.0,2003,2002.0,12.0,1.0
embiijo01,203954.0,2017,2014.0,3.0,1.0
emmetan01,,2005,,,
enarutr01,,2026,,,
englech01,76670.0,1983,1982.0,60.0,3.0
englewa01,,1989,,,
engliaj01,76672.0,1991,1990.0,37.0,2.0
englial01,76673.0,1977,1976.0,23.0,2.0
englijo01,,1993,,,
engliki01,203119.0,2013,2012.0,44.0,2.0
ennisja01,203516.0,2015,2013.0,50.0,2.0
ennisty01,203898.0,2015,2014.0,18.0,1.0
erdense01,201623.0,2011,2008.0,60.0,2.0
ervinju01,76681.0,1977,1972.0,12.0,1.0
eschmev01,1915.0,2000,1999.0,34.0,2.0
esposvi01,76683.0,1996,,,
essenno01,,2026,,,
etienty01,1630623.0,2025,,,
eubandr01,1629234.0,2019,,,
evansbr01,967.0,1997,1996.0,27.0,1.0
evansea01,76685.0,1980,1978.0,157.0,8.0
evansja01,1628393.0,2018,2017.0,39.0,2.0
evansja02,1628980.0,2019,2018.0,28.0,1.0
evansje01,202379.0,2011,2010.0,55.0,2.0
evansma01,2230.0,2002,,,
evansmi01,76686.0,1980,1978.0,21.0,1.0
evansre01,2501.0,2003,,,
evansty01,201936.0,2010,2009.0,4.0,1.0
evbuoto01,1641787.0,2024,,,
ewingda01,101137.0,2006,2005.0,32.0,2.0
ewingpa01,121.0,1986,1985.0,1.0,1.0
ewingpa02,201607.0,2011,2008.0,43.0,2.0
exumda01,203957.0,2015,2014.0,5.0,1.0
eyengch01,201963.0,2011,2009.0,30.0,1.0
ezelife01,203105.0,2013,2012.0,30.0,1.0
fallta01,1629605.0,2020,,,
farieke01,202702.0,2012,2011.0,22.0,1.0
farmajo01,200770.0,2007,2006.0,26.0,1.0
farmede01,,2007,,,
farmeji01,76695.0,1988,1987.0,20.0,1.0
farmeto01,1108.0,1998,,,
favervi01,,2014,,,
favorde01,202324.0,2011,2010.0,3.0,1.0
fazekni01,201174.0,2008,2007.0,34.0,2.0
fearsje01,,2026,,,
feickja01,994.0,1997,1996.0,48.0,2.0
feitlda01,76703.0,1987,1986.0,43.0,2.0
feldeka01,1627770.0,2017,2016.0,54.0,2.0
feliccr01,1626245.0,2016,,,
felixca01,203467.0,2014,2013.0,33.0,2.0
felixno01,101230.0,2006,,,
feltora01,101109.0,2006,2005.0,5.0,1.0
fergude01,2724.0,2004,,,
fergute01,1628390.0,2018,2017.0,21.0,1.0
fernabr01,1628981.0,2020,2019.0,34.0,2.0
fernaru01,201164.0,2009,2007.0,24.0,1.0
fernser01,76707.0,1976,1975.0,62.0,4.0
ferredu01,273.0,1989,,,
ferrero01,76709.0,1989,1988.0,26.0,2.0
ferreyo01,1627812.0,2017,,,
ferryda01,198.0,1991,1989.0,2.0,1.0
fesenky01,201178.0,2008,2007.0,38.0,2.0
fieldke01,76713.0,1985,1984.0,21.0,1.0
fieldla01,202361.0,2011,2010.0,39.0,2.0
filipky01,1642271.0,2025,2024.0,32.0,2.0
finlemi01,714.0,1996,1995.0,21.0,1.0
finnedo01,1627827.0,2017,,,
fishede01,965.0,1997,1996.0,24.0,1.0
fishma01,900.0,1995,1992.0,50.0,2.0
fitchge01,,2006,,,
fittsma01,1630238.0,2021,,,
fizerma01,2033.0,2001,2000.0,4.0,1.0
flaggco01,,2026,,,
flaglad01,1641745.0,2024,,,
flemira01,,2026,,,
flemive01,313.0,1985,1984.0,18.0,1.0
florelu01,2784.0,2005,2004.0,55.0,2.0
flowebr01,76725.0,1983,1979.0,26.0,2.0
flowetr01,1642280.0,2025,,,
floydsl01,76726.0,1983,1982.0,13.0,1.0
flynnjo01,201938.0,2010,2009.0,6.0,1.0
flynnma01,1630201.0,2021,2020.0,29.0,1.0
fontais01,,2002,,,
fontesi01,1631323.0,2023,,,
footeje01,,2012,,,
forbebr01,1627854.0,2017,,,
forbega01,201814.0,2011,,,
fordal01,76732.0,1994,1993.0,32.0,2.0
fordal02,2228.0,2002,2001.0,50.0,2.0
fordal03,,2022,,,
fordch01,76733.0,1973,1972.0,17.0,2.0
forddo01,76734.0,1976,1975.0,92.0,6.0
fordjo01,1630259.0,2024,,,
fordph01,76736.0,1979,1978.0,2.0,1.0
fordsh01,726.0,1996,1995.0,26.0,1.0
fordsh02,,2006,,,
fordtj01,2551.0,2004,2003.0,8.0,1.0
forretr01,1630235.0,2021,,,
fortejo01,2218.0,2002,2001.0,21.0,1.0
fortsco01,202622.0,2012,,,
fortsda01,1504.0,1998,1997.0,10.0,1.0
fostegr01,323.0,1991,1990.0,35.0,2.0
fosteje01,1902.0,2000,1999.0,21.0,1.0
fostemi02,,2023,,,
fostero01,76742.0,1984,1983.0,28.0,2.0
fotsian01,2238.0,2002,2001.0,47.0,2.0
fournev01,203095.0,2013,2012.0,20.0,1.0
fowlktr01,1762.0,2002,1998.0,54.0,2.0
foxde01,1628368.0,2018,2017.0,5.0,1.0
foxri01,296.0,1992,1991.0,24.0,1.0
foyera01,200751.0,2007,2006.0,7.0,1.0
foylead01,1502.0,1998,1997.0,8.0,1.0
frahmri01,2499.0,2004,,,
francst01,1883.0,2000,1999.0,2.0,1.0
frankja01,203479.0,2014,2013.0,41.0,2.0
frankro01,,2021,,,
frankte01,76748.0,1988,1987.0,14.0,1.0
frazime01,,2019,,,
frazimi01,,2020,,,
fraziti01,204025.0,2015,,,
fraziwa01,76750.0,1968,1967.0,5.0,1.0
fredean01,76752.0,1989,1986.0,133.0,6.0
fredeji01,202690.0,2012,2011.0,10.0,1.0
freeljo01,200777.0,2013,2006.0,30.0,1.0
freemen01,1642402.0,2025,2024.0,50.0,2.0
freemja01,1631241.0,2024,,,
freewo01,,1976,,,
freijma01,,2005,,,
fryech01,101112.0,2006,2005.0,8.0,1.0
fudgeal01,1641788.0,2024,,,
fullehi01,,2004,,,
fulleto01,76765.0,1981,1980.0,93.0,5.0
fulleto02,957.0,1997,1996.0,11.0,1.0
fultzma01,1628365.0,2018,2017.0,1.0,1.0
fundela01,1444.0,1998,1994.0,51.0,2.0
funkan01,1641847.0,2024,,,
furlote01,76767.0,1977,1976.0,12.0,1.0
furphjo01,1642277.0,2025,2024.0,35.0,2.0
gabriwe01,1629117.0,2020,,,
gadzuda01,2429.0,2003,2002.0,33.0,2.0
gaffoda01,1629655.0,2020,2019.0,38.0,2.0
gaide01,,2006,,,
gaineco01,76770.0,1989,1988.0,65.0,3.0
gainere01,2558.0,2004,2003.0,15.0,1.0
gainesu01,202178.0,2010,,,
galemi01,76771.0,1977,1971.0,47.0,3.0
gallach01,76772.0,1994,1991.0,32.0,2.0
gallida01,201568.0,2009,2008.0,6.0,1.0
gallola01,204038.0,2015,,,
gamblke01,333.0,1988,1987.0,63.0,3.0
garbajo01,200816.0,2007,,,
garceru01,,2001,,,
garcial01,2682.0,2004,,,
garcian01,,2026,,,
garcifr01,101128.0,2006,2005.0,23.0,1.0
gardnmy01,,2026,,,
gardnth01,201242.0,2008,,,
garinpa01,1627868.0,2017,,,
garlada01,1629636.0,2020,2019.0,5.0,1.0
garlaga01,76781.0,1980,1979.0,30.0,2.0
garlawi01,76782.0,1988,1987.0,40.0,2.0
garnebi02,76785.0,1983,1982.0,4.0,1.0
garnech01,1612.0,1998,,,
garneke01,708.0,1996,1995.0,5.0,1.0
garnema01,,1999,,,
garrebi01,1628656.0,2019,,,
garreca01,76786.0,1981,1979.0,47.0,3.0
garrede01,1051.0,1997,1988.0,38.0,2.0
garredi02,203197.0,2013,,,
garrema01,1630585.0,2022,,,
garrijo01,76791.0,1984,1983.0,27.0,2.0
garriki01,,1998,,,
garripa01,1727.0,1999,1998.0,19.0,1.0
garrito01,76790.0,1989,1988.0,45.0,2.0
garubus01,1630586.0,2022,2021.0,23.0,1.0
garzalu01,1630568.0,2022,2021.0,52.0,2.0
gasolma01,201188.0,2009,2007.0,48.0,2.0
gasolpa01,2200.0,2002,2001.0,3.0,1.0
gateska01,,2024,,,
gatlich01,423.0,1992,1991.0,16.0,1.0
gattike01,930.0,1987,1986.0,55.0,3.0
gayru01,200752.0,2007,2006.0,8.0,1.0
gazean01,1845.0,1994,,,
gbinimi01,1627771.0,2017,2016.0,49.0,2.0
gearyre01,1002.0,1997,1996.0,56.0,2.0
geeal01,202087.0,2010,,,
geigema01,761.0,1993,1992.0,42.0,2.0
gelabmi01,101153.0,2007,2005.0,48.0,2.0
georgde01,1904.0,2000,1999.0,23.0,1.0
georgke01,1641718.0,2024,2023.0,16.0,1.0
georgky01,1642273.0,2025,2024.0,24.0,1.0
georgma01,1627875.0,2017,,,
georgpa01,202331.0,2011,2010.0,10.0,1.0
georgta01,76801.0,1991,1990.0,22.0,1.0
gerargu01,76802.0,1977,1975.0,50.0,3.0
gervide01,76803.0,1990,1985.0,90.0,4.0
gervige01,76804.0,1977,1974.0,40.0,3.0
gianejo01,76806.0,1973,1972.0,20.0,2.0
gibsoda01,200789.0,2007,2006.0,42.0,2.0
gibsojo01,1626780.0,2017,,,
gibsomi01,76810.0,1984,1982.0,44.0,2.0
gibsota01,201959.0,2010,2009.0,26.0,1.0
giddejo01,1630581.0,2022,2021.0,6.0,1.0
giddejr01,201592.0,2009,2008.0,30.0,1.0
gilbeke01,,2026,,,
gildetr01,,2010,,,
gilesha01,,2019,,,
gilgesh01,1628983.0,2019,2018.0,11.0,1.0
gillan01,1630264.0,2021,,,
gillebe01,76812.0,1989,,,
gilleco01,1631221.0,2024,,,
gilled01,2109.0,2001,,,
gillefr01,1630273.0,2021,,,
gilliar01,288.0,1988,1987.0,2.0,1.0
gillke01,383.0,1991,1990.0,5.0,1.0
gilmoar01,600014.0,1977,1971.0,117.0,7.0
gilyaja01,1631367.0,2023,,,
ginobma01,1938.0,2003,1999.0,57.0,2.0
giricgo01,1921.0,2003,1999.0,40.0,2.0
givenja01,76819.0,1979,1978.0,16.0,1.0
gladnmi01,202148.0,2012,,,
glassge01,76821.0,1991,1990.0,20.0,1.0
glennmi01,76822.0,1978,1977.0,23.0,2.0
gloucge01,76824.0,1986,1985.0,148.0,7.0
glovedi01,1901.0,2000,1999.0,20.0,1.0
glynian01,,2007,,,
gminsmi01,76826.0,1981,1980.0,7.0,1.0
goberru01,203497.0,2014,2013.0,27.0,1.0
godfrda01,76827.0,1991,,,
goldivl01,,2026,,,
goldwan01,924.0,1996,1994.0,52.0,2.0
gomesry01,101155.0,2006,2005.0,50.0,2.0
gondrgl01,76830.0,1978,1977.0,26.0,2.0
gondrgr01,76831.0,1987,1986.0,77.0,4.0
gonzahu01,,2026,,,
goodedr01,2400.0,2003,2002.0,4.0,1.0
goodrst01,1864.0,2001,,,
goodwar01,203462.0,2014,2013.0,29.0,1.0
goodwbr01,1629164.0,2019,,,
goodwjo01,1630692.0,2022,,,
gordoaa01,203932.0,2015,2014.0,4.0,1.0
gordobe01,2732.0,2005,2004.0,3.0,1.0
gordodr01,,2015,,,
gordoer01,201569.0,2009,2008.0,7.0,1.0
gordola01,76834.0,1985,1984.0,8.0,1.0
gortama01,101162.0,2008,2005.0,57.0,2.0
gortmja01,1641789.0,2025,,,
goudean01,202726.0,2012,2011.0,46.0,2.0
graceri01,76839.0,1994,1988.0,67.0,3.0
grahade01,1628984.0,2019,2018.0,34.0,2.0
grahagr01,37.0,1994,1993.0,17.0,1.0
grahajo01,101121.0,2006,2005.0,16.0,1.0
grahaor01,76841.0,1989,1988.0,40.0,2.0
grahapa01,76842.0,1992,,,
grahast01,101211.0,2006,,,
grahatr01,1626203.0,2017,,,
grandji01,76844.0,1991,1984.0,76.0,4.0
grandro01,,1989,,,
grangda01,101122.0,2006,2005.0,17.0,1.0
grangst01,76847.0,1984,1983.0,24.0,1.0
grantbr01,258.0,1995,1994.0,8.0,1.0
grantdo01,1629055.0,2019,,,
grantga01,202.0,1989,1988.0,15.0,1.0
grantgr01,285.0,1990,1989.0,52.0,2.0
grantha01,265.0,1989,1988.0,12.0,1.0
grantho01,270.0,1988,1987.0,10.0,1.0
grantje01,203924.0,2015,2014.0,39.0,2.0
grantje02,1626170.0,2016,2015.0,19.0,1.0
grantjo01,76852.0,1994,1993.0,43.0,2.0
grantpa01,1514.0,1999,1997.0,20.0,1.0
gravebu01,76855.0,1985,1984.0,68.0,3.0
graveha01,,2022,,,
grayaa01,201189.0,2008,2007.0,49.0,2.0
grayde01,,1997,,,
grayed01,1516.0,1998,1997.0,22.0,1.0
grayeje01,81.0,1989,1988.0,13.0,1.0
grayev01,,1997,,,
grayha01,,2026,,,
grayjo01,1627982.0,2018,,,
grayra01,1630564.0,2023,2021.0,59.0,2.0
grayst01,76861.0,1985,1984.0,29.0,2.0
graysy01,76862.0,1989,1988.0,35.0,2.0
greenac01,920.0,1986,1985.0,23.0,1.0
greenaj01,1631260.0,2023,,,
greenda01,,1980,,,
greenda02,201980.0,2010,2009.0,46.0,2.0
greende01,,2006,,,
greendo01,201590.0,2009,2008.0,28.0,1.0
greendr01,203110.0,2013,2012.0,35.0,2.0
greener01,203475.0,2015,2013.0,46.0,2.0
greenge01,101123.0,2006,2005.0,18.0,1.0
greenja01,203210.0,2015,,,
greenja02,1629750.0,2020,,,
greenja05,1630224.0,2022,2021.0,2.0,1.0
greenje02,201145.0,2008,2007.0,5.0,1.0
greenjo02,1630182.0,2021,2020.0,18.0,1.0
greenke01,76868.0,1986,1981.0,34.0,2.0
greenke02,76869.0,1986,1985.0,12.0,1.0
greenli01,1036.0,1993,1992.0,39.0,2.0
greenmi01,76873.0,1977,1973.0,4.0,1.0
greenor01,101158.0,2006,2005.0,53.0,2.0
greenri01,76874.0,1978,1977.0,16.0,1.0
greense01,76875.0,1992,1991.0,41.0,2.0
greensi02,76876.0,1984,1983.0,5.0,1.0
greenta01,201192.0,2008,2007.0,52.0,2.0
greenwi01,2584.0,2004,2003.0,41.0,2.0
greerly01,2696.0,2007,,,
gregocl01,76884.0,1986,1981.0,41.0,2.0
greigjo01,76885.0,1983,1982.0,65.0,3.0
greveke01,76887.0,1976,1975.0,18.0,1.0
griffad01,1559.0,2000,,,
griffaj01,1631100.0,2023,2022.0,16.0,1.0
griffbl01,201933.0,2011,2009.0,1.0,1.0
griffda01,76890.0,1981,1980.0,2.0,1.0
griffed01,2204.0,2002,2001.0,7.0,1.0
griffpa01,76889.0,1977,1976.0,74.0,5.0
griffta01,201981.0,2010,2009.0,48.0,2.0
grimequ01,1629656.0,2022,2021.0,25.0,1.0
grimmde01,,1998,,,
grossbo01,76895.0,1976,1975.0,25.0,2.0
grundan01,101219.0,2006,,,
grunfer01,76899.0,1978,1977.0,11.0,1.0
gudmupe01,76901.0,1982,1981.0,61.0,3.0
gudurma01,1629741.0,2020,,,
gueyemo01,1631338.0,2024,,,
gueyemo02,1631243.0,2024,2023.0,39.0,2.0
guglito01,339.0,1993,1992.0,6.0,1.0
guibean01,76903.0,1994,,,
guidija01,76904.0,1993,,,
gutiejo01,203268.0,2014,,,
guyky01,1629657.0,2020,2019.0,55.0,2.0
guytoaj01,2062.0,2001,2000.0,32.0,2.0
hachiru01,1629060.0,2020,2019.0,9.0,1.0
haddaha01,201632.0,2009,,,
haffnsc01,76911.0,1990,1989.0,45.0,2.0
haganas01,1630204.0,2021,,,
hagangl01,76913.0,1982,1978.0,43.0,2.0
hairsma01,201612.0,2009,2008.0,48.0,2.0
hairspj02,203798.0,2015,2014.0,26.0,1.0
haislma01,2409.0,2003,2002.0,13.0,1.0
haleyja01,917.0,1989,1987.0,79.0,4.0
halibty01,1630169.0,2021,2020.0,12.0,1.0
hallde01,1628985.0,2020,2018.0,53.0,2.0
halldo01,1629743.0,2020,,,
halljo01,1630221.0,2021,,,
halljo02,,2023,,,
hallmi01,200837.0,2007,,,
hallpj01,1641790.0,2025,,,
hallty01,,2022,,,
hamda01,1032.0,1997,,,
hamerst01,984.0,1997,1996.0,38.0,2.0
hamilda02,1627772.0,2018,2016.0,56.0,2.0
hamiljo02,202706.0,2012,2011.0,26.0,1.0
hamilju01,203120.0,2014,2012.0,45.0,2.0
hamilri01,1888.0,2000,1999.0,7.0,1.0
hamilro01,,1980,,,
hamilta01,2347.0,2002,,,
hamilth01,676.0,1996,,,
hamilze01,1985.0,2001,,,
hammige01,903.0,1994,1993.0,26.0,1.0
hammoaj01,1627773.0,2017,2016.0,46.0,2.0
hammoto01,67.0,1990,1989.0,9.0,1.0
hamptrj01,1630181.0,2021,2020.0,24.0,1.0
hancoda01,241.0,1995,1994.0,38.0,2.0
handlbe01,1052.0,2004,,,
hannadu01,,2019,,,
hansbbe01,203162.0,2013,,,
hansbty01,201946.0,2010,2009.0,13.0,1.0
hansebo01,76942.0,1984,1983.0,54.0,3.0
hansetr01,2580.0,2004,2003.0,37.0,2.0
hansore01,1682.0,1998,,,
hanzlbi01,76944.0,1981,1980.0,20.0,1.0
haranlu01,202376.0,2011,2010.0,52.0,2.0
hardaan01,358.0,1994,1993.0,3.0,1.0
hardati01,896.0,1990,1989.0,14.0,1.0
hardati02,203501.0,2014,2013.0,24.0,1.0
hardeja01,201935.0,2010,2009.0,3.0,1.0
hardyal01,76947.0,1981,,,
hardyja01,76948.0,1979,1978.0,11.0,1.0
hardyja02,1630702.0,2023,2022.0,37.0,2.0
harklej01,1641989.0,2025,,,
harklma01,203090.0,2013,2012.0,15.0,1.0
harmoje01,76952.0,1995,,,
harpede01,157.0,1984,1983.0,11.0,1.0
harpedy01,,2026,,,
harpeja01,1629607.0,2020,,,
harpeju01,202712.0,2012,2011.0,32.0,2.0
harpemi01,76954.0,1981,1980.0,56.0,3.0
harpero01,166.0,1987,1986.0,8.0,1.0
harpero02,1631199.0,2023,,,
harprma01,1723.0,1999,1998.0,15.0,1.0
harrejo01,202725.0,2012,2011.0,45.0,2.0
harremo01,1626149.0,2016,2015.0,32.0,2.0
harriaa01,1626151.0,2016,,,
harriad01,2492.0,2003,,,
harrial01,1733.0,1999,1998.0,25.0,1.0
harrian01,1626150.0,2017,2015.0,44.0,2.0
harrida01,2758.0,2005,2004.0,29.0,1.0
harride01,2734.0,2005,2004.0,5.0,1.0
harriel01,,2014,,,
harriga01,203914.0,2015,2014.0,19.0,1.0
harrija01,,2021,,,
harrijo01,203925.0,2015,2014.0,33.0,2.0
harriju01,2454.0,2003,,,
harrike01,1630284.0,2023,,,
harrilu01,446.0,1994,1993.0,28.0,2.0
harrima01,202412.0,2011,,,
harrimi01,200839.0,2008,,,
harriot01,970.0,1997,1996.0,30.0,2.0
harrish01,1627885.0,2018,,,
harrist01,76960.0,1986,1985.0,19.0,1.0
harrite01,202227.0,2012,,,
harrito01,76961.0,1991,,,
harrito02,202699.0,2012,2011.0,19.0,1.0
harteis01,1628392.0,2019,2017.0,43.0,2.0
hartja01,2078.0,2001,2000.0,49.0,2.0
hartjo01,1628404.0,2018,2017.0,30.0,1.0
harvean01,176.0,1994,,,
harvedo01,2051.0,2001,2000.0,22.0,1.0
haskisc01,321.0,1994,1993.0,14.0,1.0
hasleud01,2617.0,2004,,,
hassejo01,,1978,,,
hassetr01,2239.0,2002,2001.0,29.0,2.0
hastisc01,76968.0,1983,1982.0,29.0,2.0
hastoki01,2213.0,2002,2001.0,16.0,1.0
hausesa01,1630573.0,2022,,,
hawessp01,201150.0,2008,2007.0,10.0,1.0
hawesst01,76971.0,1975,1972.0,24.0,2.0
hawkihe01,765.0,1989,1988.0,6.0,1.0
hawkijo01,1641722.0,2024,2023.0,14.0,1.0
hawkiju01,1038.0,2003,,,
hawkimi01,1138.0,1997,,,
hayesch01,101236.0,2006,,,
hayesel01,76979.0,1969,1968.0,1.0,1.0
hayesja01,2553.0,2004,2003.0,10.0,1.0
hayesja02,1629637.0,2020,2019.0,8.0,1.0
hayeski01,1630165.0,2021,2020.0,7.0,1.0
hayesni01,,2018,,,
hayesst01,76980.0,1982,1977.0,76.0,4.0
haywago01,202330.0,2011,2010.0,9.0,1.0
haywala01,202351.0,2011,2010.0,30.0,1.0
haywobr01,2217.0,2002,2001.0,20.0,1.0
haywosp01,76981.0,1971,1971.0,30.0,2.0
headlu01,101129.0,2006,2005.0,24.0,1.0
healsh01,1049.0,1997,,,
heardga01,,1971,,,
hearnre01,203687.0,2018,,,
heggsal01,76987.0,1996,,,
hendeal01,673.0,1996,1995.0,16.0,1.0
hendece01,76990.0,1987,1986.0,32.0,2.0
hendece02,1538.0,1998,1997.0,44.0,2.0
hendeda01,76991.0,1988,1986.0,58.0,3.0
hendege01,76993.0,1980,1978.0,64.0,3.0
hendege02,201945.0,2010,2009.0,12.0,1.0
hendeje01,76992.0,1986,,,
hendejr01,1764.0,1999,1998.0,56.0,2.0
hendeke01,76994.0,1987,1986.0,50.0,3.0
hendesc01,1630703.0,2024,2023.0,3.0,1.0
hendeto01,76996.0,1975,1974.0,7.0,1.0
hendrma01,971.0,1997,1996.0,31.0,2.0
hendrta01,1641707.0,2024,2023.0,9.0,1.0
henryaa01,,2022,,,
henryca01,77001.0,1986,1984.0,80.0,4.0
henryco01,77002.0,1987,1986.0,89.0,4.0
henrymy01,1627988.0,2018,,,
henrysk01,77003.0,1994,,,
henryxa01,202333.0,2011,2010.0,12.0,1.0
hensojo01,203089.0,2013,2012.0,14.0,1.0
hensost01,1667.0,1991,1990.0,44.0,2.0
hepbuch01,,2026,,,
hernade01,1629608.0,2020,2019.0,59.0,2.0
hernaju01,1627823.0,2017,2016.0,15.0,1.0
hernawi01,1626195.0,2017,2015.0,35.0,2.0
herreca01,61.0,1992,1990.0,30.0,2.0
herrech01,1914.0,2000,1999.0,33.0,2.0
herrmwa01,200835.0,2007,,,
herroke01,77010.0,1979,1978.0,24.0,2.0
herroty01,1629639.0,2020,2019.0,13.0,1.0
herveke01,1628987.0,2020,2018.0,57.0,2.0
hezonma01,1626209.0,2016,2015.0,5.0,1.0
hibbero01,201579.0,2009,2008.0,17.0,1.0
hicksis01,1628439.0,2018,,,
hicksjj01,201581.0,2009,2008.0,19.0,1.0
hieldbu01,1627741.0,2017,2016.0,6.0,1.0
higgico01,202809.0,2012,,,
higgimi01,1848.0,1990,,,
higgiro01,77019.0,1983,1982.0,31.0,2.0
higgise01,925.0,1991,1990.0,54.0,2.0
higgske01,77021.0,1979,,,
highjo01,77022.0,1980,1979.0,24.0,2.0
highsha01,1629312.0,2019,,,
hilarne01,2403.0,2003,2002.0,7.0,1.0
hillar01,77024.0,1977,1976.0,9.0,1.0
hillge01,201588.0,2009,2008.0,26.0,1.0
hillgr01,255.0,1995,1994.0,3.0,1.0
hillida01,1626199.0,2016,2015.0,38.0,2.0
hilljo01,201941.0,2010,2009.0,8.0,1.0
hillma01,1630792.0,2022,,,
hillmda01,77028.0,1977,1971.0,8.0,1.0
hillso01,203524.0,2014,2013.0,23.0,1.0
hillst01,,2009,,,
hillty01,238.0,1991,1990.0,11.0,1.0
hinriki01,2550.0,2004,2003.0,7.0,1.0
hinsobl01,,2026,,,
hinsoro01,77030.0,1984,1983.0,20.0,1.0
hintona01,1630207.0,2021,,,
hitero01,,2007,,,
hoardja01,1629658.0,2020,,,
hobsoda01,,2012,,,
hodgecr01,77034.0,1983,1982.0,48.0,3.0
hodgedm01,,2024,,,
hodgedo01,1106.0,1992,1991.0,33.0,2.0
hodgeju01,101125.0,2006,2005.0,20.0,1.0
hoibefr01,697.0,1996,1995.0,52.0,2.0
holcora01,2450.0,2006,2002.0,56.0,2.0
holidaa01,1628988.0,2019,2018.0,23.0,1.0
holidjr01,201950.0,2010,2009.0,17.0,1.0
holidju01,203200.0,2013,,,
hollabr01,77040.0,1980,1979.0,14.0,1.0
hollajo02,204066.0,2018,,,
hollaro01,,2025,,,
hollili01,77043.0,1976,1975.0,6.0,1.0
holliro01,1626178.0,2016,2015.0,23.0,1.0
holliry01,200797.0,2007,2006.0,50.0,2.0
holmeda01,,2026,,,
holmeri01,1626158.0,2016,2015.0,37.0,2.0
holmgch01,1631096.0,2024,2022.0,2.0,1.0
holtomi01,77047.0,1985,1983.0,53.0,3.0
honeyje01,1532.0,1998,1997.0,38.0,2.0
honeyty01,202715.0,2012,2011.0,35.0,2.0
hoodde01,1967.0,2000,,,
hoodro01,203918.0,2015,2014.0,23.0,1.0
hoodsja01,1641720.0,2024,2023.0,17.0,1.0
hoppeda01,77053.0,1988,1986.0,65.0,3.0
hopsode01,77054.0,1988,1987.0,3.0,1.0
hopsosc01,203816.0,2014,,,
hordgce01,77056.0,1981,1979.0,49.0,3.0
horfoal01,201143.0,2008,2007.0,3.0,1.0
horfoti01,77057.0,1989,1988.0,39.0,2.0
hornaje01,204.0,1987,1986.0,46.0,2.0
hornede01,,2012,,,
horryro01,109.0,1993,1992.0,11.0,1.0
hortoed01,77060.0,1990,1989.0,39.0,2.0
hortota01,1629659.0,2020,2019.0,46.0,2.0
houseda01,1627863.0,2017,,,
houseed01,2067.0,2001,2000.0,37.0,2.0
houstal01,275.0,1994,1993.0,11.0,1.0
houstby01,780.0,1993,1992.0,27.0,1.0
houstca01,1631216.0,2023,2022.0,32.0,2.0
hovasto01,77064.0,1995,,,
howarbr01,77065.0,1992,,,
howardw01,2730.0,2005,2004.0,1.0,1.0
howarje01,1641724.0,2024,2023.0,11.0,1.0
howarjo01,2572.0,2004,2003.0,29.0,1.0
howarju01,436.0,1995,1994.0,5.0,1.0
howarma02,1630210.0,2021,,,
howarst01,1128.0,1993,,,
howarwi01,1629739.0,2020,,,
hubbaph01,77071.0,1980,1979.0,15.0,1.0
hudgitr01,1631309.0,2023,,,
hudsole01,201991.0,2010,2009.0,58.0,2.0
hudsotr01,1607.0,1998,,,
huertke01,1628989.0,2019,2018.0,19.0,1.0
huertma01,1626273.0,2016,,,
huestjo01,203962.0,2016,2014.0,29.0,1.0
huffja01,1630643.0,2022,,,
huffmna01,1572.0,2003,,,
hugheed01,77077.0,1988,1982.0,140.0,7.0
hugheel01,1630190.0,2021,2020.0,39.0,2.0
hugheki01,77078.0,1977,1974.0,45.0,3.0
hughela01,1716.0,1999,1998.0,8.0,1.0
hugheri01,77076.0,1986,1985.0,14.0,1.0
hugheri02,,2000,,,
hukpoar01,1630574.0,2025,2024.0,58.0,2.0
hummero01,203133.0,2014,2012.0,58.0,2.0
humphis01,1629353.0,2019,,,
humphja01,77081.0,1985,1984.0,13.0,1.0
humphkr01,2743.0,2005,2004.0,14.0,1.0
humphry01,2415.0,2003,2002.0,19.0,1.0
huntebr01,2599.0,2004,2003.0,56.0,2.0
huntece01,77083.0,1992,,,
huntech01,201805.0,2010,,,
huntede01,1629631.0,2020,2019.0,4.0,1.0
hunteli01,283.0,1994,1993.0,10.0,1.0
hunteot01,201629.0,2009,,,
hunterj01,1626154.0,2016,2015.0,28.0,1.0
huntest01,2212.0,2002,2001.0,15.0,1.0
huntevi01,,2018,,,
huntfe01,1630624.0,2022,,,
huntlcj01,,2026,,,
hurlebo01,310.0,1994,1993.0,7.0,1.0
hurtma01,,2024,,,
hustoge01,77087.0,1980,1979.0,50.0,3.0
hutchch01,1628990.0,2019,2018.0,22.0,1.0
hylanbo01,1630538.0,2022,2021.0,26.0,1.0
iavarma01,77092.0,1983,1978.0,55.0,3.0
ibakase01,201586.0,2010,2008.0,24.0,1.0
ighodos01,1642345.0,2025,2024.0,40.0,2.0
iguodan01,2738.0,2005,2004.0,9.0,1.0
ilgauzy01,980.0,1998,1996.0,20.0,1.0
ilicmi01,101148.0,2007,2005.0,43.0,2.0
ilyaser01,101141.0,2007,2005.0,36.0,2.0
inglejo01,204060.0,2015,,,
inglida01,203996.0,2016,2014.0,31.0,2.0
ingraan01,201281.0,2018,,,
ingrabr01,1627742.0,2017,2016.0,2.0,1.0
ingraha01,1631127.0,2025,2024.0,48.0,2.0
irvinby01,77096.0,1990,1989.0,22.0,1.0
irvinky01,202681.0,2012,2011.0,1.0,1.0
isaacjo01,1628371.0,2018,2017.0,6.0,1.0
isselda01,77097.0,1977,1970.0,122.0,8.0
iuzzomi01,77098.0,1992,1991.0,35.0,2.0
iversal01,947.0,1997,1996.0,1.0,1.0
iveyja01,1631093.0,2023,2022.0,5.0,1.0
iveyro01,2767.0,2005,2004.0,37.0,2.0
iwundwe01,1628411.0,2018,2017.0,33.0,2.0
jackja01,101127.0,2006,2005.0,22.0,1.0
jacksaa01,1628935.0,2018,,,
jacksan01,1641748.0,2024,2023.0,36.0,2.0
jacksbo01,1517.0,1998,1997.0,23.0,1.0
jacksce01,202132.0,2010,,,
jacksda01,201616.0,2009,2008.0,52.0,2.0
jacksde01,1627743.0,2017,2016.0,45.0,2.0
jacksfr01,1628402.0,2019,2017.0,31.0,2.0
jacksgg01,,2024,,,
jacksis01,1630543.0,2022,2021.0,22.0,1.0
jacksja01,1114.0,1990,,,
jacksja02,1628991.0,2019,2018.0,4.0,1.0
jacksje01,1983.0,2000,,,
jacksji01,754.0,1993,1992.0,4.0,1.0
jacksjo02,1628367.0,2018,2017.0,4.0,1.0
jacksju01,1628382.0,2018,2017.0,15.0,1.0
jackslu02,2739.0,2005,2004.0,10.0,1.0
jacksma01,349.0,1988,1987.0,18.0,1.0
jacksma02,1531.0,2001,1997.0,37.0,2.0
jacksmi02,77104.0,1988,1986.0,47.0,2.0
jacksmy01,77105.0,1987,1986.0,85.0,4.0
jacksph01,77106.0,1968,1967.0,17.0,2.0
jackspi01,,2017,,,
jacksqu01,1631245.0,2023,,,
jacksra01,77107.0,1985,1984.0,71.0,4.0
jacksra02,1872.0,1999,,,
jacksre01,202704.0,2012,2011.0,24.0,1.0
jacksst01,77109.0,1994,,,
jacksst02,1536.0,2001,1997.0,42.0,2.0
jacksto02,77100.0,1981,1980.0,87.0,4.0
jackstr01,77110.0,1982,1981.0,25.0,2.0
jackstr02,1631218.0,2024,2023.0,57.0,2.0
jacobca01,2418.0,2003,2002.0,22.0,1.0
jacobsa01,1734.0,1999,1998.0,26.0,1.0
jakucka01,,2026,,,
jamerda01,77114.0,1991,1990.0,15.0,1.0
jamesbe01,203108.0,2013,2012.0,33.0,2.0
jamesbr02,1642355.0,2025,2024.0,55.0,2.0
jamesda01,202345.0,2011,2010.0,24.0,1.0
jameshe01,1080.0,1991,,,
jamesje01,1744.0,1999,1998.0,36.0,2.0
jamesju01,,2020,,,
jamesle01,2544.0,2004,2003.0,1.0,1.0
jamesmi01,2229.0,2002,,,
jamesmi02,1628455.0,2018,,,
jamessi01,,2026,,,
jamesti01,1906.0,2000,1999.0,25.0,1.0
jamisan01,1712.0,1999,1998.0,4.0,1.0
jamisha01,1942.0,2000,,,
jaqueja01,1631170.0,2024,2023.0,18.0,1.0
jaricma01,2060.0,2003,2000.0,30.0,2.0
jarrede01,,2022,,,
jasiksa01,101180.0,2006,,,
jawaina01,201605.0,2009,2008.0,41.0,2.0
jeelaab01,77126.0,1980,,,
jeffeal01,2744.0,2005,2004.0,15.0,1.0
jeffeam01,1628518.0,2019,,,
jeffech01,2423.0,2003,2002.0,27.0,1.0
jeffeco01,203928.0,2015,2014.0,60.0,2.0
jeffedo01,200971.0,2009,,,
jeffeot01,201785.0,2010,,,
jefferi01,2210.0,2002,2001.0,13.0,1.0
jeffrda01,1629610.0,2020,,,
jeffrja01,2407.0,2003,2002.0,11.0,1.0
jemistr01,,2024,,,
jenkich01,202724.0,2012,2011.0,44.0,2.0
jenkida01,1642450.0,2025,,,
jenkiho01,2798.0,2005,,,
jenkijo01,203098.0,2013,2012.0,23.0,1.0
jennibr01,201943.0,2010,2009.0,10.0,1.0
jennike01,24.0,1993,,,
jentch01,1137.0,1994,,,
jepsele01,77129.0,1991,1990.0,28.0,2.0
jerebjo01,201973.0,2010,2009.0,39.0,2.0
jeromty01,1629660.0,2020,2019.0,24.0,1.0
jerregr01,203511.0,2015,2013.0,40.0,2.0
jetereu01,,2011,,,
jianlyi01,201146.0,2008,2007.0,6.0,1.0
joeis01,1630198.0,2021,2020.0,49.0,2.0
johnsaj01,1642358.0,2025,2024.0,23.0,1.0
johnsal01,200792.0,2007,2006.0,45.0,2.0
johnsal02,1628993.0,2019,2018.0,50.0,2.0
johnsam01,101161.0,2006,2005.0,56.0,2.0
johnsan02,1533.0,1998,1997.0,39.0,2.0
johnsar02,202356.0,2011,2010.0,34.0,2.0
johnsav01,422.0,1989,,,
johnsbj01,1629168.0,2019,,,
johnsbr01,2639.0,2004,,,
johnsbr02,1627744.0,2017,2016.0,25.0,1.0
johnsbu01,77130.0,1987,1986.0,20.0,1.0
johnsca01,,2012,,,
johnsca02,1629661.0,2020,2019.0,11.0,1.0
johnsch02,,1980,,,
johnsch03,202419.0,2011,,,
johnsch04,203187.0,2013,,,
johnsch06,,2026,,,
johnscl01,77136.0,1979,1978.0,44.0,2.0
johnscl02,77135.0,1982,1978.0,110.0,5.0
johnsda01,77138.0,1993,1992.0,26.0,1.0
johnsda02,683.0,1996,1987.0,58.0,3.0
johnsda03,,2013,,,
johnsda04,1626177.0,2018,2015.0,48.0,2.0
johnsda08,1630525.0,2022,2021.0,47.0,2.0
johnsde01,77141.0,1977,1976.0,29.0,2.0
johnsde02,,2000,,,
johnsde03,2035.0,2001,2000.0,6.0,1.0
johnsed02,77144.0,1978,1977.0,49.0,3.0
johnsed03,698.0,1982,1981.0,29.0,2.0
johnser01,77145.0,1990,,,
johnser02,911.0,1994,1993.0,23.0,1.0
johnsfr01,77146.0,1982,1981.0,11.0,1.0
johnsge02,77148.0,1979,1978.0,12.0,1.0
johnsge03,77148.0,1979,1978.0,12.0,1.0
johnsiv01,201274.0,2012,,,
johnsja01,201949.0,2010,2009.0,16.0,1.0
johnsja02,202707.0,2012,2011.0,27.0,1.0
johnsja05,1630552.0,2022,2021.0,20.0,1.0
johnsji01,77171.0,1983,1982.0,51.0,3.0
johnsjo01,77152.0,1971,1970.0,7.0,1.0
johnsjo02,2207.0,2002,2001.0,10.0,1.0
johnska01,77153.0,1988,1987.0,41.0,2.0
johnske01,77154.0,1986,1985.0,28.0,2.0
johnske02,134.0,1988,1987.0,7.0,1.0
johnske03,2256.0,2003,2001.0,48.0,2.0
johnske04,1629640.0,2020,2019.0,29.0,1.0
johnske07,1630553.0,2022,2021.0,21.0,1.0
johnske08,1641749.0,2024,2023.0,50.0,2.0
johnske10,1642352.0,2025,,,
johnsla02,913.0,1992,1991.0,1.0,1.0
johnsle01,77158.0,1981,1979.0,17.0,1.0
johnsli01,2669.0,2004,,,
johnsma01,77160.0,1978,1977.0,3.0,1.0
johnsma02,77142.0,1980,1979.0,1.0,1.0
johnsmi01,77168.0,1975,1974.0,56.0,4.0
johnsna01,77170.0,1990,1988.0,59.0,3.0
johnsni01,203910.0,2015,2014.0,42.0,2.0
johnsol01,77162.0,1973,1972.0,30.0,2.0
johnsom01,,2018,,,
johnsor01,203111.0,2013,2012.0,36.0,2.0
johnsre01,77163.0,1981,1980.0,15.0,1.0
johnsst02,77166.0,1987,1986.0,100.0,5.0
johnsst03,77134.0,1982,1981.0,7.0,1.0
johnsst04,1626169.0,2016,2015.0,8.0,1.0
johnstr01,201234.0,2009,,,
johnstr03,,2026,,,
johnsty01,204020.0,2015,,,
johnsvi01,77167.0,1980,1979.0,7.0,1.0
johnswe01,202325.0,2011,2010.0,4.0,1.0
jokicni01,203999.0,2016,2014.0,41.0,2.0
jonesal01,2264.0,2002,2001.0,56.0,2.0
jonesan01,77173.0,1987,1986.0,21.0,1.0
jonesas01,77174.0,1995,,,
jonesbi01,77180.0,1989,,,
jonesbo01,77193.0,1977,1974.0,5.0,1.0
jonesbo02,200784.0,2007,2006.0,37.0,2.0
jonesca01,77175.0,1977,1973.0,32.0,2.0
jonesca03,1630637.0,2022,,,
jonesch01,279.0,1984,1979.0,165.0,8.0
jonesch02,279.0,1984,1979.0,165.0,8.0
jonesch03,,1999,,,
jonesco02,1641732.0,2024,2023.0,34.0,2.0
jonescu01,,2026,,,
jonesda01,1800.0,1999,,,
jonesda02,2563.0,2004,2003.0,20.0,1.0
jonesda03,1627745.0,2017,2016.0,30.0,1.0
jonesda06,,2026,,,
jonesde01,203199.0,2013,,,
jonesde02,1627884.0,2017,,,
jonesdi01,1641794.0,2025,2024.0,26.0,1.0
jonesdo01,963.0,1998,1996.0,21.0,1.0
jonesdo02,202346.0,2011,2010.0,25.0,1.0
jonesdw01,77182.0,1974,1973.0,9.0,1.0
jonesdw02,101204.0,2006,,,
jonesea01,77183.0,1985,1984.0,23.0,1.0
jonesed01,77184.0,1981,1979.0,31.0,2.0
jonesed02,224.0,1995,1994.0,10.0,1.0
jonesfr01,2410.0,2003,2002.0,14.0,1.0
joneshe01,1630529.0,2022,2021.0,35.0,2.0
joneshu01,,1983,,,
jonesis01,1642403.0,2025,,,
jonesja02,2592.0,2004,2003.0,49.0,2.0
jonesja04,1627883.0,2018,,,
jonesje01,1629203.0,2019,,,
jonesju01,1908.0,2000,1999.0,27.0,1.0
joneska01,1630539.0,2022,2021.0,19.0,1.0
joneska03,,2026,,,
joneske01,203158.0,2013,,,
jonesma01,77189.0,1980,1976.0,20.0,2.0
jonesma02,,1984,,,
jonesma03,2891.0,2005,1983.0,82.0,4.0
jonesma05,1630222.0,2021,,,
jonesoz01,77191.0,1985,1984.0,90.0,4.0
jonespe01,,2013,,,
jonespo01,461.0,1994,1992.0,41.0,2.0
jonessh01,2652.0,1989,1988.0,27.0,2.0
jonesso01,200780.0,2007,2006.0,33.0,2.0
jonessp01,1642461.0,2025,,,
joneste01,203093.0,2013,2012.0,18.0,1.0
jonestr01,1630200.0,2021,2020.0,41.0,2.0
jonesty01,1626145.0,2016,2015.0,24.0,1.0
jordaad01,1817.0,1994,1993.0,42.0,2.0
jordade01,201599.0,2009,2008.0,35.0,2.0
jordaed01,77205.0,1978,1977.0,33.0,2.0
jordaje01,202366.0,2012,2010.0,44.0,2.0
jordami01,893.0,1985,1984.0,3.0,1.0
jordare01,674.0,1994,,,
jordath01,77208.0,1993,,,
jordawa01,77209.0,1981,1978.0,84.0,4.0
josepco01,202709.0,2012,2011.0,29.0,1.0
josepga01,,2001,,,
josepkr01,203126.0,2013,2012.0,51.0,2.0
josepyv01,77214.0,1986,1985.0,36.0,2.0
jovicni01,1631107.0,2023,2022.0,27.0,1.0
judkije01,77215.0,1979,1978.0,30.0,2.0
juzanjo01,1630548.0,2023,,,
kabenmf01,1629662.0,2020,2019.0,27.0,1.0
kalaige01,,2022,,,
kalkbry01,,2026,,,
kamanch01,2549.0,2004,2003.0,6.0,1.0
kaminfr01,1626163.0,2016,2015.0,9.0,1.0
kanteen01,202683.0,2012,2011.0,3.0,1.0
kaponja01,2574.0,2004,2003.0,31.0,2.0
karasse01,203508.0,2014,2013.0,19.0,1.0
karlco01,201207.0,2008,,,
kasunma01,2435.0,2005,2002.0,40.0,2.0
kaunsa01,201619.0,2016,2008.0,56.0,2.0
kawamyu01,1642530.0,2025,,,
keacl01,77229.0,1981,1980.0,169.0,8.0
keefead01,228.0,1993,1992.0,10.0,1.0
keeliha01,77233.0,1986,1985.0,63.0,3.0
keelstr01,1631211.0,2023,2022.0,42.0,2.0
kelleky01,1630283.0,2025,,,
kelleri01,77235.0,1976,1975.0,7.0,1.0
kellocl01,77236.0,1983,1982.0,8.0,1.0
kellymi02,,2026,,,
kellyry01,203527.0,2014,2013.0,48.0,2.0
kelsegr01,77239.0,1980,1979.0,4.0,1.0
kempsh01,431.0,1990,1989.0,17.0,1.0
kemptti01,1118.0,1987,1986.0,124.0,6.0
kennalu01,1628379.0,2018,2017.0,12.0,1.0
kennedj01,202810.0,2012,,,
kenonla01,77246.0,1977,1973.0,50.0,3.0
kentja01,,2026,,,
kernejo01,1801.0,1999,,,
kerrst01,70.0,1989,1988.0,50.0,2.0
kerseje01,760.0,1985,1984.0,46.0,2.0
kesslal01,77251.0,1991,1990.0,12.0,1.0
kesslwa01,1631117.0,2023,2022.0,22.0,1.0
ketnela01,1930.0,2000,1999.0,49.0,2.0
keybr01,1630296.0,2022,,,
keysra01,705.0,1989,1988.0,22.0,1.0
khryavi01,2751.0,2005,2004.0,22.0,1.0
kiddgmi01,203077.0,2013,2012.0,2.0,1.0
kiddja01,467.0,1995,1994.0,2.0,1.0
kiddst01,,2020,,,
kiddwa01,77254.0,1994,,,
kiffiir01,77255.0,1980,,,
kilpaca01,77258.0,1980,1978.0,158.0,8.0
kilpase01,203930.0,2015,,,
kimblbo01,77260.0,1991,1990.0,8.0,1.0
kimbrst01,77261.0,1990,,,
kinchch01,77262.0,1981,1980.0,22.0,1.0
kingal01,77263.0,1982,1981.0,10.0,1.0
kingbe01,77264.0,1978,1977.0,7.0,1.0
kingch01,12.0,1994,1992.0,45.0,2.0
kingfr01,701.0,1996,1995.0,37.0,2.0
kingge02,1562.0,1999,,,
kingge03,1628994.0,2019,2018.0,59.0,2.0
kingji02,728.0,1996,1995.0,35.0,2.0
kinglo02,1629663.0,2020,,,
kingre01,77273.0,1980,1979.0,18.0,1.0
kingri01,1101.0,1992,1991.0,14.0,1.0
kingst01,351.0,1990,1989.0,6.0,1.0
kinseta01,200814.0,2007,,,
kirilan01,1905.0,2002,1999.0,24.0,1.0
kirkal01,,2015,,,
kispeco01,1630557.0,2022,2021.0,15.0,1.0
kitchcu01,77280.0,1987,1986.0,122.0,6.0
kitegr01,1123.0,1984,1983.0,21.0,1.0
kittlke01,954.0,1997,1996.0,8.0,1.0
klebima01,1628467.0,2018,,,
kleinjo01,170.0,1986,1985.0,6.0,1.0
kleizli01,101132.0,2006,2005.0,27.0,1.0
klintbo01,1641752.0,2025,2024.0,37.0,2.0
knechda01,1642261.0,2025,2024.0,17.0,1.0
knighbi01,77290.0,1977,1974.0,21.0,2.0
knighbr01,1510.0,1998,1997.0,16.0,1.0
knighbr02,,2005,,,
knighbr03,202688.0,2012,2011.0,8.0,1.0
knighna01,1630233.0,2021,,,
knighne01,1861.0,1991,,,
knighto01,77289.0,1978,1977.0,32.0,2.0
knightr01,969.0,1997,1996.0,29.0,1.0
knoxke01,,2019,,,
knuepko01,,2026,,,
kofoeba01,77294.0,1988,1987.0,107.0,5.0
kolekty01,1642278.0,2025,2024.0,34.0,2.0
kolokch01,1631132.0,2023,2022.0,33.0,2.0
konanya01,,2026,,,
koncajo01,402.0,1986,1985.0,5.0,1.0
konchjo01,1629723.0,2020,,,
kopicjo01,77300.0,1983,1982.0,56.0,3.0
korkmfu01,1627788.0,2018,2016.0,26.0,1.0
kornefr01,77301.0,1990,1989.0,30.0,2.0
kornelu01,1628436.0,2018,,,
korolya01,101117.0,2006,2005.0,12.0,1.0
korveky01,2594.0,2004,2003.0,51.0,2.0
koufoko01,201585.0,2009,2008.0,23.0,1.0
kramear01,77306.0,1980,1979.0,45.0,3.0
kramejo01,77308.0,1979,1978.0,63.0,3.0
kravtvi01,203139.0,2013,,,
krejcvi01,1630249.0,2022,2020.0,37.0,2.0
kreklwa01,77312.0,1981,1979.0,53.0,3.0
krstine01,2420.0,2005,2002.0,24.0,1.0
krystla01,1474.0,1987,1986.0,28.0,2.0
kuczebr01,77318.0,1984,1983.0,59.0,3.0
kuestjo01,77320.0,1978,1977.0,53.0,3.0
kukocto01,389.0,1994,1990.0,29.0,2.0
kulboar01,1629083.0,2022,2018.0,55.0,2.0
kuminjo01,1630228.0,2022,2021.0,7.0,1.0
kunneke01,77323.0,1974,1973.0,12.0,1.0
kupchmi01,77324.0,1977,1976.0,13.0,1.0
kurucro01,1629066.0,2019,2018.0,40.0,2.0
kurzro01,201633.0,2009,,,
kutluib01,,2005,,,
kuzmaky01,1628398.0,2018,2017.0,27.0,1.0
kuzmimi01,1627851.0,2017,,,
kuzmiog01,203136.0,2014,2012.0,52.0,2.0
labissk01,1627746.0,2017,2016.0,28.0,1.0
laceysa01,77326.0,1971,1970.0,5.0,1.0
laettch01,363.0,1993,1992.0,3.0,1.0
lafayol01,201802.0,2010,,,
lafrera01,1711.0,1999,1998.0,3.0,1.0
lagarto01,77328.0,1978,1977.0,9.0,1.0
laimbbi01,100263.0,1981,1979.0,65.0,3.0
lamban01,1630237.0,2021,,,
lambdo01,203117.0,2013,2012.0,42.0,2.0
lambejo01,77331.0,1976,1975.0,15.0,1.0
lambje01,203087.0,2013,2012.0,12.0,1.0
lampema01,2573.0,2004,2003.0,30.0,2.0
lampje01,77332.0,1982,1981.0,15.0,1.0
lamplji01,77333.0,1987,1983.0,102.0,5.0
lamplse01,2253.0,2003,2001.0,44.0,2.0
landajo01,1629111.0,2022,,,
landrca01,201171.0,2008,2007.0,31.0,2.0
landrma01,,2010,,,
landsma01,77334.0,1978,1977.0,35.0,2.0
laneje01,77335.0,1989,1988.0,23.0,1.0
langan01,457.0,1989,1988.0,28.0,2.0
langan02,226.0,1995,1994.0,29.0,2.0
langdtr01,1892.0,2000,1999.0,11.0,1.0
langfke01,,2008,,,
langfro01,1629641.0,2020,2019.0,14.0,1.0
langhda01,2061.0,2001,2000.0,31.0,2.0
langja01,,2007,,,
laniebo01,600005.0,1971,1970.0,1.0,1.0
laniech01,,2026,,,
laproni01,,2017,,,
laravja01,1631222.0,2023,2022.0,19.0,1.0
larkish01,203499.0,2014,2013.0,18.0,1.0
larsspe01,1641796.0,2025,2024.0,44.0,2.0
larueru01,1601.0,1998,,,
lasmest01,201186.0,2008,2007.0,46.0,2.0
laudepr01,968.0,1997,1996.0,28.0,1.0
lauvejo01,203530.0,2015,2013.0,55.0,2.0
lavinza01,203897.0,2015,2014.0,13.0,1.0
lawac01,201151.0,2008,2007.0,11.0,1.0
lawalga01,202371.0,2011,2010.0,46.0,2.0
lawreed01,,1981,,,
lawsoaj01,1630639.0,2023,,,
lawsoja01,1535.0,1998,1997.0,41.0,2.0
lawsoty01,201951.0,2010,2009.0,18.0,1.0
lawvi01,1629724.0,2020,,,
laymaja01,1627774.0,2017,2016.0,47.0,2.0
leaftj01,1628388.0,2018,2017.0,18.0,1.0
leaveal01,77353.0,1980,1979.0,104.0,5.0
leboje01,77354.0,1990,,,
leckner01,287.0,1989,1988.0,17.0,1.0
lecquja01,1629665.0,2020,,,
ledori01,203495.0,2014,2013.0,43.0,2.0
leebu01,77356.0,1979,1978.0,10.0,1.0
leeco01,201584.0,2009,2008.0,22.0,1.0
leeda02,101135.0,2006,2005.0,30.0,1.0
leeda03,1627814.0,2018,,,
leedo01,77358.0,1992,1987.0,35.0,2.0
leeke01,77361.0,1986,1985.0,11.0,1.0
leeku01,77362.0,1991,,,
leema01,202723.0,2012,2011.0,43.0,2.0
leero01,77364.0,1977,1976.0,10.0,1.0
leero02,77363.0,1982,,,
leesa01,1630240.0,2021,2020.0,38.0,2.0
legleti01,100.0,1990,,,
lemonwa01,1627215.0,2018,,,
lenal01,203458.0,2014,2013.0,5.0,1.0
lenarvo01,702.0,1996,1994.0,46.0,2.0
leonaga01,77370.0,1990,1989.0,34.0,2.0
leonaka01,202695.0,2012,2011.0,15.0,1.0
leoname01,203086.0,2013,2012.0,11.0,1.0
leonsma01,1642502.0,2025,,,
lesji01,77372.0,1989,1986.0,70.0,3.0
leslitr01,202727.0,2012,2011.0,47.0,2.0
lestero01,77373.0,1981,1980.0,10.0,1.0
lettcl01,77374.0,1990,,,
leuerjo01,202720.0,2012,2011.0,40.0,2.0
leverca01,1627747.0,2017,2016.0,20.0,1.0
leverfa01,,1983,,,
levincl01,77377.0,1983,1982.0,9.0,1.0
lewisce01,736.0,1996,,,
lewiski01,1630184.0,2021,2020.0,13.0,1.0
lewisma01,729.0,1996,1995.0,50.0,2.0
lewisma05,1641721.0,2024,2023.0,40.0,2.0
lewisqu01,1900.0,2000,1999.0,19.0,1.0
lewisra01,77383.0,1988,1985.0,139.0,6.0
lewisra02,1740.0,1999,1998.0,32.0,2.0
lewisre01,77384.0,1988,1987.0,22.0,1.0
lewissc01,1630575.0,2022,2021.0,56.0,2.0
liberma01,77386.0,1991,1990.0,42.0,2.0
lichtto01,77387.0,1990,1989.0,15.0,1.0
liddeej01,1630604.0,2024,2022.0,41.0,2.0
liggide01,202732.0,2012,2011.0,53.0,2.0
lillada01,203081.0,2013,2012.0,6.0,1.0
lingest01,77389.0,1983,1981.0,44.0,2.0
linje01,202391.0,2011,,,
listeal01,175.0,1982,1981.0,21.0,1.0
littlna01,1629642.0,2020,2019.0,25.0,1.0
livelde01,1641726.0,2024,2023.0,12.0,1.0
liveris01,1630587.0,2022,2021.0,42.0,2.0
livinch01,1641753.0,2024,2023.0,58.0,2.0
livinra01,988.0,1997,1996.0,42.0,2.0
livinsh01,2733.0,2005,2004.0,4.0,1.0
llamaho01,1024.0,1997,,,
lloydle01,77395.0,1982,1981.0,76.0,4.0
lloydsc01,77396.0,1977,1976.0,24.0,2.0
lockhda01,77399.0,1984,1983.0,35.0,2.0
lockhia01,1100.0,1991,,,
lockro01,,1989,,,
loderke01,77401.0,1982,1981.0,17.0,1.0
loftoke01,1631254.0,2023,,,
loftoza01,,2019,,,
lohaubr01,38.0,1988,1987.0,45.0,2.0
longar01,1609.0,2001,,,
longgr01,3.0,1989,1988.0,33.0,2.0
longjo01,1381.0,1979,1978.0,29.0,2.0
longllu01,26.0,1992,1991.0,7.0,1.0
longsh01,1627848.0,2017,,,
looneke01,1626172.0,2016,2015.0,30.0,1.0
lopezbr01,201572.0,2009,2008.0,10.0,1.0
lopezfe01,1732.0,1999,1998.0,24.0,1.0
lopezra01,2221.0,2004,2001.0,24.0,1.0
lopezro01,201577.0,2009,2008.0,15.0,1.0
lorthry01,943.0,1995,,,
louzama01,1629712.0,2021,2019.0,35.0,2.0
loveca01,,2026,,,
loveke01,201567.0,2009,2008.0,5.0,1.0
loverla01,,2026,,,
lowesi01,77415.0,1984,1983.0,25.0,2.0
lowryky01,200768.0,2007,2006.0,24.0,1.0
loydjo01,1628070.0,2019,,,
lucasjo01,77419.0,1977,1976.0,1.0,1.0
lucasjo02,101249.0,2006,,,
lucaska01,203564.0,2015,,,
lucasma01,77420.0,1977,1974.0,14.0,1.0
luety01,1731.0,1999,1998.0,23.0,1.0
lundbga01,1630994.0,2022,,,
lundyse01,1641754.0,2024,2023.0,46.0,2.0
luwawti01,1627789.0,2017,2016.0,24.0,1.0
lydonty01,1628399.0,2018,2017.0,24.0,1.0
lylestr01,1626168.0,2016,2015.0,12.0,1.0
lynchge01,248.0,1994,1993.0,12.0,1.0
lynchke01,77426.0,1992,1991.0,28.0,2.0
maccuto01,1928.0,2000,1999.0,47.0,2.0
machasc01,203159.0,2013,,,
macijar01,101178.0,2006,,,
mackema01,1635.0,1994,1993.0,27.0,1.0
macklru01,77435.0,1982,1981.0,52.0,3.0
macklve01,202731.0,2012,2011.0,52.0,2.0
mackol01,77432.0,1980,1979.0,25.0,2.0
macksa01,694.0,1993,,,
macksh01,202714.0,2012,2011.0,34.0,2.0
macledo01,931.0,1993,1992.0,19.0,1.0
maconda01,1629133.0,2019,,,
maconma01,1855.0,1992,1991.0,8.0,1.0
macurjp01,1629122.0,2019,,,
macyky01,77438.0,1981,1979.0,22.0,1.0
maddoti01,2432.0,2003,2002.0,37.0,2.0
madkige01,1666.0,1994,,,
madsema01,2058.0,2001,2000.0,29.0,1.0
magetjo01,203705.0,2018,,,
maggeco01,1894.0,2000,1999.0,13.0,1.0
magleda01,77442.0,1983,1982.0,28.0,2.0
magloja01,2048.0,2001,2000.0,19.0,1.0
magnawi01,,2021,,,
mahinia01,101133.0,2008,2005.0,28.0,1.0
mahorri01,328.0,1981,1980.0,35.0,2.0
majerda01,105.0,1989,1988.0,14.0,1.0
majorre01,,2007,,,
makerth01,1627748.0,2017,2016.0,10.0,1.0
maledth01,1630177.0,2021,2020.0,34.0,2.0
malonje01,117.0,1984,1983.0,10.0,1.0
malonka01,252.0,1986,1985.0,13.0,1.0
malonma01,1074.0,1997,,,
malonmo01,77449.0,1977,,,
malovst01,77450.0,1980,1978.0,149.0,7.0
maluakh01,,2026,,,
mamuksa01,1630572.0,2022,2021.0,54.0,2.0
maneka01,,2021,,,
mannida01,330.0,1989,1988.0,1.0,1.0
mannini01,1630185.0,2021,2020.0,48.0,2.0
mannipa01,77456.0,1984,1983.0,43.0,2.0
manniri01,,1996,,,
mannte01,1629611.0,2020,2019.0,48.0,2.0
manntr01,1630544.0,2022,2021.0,18.0,1.0
manonch01,,2026,,,
maravpe01,77459.0,1971,1970.0,3.0,1.0
marblde01,203906.0,2015,2014.0,56.0,2.0
marblro01,77460.0,1990,1989.0,23.0,1.0
marbust01,950.0,1997,1996.0,4.0,1.0
marcisa01,36.0,1990,1987.0,127.0,6.0
mariosh01,1890.0,2000,1999.0,9.0,1.0
marjabo01,1626246.0,2016,,,
markkla01,1628374.0,2018,2017.0,7.0,1.0
markoda01,200806.0,2007,2006.0,59.0,2.0
marksse01,1752.0,1999,1998.0,44.0,2.0
marshdo01,923.0,1995,1994.0,4.0,1.0
marshdo02,681.0,1996,1995.0,39.0,2.0
marshke01,203088.0,2013,2012.0,13.0,1.0
marshna01,1630230.0,2021,,,
marshra01,101185.0,2006,,,
martial01,,2026,,,
martibi01,77481.0,1986,1985.0,26.0,2.0
martibo01,77478.0,1994,,,
martibr01,77469.0,1986,1984.0,185.0,9.0
martica01,201858.0,2009,,,
martica02,1628997.0,2020,,,
martico01,1628998.0,2020,2019.0,36.0,2.0
marticu01,733.0,1996,1995.0,57.0,2.0
martida01,239.0,1995,,,
martife01,77472.0,1987,1985.0,38.0,2.0
martija01,1626185.0,2016,2015.0,25.0,1.0
martija02,1641798.0,2025,,,
martije01,77474.0,1990,1989.0,31.0,2.0
martije02,1629725.0,2020,,,
martike01,2030.0,2001,2000.0,1.0,1.0
martike02,2755.0,2005,2004.0,26.0,1.0
martike03,1629103.0,2020,,,
martike04,1630231.0,2021,2020.0,52.0,2.0
martima01,,1987,,,
martity01,1631213.0,2023,2022.0,51.0,2.0
mashaja01,,2026,,,
mashbja01,469.0,1994,1993.0,4.0,1.0
masonan01,193.0,1990,1988.0,53.0,3.0
masonde01,2046.0,2001,2000.0,17.0,1.0
masonfr01,1628412.0,2018,2017.0,34.0,2.0
masonro01,,2003,,,
masseto01,763.0,1991,1990.0,43.0,2.0
matenya01,1628999.0,2019,,,
mathega01,1629726.0,2020,,,
mathida01,,2021,,,
mathima01,1628493.0,2018,,,
mathube01,1631097.0,2023,2022.0,6.0,1.0
matkoka01,1631255.0,2025,2022.0,52.0,2.0
matthwe01,77484.0,1981,1980.0,14.0,1.0
matthwe02,202083.0,2010,,,
maxeyma01,77486.0,1993,1992.0,28.0,2.0
maxeyty01,1630178.0,2021,2020.0,21.0,1.0
maxieja01,101131.0,2006,2005.0,26.0,1.0
maxwece01,77487.0,1978,1977.0,12.0,1.0
maxweve01,137.0,1989,1988.0,47.0,2.0
maybele01,195.0,1993,1992.0,23.0,1.0
mayesth01,77493.0,1992,,,
mayfibi01,77495.0,1981,,,
maynoer01,201953.0,2010,2009.0,20.0,1.0
mayooj01,201564.0,2009,2008.0,3.0,1.0
maysc01,77490.0,1977,1976.0,2.0,1.0
mayse01,101118.0,2006,2005.0,13.0,1.0
mayssk01,1630219.0,2021,2020.0,50.0,2.0
maystr01,77496.0,1991,1990.0,14.0,1.0
mbahalu01,201601.0,2009,2008.0,37.0,2.0
mbengbe01,,2026,,,
mbengdj01,2788.0,2005,,,
mcadobo01,77498.0,1973,1972.0,2.0,1.0
mcadoja01,203949.0,2015,,,
mcbrimi01,1630540.0,2022,2021.0,36.0,2.0
mccaija01,1642272.0,2025,2024.0,16.0,1.0
mccalra01,203492.0,2014,2013.0,36.0,2.0
mccalta01,,2019,,,
mccanbo01,737.0,1990,1987.0,32.0,2.0
mccanme01,77502.0,1990,,,
mccanra01,101119.0,2006,2005.0,14.0,1.0
mccaran01,77504.0,1977,1976.0,89.0,6.0
mccarke01,1820.0,1999,,,
mccarwa01,962.0,1997,1996.0,19.0,1.0
mccasam01,1043.0,1997,1996.0,49.0,2.0
mccawpa01,1627775.0,2017,2016.0,38.0,2.0
mccladw01,77509.0,1986,1985.0,27.0,2.0
mcclesh01,1627815.0,2017,,,
mcclida01,2082.0,2001,2000.0,53.0,2.0
mccloge01,45.0,1990,1989.0,7.0,1.0
mccluma01,1630644.0,2022,,,
mccolcj01,203468.0,2014,2013.0,10.0,1.0
mccontj01,204456.0,2016,,,
mccorke01,77515.0,1981,1979.0,198.0,10.0
mccorti01,77516.0,1985,1984.0,12.0,1.0
mccoyje01,1741.0,1999,1998.0,33.0,2.0
mccrach01,,2007,,,
mccraro01,1622.0,1984,1983.0,3.0,1.0
mccrasc01,77518.0,1984,1983.0,36.0,2.0
mccreer01,1628571.0,2018,,,
mcculch01,1626191.0,2016,2015.0,29.0,1.0
mcculjo01,77520.0,1982,1979.0,85.0,4.0
mcculke01,1641755.0,2025,2024.0,56.0,2.0
mcdancl01,723.0,1996,,,
mcdanja01,1629667.0,2020,2019.0,52.0,2.0
mcdanja02,1630183.0,2021,2020.0,28.0,1.0
mcdankj01,203909.0,2015,2014.0,32.0,2.0
mcdanxa01,1365.0,1986,1985.0,4.0,1.0
mcderdo01,203926.0,2015,2014.0,11.0,1.0
mcderse01,1630253.0,2021,,,
mcdonbe01,77524.0,1986,1984.0,50.0,3.0
mcdonmi01,,1998,,,
mcdowha01,77527.0,1982,1981.0,102.0,5.0
mcdyean01,686.0,1996,1995.0,2.0,1.0
mcelrji01,77528.0,1976,1975.0,38.0,3.0
mcfariv01,,2007,,,
mcgarmi01,203956.0,2015,2014.0,21.0,1.0
mcgeeja01,201580.0,2009,2008.0,18.0,1.0
mcgeemi01,77530.0,1982,1981.0,19.0,1.0
mcginge01,77532.0,1976,1973.0,22.0,2.0
mcgowbr01,1631121.0,2023,2022.0,40.0,2.0
mcgratr01,1503.0,1998,1997.0,9.0,1.0
mcgrica01,,2022,,,
mcgruro01,203585.0,2017,,,
mcguido01,201187.0,2008,2007.0,47.0,2.0
mchalke01,1450.0,1981,1980.0,3.0,1.0
mcilvji01,29.0,1995,1994.0,32.0,2.0
mcinnje01,976.0,1997,1996.0,37.0,2.0
mckenfo01,77542.0,1987,1986.0,48.0,3.0
mckenke01,77541.0,1982,1981.0,88.0,4.0
mckeyde01,365.0,1988,1987.0,9.0,1.0
mckieaa01,243.0,1995,1994.0,17.0,1.0
mckinal01,1628035.0,2018,,,
mckinbi01,77547.0,1979,1977.0,115.0,6.0
mckinca01,77545.0,1990,,,
mckintr01,,2018,,,
mclauja01,,2022,,,
mclaujo01,1629162.0,2020,,,
mclembe01,203463.0,2014,2013.0,7.0,1.0
mcleoke01,2693.0,2004,,,
mcleoro01,1728.0,1999,1998.0,20.0,1.0
mcmilna01,203.0,1987,1986.0,30.0,2.0
mcmilto01,77553.0,1976,1974.0,9.0,1.0
mcnamma01,77558.0,1983,1982.0,22.0,1.0
mcneach01,77560.0,1986,1983.0,38.0,2.0
mcneaje01,202077.0,2015,,,
mcneeli01,,2026,,,
mcphepa01,2101.0,2001,,,
mcqueco01,77565.0,1987,1985.0,91.0,4.0
mcraejo01,203895.0,2016,2014.0,58.0,2.0
mcrobjo01,201177.0,2008,2007.0,37.0,2.0
mcveija01,1629098.0,2025,,,
medvest01,,2001,,,
meeda01,1577.0,1994,1993.0,34.0,2.0
meeksjo01,201975.0,2010,2009.0,41.0,2.0
meentsc01,77571.0,1990,1986.0,74.0,4.0
mejrisa01,1626257.0,2016,,,
mekelga01,203539.0,2014,,,
mellini01,1629740.0,2020,,,
melofa01,203097.0,2013,2012.0,22.0,1.0
meltode01,1629001.0,2019,2018.0,46.0,2.0
mengejo01,77580.0,1972,1971.0,21.0,2.0
mensana01,,2024,,,
mensapo01,200822.0,2007,,,
mercero01,1500.0,1998,1997.0,6.0,1.0
meriwjo01,77582.0,1976,1975.0,11.0,1.0
merrisa01,1630241.0,2021,2020.0,60.0,2.0
metuch01,1629002.0,2019,2018.0,49.0,2.0
meyerda01,77586.0,1976,1975.0,2.0,1.0
meyerlo01,684.0,1996,1995.0,24.0,1.0
michela01,77588.0,1984,1983.0,29.0,2.0
micicva01,203995.0,2024,2014.0,52.0,2.0
mickejo01,1626175.0,2016,2015.0,33.0,2.0
middlkh01,203114.0,2013,2012.0,39.0,2.0
mihmch01,2036.0,2001,2000.0,7.0,1.0
mikaer01,,2020,,,
milesaa01,,2006,,,
milescj01,101139.0,2006,2005.0,34.0,2.0
milesda01,2032.0,2001,2000.0,3.0,1.0
milicda01,2545.0,2004,2003.0,2.0,1.0
milicma01,1527.0,1998,1997.0,33.0,2.0
millean01,292.0,1995,1994.0,39.0,2.0
millean02,1889.0,2000,1999.0,8.0,1.0
millebo01,77603.0,1984,1978.0,85.0,4.0
millebr01,1802.0,1999,,,
millebr02,1641706.0,2024,2023.0,2.0,1.0
milleda01,203121.0,2013,2012.0,46.0,2.0
milledi01,77602.0,1981,1980.0,40.0,2.0
milleem01,1641801.0,2025,,,
millejo02,1641757.0,2024,2023.0,48.0,2.0
millele01,1631159.0,2024,2023.0,33.0,2.0
millema01,1626259.0,2018,,,
millemi01,2034.0,2001,2000.0,5.0,1.0
milleol01,932.0,1993,1992.0,22.0,1.0
millequ01,203113.0,2013,2012.0,38.0,2.0
millere01,397.0,1988,1987.0,11.0,1.0
millsch01,168.0,1994,1993.0,22.0,1.0
millsel01,202407.0,2015,,,
millspa01,200794.0,2007,2006.0,47.0,2.0
millspa02,201988.0,2010,2009.0,55.0,2.0
millste01,371.0,1991,1990.0,16.0,1.0
miltosh01,1629003.0,2019,2018.0,54.0,2.0
minayju01,1631303.0,2023,,,
minerha01,114.0,1993,1992.0,12.0,1.0
mingya01,2397.0,2003,2002.0,1.0,1.0
minixri01,1642434.0,2025,,,
minnidi01,77609.0,1986,1983.0,33.0,2.0
minorgr01,65.0,1995,1994.0,25.0,1.0
minotjo01,1631169.0,2023,2022.0,45.0,2.0
mirotni01,202703.0,2015,2011.0,23.0,1.0
miskija01,,2000,,,
missiyv01,1642274.0,2025,2024.0,21.0,1.0
mitchaj01,1642349.0,2025,2024.0,38.0,2.0
mitchda01,1630558.0,2022,2021.0,9.0,1.0
mitchdo01,1628378.0,2018,2017.0,13.0,1.0
mitchmi01,77615.0,1979,1978.0,15.0,1.0
mitchsa01,417.0,1990,1985.0,54.0,3.0
mitchto01,77614.0,1989,1988.0,43.0,2.0
mitchto02,203502.0,2014,2013.0,37.0,2.0
mitchto03,203502.0,2014,2013.0,37.0,2.0
mitrona01,1628513.0,2018,,,
mixst01,77618.0,1970,1969.0,61.0,5.0
moblecu01,1749.0,1999,1998.0,41.0,2.0
mobleer01,211.0,1995,1994.0,18.0,1.0
mobleev01,1630596.0,2022,2021.0,3.0,1.0
mobleis01,1630600.0,2023,2022.0,49.0,2.0
mogbojo01,1642367.0,2025,2024.0,31.0,2.0
mohamna01,1737.0,1999,1998.0,29.0,1.0
moisoje01,2040.0,2001,2000.0,11.0,1.0
mokespa01,77623.0,1980,1979.0,42.0,2.0
mokokad01,1629690.0,2020,,,
moncrsi01,77626.0,1980,1979.0,5.0,1.0
monekch01,1631320.0,2023,,,
moneyer01,77627.0,1975,1974.0,33.0,2.0
moniase01,,2006,,,
monkma01,1628370.0,2018,2017.0,11.0,1.0
monroea01,600006.0,1968,1967.0,2.0,1.0
monrogr01,202328.0,2011,2010.0,7.0,1.0
monroro01,77628.0,1992,1991.0,30.0,2.0
montelu01,1626242.0,2016,,,
montrer01,376.0,1995,1994.0,9.0,1.0
moodymo01,1630541.0,2022,2021.0,14.0,1.0
moonema01,1629760.0,2020,,,
moonja01,200081.0,2008,,,
moonxa01,1629875.0,2022,,,
moorean01,77632.0,1988,1987.0,31.0,2.0
moorebe01,1628500.0,2018,,,
mooreet01,202734.0,2012,2011.0,55.0,2.0
moorejo01,77633.0,1981,1979.0,43.0,2.0
moorelo01,77635.0,1981,1980.0,52.0,3.0
mooremi01,1630.0,1999,,,
moorero01,77637.0,1988,1987.0,25.0,2.0
mooreta02,1631386.0,2024,,,
mooretr01,929.0,1992,,,
moorewe01,1631111.0,2023,2022.0,26.0,1.0
moralal01,,2026,,,
moranja01,1629630.0,2020,2019.0,2.0,1.0
moreler01,203961.0,2015,,,
morgagu01,77640.0,1983,1982.0,40.0,2.0
morgaju01,1629752.0,2020,,,
mornida01,77644.0,1994,1992.0,47.0,2.0
morriad01,200747.0,2007,2006.0,3.0,1.0
morrich01,356.0,1989,1988.0,4.0,1.0
morrida01,202721.0,2012,2011.0,41.0,2.0
morriis01,77647.0,1993,1992.0,37.0,2.0
morrija01,1628537.0,2018,,,
morrima02,202693.0,2012,2011.0,13.0,1.0
morrima03,,2012,,,
morrimi01,77649.0,1990,1989.0,51.0,2.0
morrimo01,1628420.0,2018,2017.0,51.0,2.0
morrira01,201043.0,2007,,,
morrite01,2242.0,2002,2001.0,33.0,2.0
morroan01,201627.0,2009,,,
mortodw01,132.0,1995,1994.0,45.0,2.0
mortojo01,1972.0,1990,1989.0,25.0,1.0
mortori01,77652.0,1989,,,
mosspe01,77654.0,1986,1982.0,69.0,3.0
motenla01,734.0,1996,1995.0,36.0,2.0
motiedo01,202700.0,2013,2011.0,20.0,1.0
motlejo01,1628405.0,2018,,,
mottoha01,2069.0,2001,2000.0,40.0,2.0
moultar01,203102.0,2013,2012.0,27.0,1.0
mournal01,297.0,1993,1992.0,2.0,1.0
mozgoti01,202389.0,2011,,,
mudiaem01,1626144.0,2016,2015.0,7.0,1.0
muhamsh01,203498.0,2014,2013.0,14.0,1.0
muldemy01,1628539.0,2020,,,
mulleby01,201957.0,2010,2009.0,24.0,1.0
mullich01,904.0,1986,1985.0,7.0,1.0
mundtto01,942.0,1996,,,
munfoxa02,204098.0,2016,,,
munkch01,77664.0,1991,,,
murdoer01,785.0,1992,1991.0,21.0,1.0
muresgh01,49.0,1994,1993.0,30.0,2.0
murkead01,,2022,,,
murphca01,77669.0,1971,1970.0,18.0,2.0
murpher01,203513.0,2014,2013.0,49.0,2.0
murphja01,77670.0,1985,1984.0,31.0,2.0
murphke01,203122.0,2013,2012.0,47.0,2.0
murphro01,77673.0,1988,1987.0,17.0,1.0
murphto01,77674.0,1988,1986.0,53.0,3.0
murphtr01,2211.0,2002,2001.0,14.0,1.0
murphtr02,1630530.0,2022,2021.0,17.0,1.0
murraco01,,2026,,,
murrade01,1627749.0,2017,2016.0,29.0,1.0
murraja01,1627750.0,2017,2016.0,7.0,1.0
murrake02,1631099.0,2023,2022.0,4.0,1.0
murrakr01,1631200.0,2024,2023.0,23.0,1.0
murrala01,441.0,1995,1994.0,7.0,1.0
murraro01,,2003,,,
murratr01,145.0,1993,1992.0,18.0,1.0
murryto01,203315.0,2014,,,
musadz01,1629058.0,2019,2018.0,29.0,1.0
muscami01,203488.0,2014,2013.0,44.0,2.0
mustaje01,1054.0,1991,1990.0,17.0,1.0
mutomdi01,87.0,1992,1991.0,4.0,1.0
muursma01,982.0,1997,1996.0,25.0,1.0
myerspe01,939.0,1987,1986.0,120.0,6.0
mykhasv01,1629004.0,2019,2018.0,47.0,2.0
nachbbo01,2411.0,2003,2002.0,15.0,1.0
naderab01,1627846.0,2018,2016.0,58.0,2.0
nailole01,1924.0,2001,1999.0,43.0,2.0
najered01,2059.0,2001,2000.0,38.0,2.0
nancela01,77685.0,1982,1981.0,20.0,1.0
nancela02,1626204.0,2016,2015.0,27.0,1.0
nancepe01,1631250.0,2024,,,
napiesh01,203894.0,2015,2014.0,24.0,1.0
nashst01,959.0,1997,1996.0,15.0,1.0
natersw01,77689.0,1977,1973.0,16.0,1.0
nathaho01,77690.0,1996,,,
nattca01,77691.0,1980,1979.0,8.0,1.0
nattke01,77692.0,1981,1980.0,30.0,2.0
navarju01,2434.0,2008,2002.0,39.0,2.0
ndiayha01,202380.0,2011,2010.0,56.0,2.0
ndiayma01,1823.0,1999,,,
ndiayma02,2055.0,2001,2000.0,26.0,1.0
ndongbo01,,2006,,,
ndourma01,1626254.0,2017,,,
nealcr01,77694.0,1989,1988.0,71.0,3.0
nealga01,202390.0,2011,,,
nealyed01,77697.0,1983,1982.0,166.0,8.0
nedovne01,203517.0,2014,2013.0,30.0,1.0
nelsode01,201634.0,2009,,,
nelsogr02,,2026,,,
nelsoja01,2749.0,2005,2004.0,20.0,1.0
nembhan01,1629614.0,2023,2022.0,31.0,2.0
nembhrj01,,2022,,,
nembhru01,,1997,,,
nembhry01,,2026,,,
nesbyty01,1838.0,1999,,,
nesmiaa01,1630174.0,2021,2020.0,14.0,1.0
nesslma01,77704.0,1988,1987.0,116.0,6.0
nestera01,1725.0,1999,1998.0,17.0,1.0
netora01,203526.0,2016,2013.0,47.0,2.0
nevitch01,77707.0,1983,1982.0,63.0,3.0
newbeme01,1116.0,1993,,,
newbiiv01,1096.0,1995,,,
newblir01,1956.0,2001,,,
newelas01,,2026,,,
newlimi01,77710.0,1972,1971.0,24.0,2.0
newmajo01,271.0,1987,1986.0,29.0,2.0
newmama01,,2020,,,
newtotr01,1641803.0,2025,2024.0,49.0,2.0
nfalyda01,1642368.0,2025,,,
niangge01,1627777.0,2017,2016.0,50.0,2.0
nichoan01,203094.0,2013,2012.0,19.0,1.0
nichode01,201193.0,2008,2007.0,53.0,2.0
nickega01,,1997,,,
nicksca01,77715.0,1981,1980.0,23.0,1.0
nilesmi01,77718.0,1981,1979.0,83.0,4.0
nimphku01,77719.0,1982,1980.0,47.0,3.0
nixda01,1630227.0,2022,,,
nixdy01,77720.0,1990,1989.0,29.0,2.0
nixonno01,77721.0,1978,1977.0,22.0,1.0
nnajize01,1630192.0,2021,2020.0,22.0,1.0
noahjo01,201149.0,2008,2007.0,9.0,1.0
nocioan01,2804.0,2005,,,
noelda01,200786.0,2007,2006.0,39.0,2.0
noelne01,203457.0,2015,2013.0,6.0,1.0
noguelu01,203512.0,2015,2013.0,16.0,1.0
nordgje01,,1998,,,
normake01,80.0,1988,1987.0,19.0,1.0
norriau01,77731.0,1983,1982.0,37.0,2.0
norrimi01,1641936.0,2025,,,
norrimo01,983.0,1997,1996.0,33.0,2.0
norrisy01,77732.0,1980,1979.0,63.0,3.0
norveza01,,2020,,,
novakst01,200779.0,2007,2006.0,32.0,2.0
nowelja01,1629669.0,2020,2019.0,43.0,2.0
nowelma01,,2024,,,
nowitdi01,1717.0,1999,1998.0,9.0,1.0
ntilila01,1628373.0,2018,2017.0,8.0,1.0
nunnaja01,203263.0,2014,,,
nunnke01,1629134.0,2020,,,
nurkiju01,203994.0,2015,2014.0,16.0,1.0
nuttde01,77738.0,1987,,,
nwabada01,1628021.0,2017,,,
nworajo01,1629670.0,2021,2020.0,45.0,2.0
nwosuju01,1022.0,1995,,,
oaklech01,891.0,1986,1985.0,9.0,1.0
obannch01,1525.0,1998,1997.0,31.0,2.0
obanned01,709.0,1996,1995.0,9.0,1.0
obertfa01,101177.0,2006,,,
obriejj01,,2016,,,
obryajo01,,2015,,,
obryapa01,200753.0,2007,2006.0,9.0,1.0
ochefda01,1627849.0,2017,,,
odengr01,201141.0,2009,2007.0,1.0,1.0
odomla01,1885.0,2000,1999.0,4.0,1.0
odurojo01,,2026,,,
oggal01,1628.0,1991,,,
ohlbrti01,203317.0,2013,,,
ojelese01,1628400.0,2018,2017.0,37.0,2.0
okafoem01,2731.0,2005,2004.0,2.0,1.0
okafoja01,1626143.0,2016,2015.0,3.0,1.0
okanito01,,2026,,,
okekech01,1629643.0,2021,2019.0,16.0,1.0
okoboel01,1629059.0,2019,2018.0,31.0,2.0
okogijo01,1629006.0,2019,2018.0,20.0,1.0
okongon01,1630168.0,2021,2020.0,6.0,1.0
okoremi01,77754.0,1981,1980.0,6.0,1.0
okorois01,1630171.0,2021,2020.0,5.0,1.0
okpalkz01,1629644.0,2020,2019.0,32.0,2.0
okurme01,2246.0,2003,2001.0,37.0,2.0
oladivi01,203506.0,2014,2013.0,2.0,1.0
olajuha01,165.0,1985,1984.0,1.0,1.0
olberma01,77756.0,1977,,,
olbrila01,,2026,,,
oldhaja01,77757.0,1981,1980.0,41.0,2.0
olivaqu01,1642439.0,2025,,,
olivebr01,1680.0,1991,1990.0,32.0,2.0
oliveca01,,2021,,,
olivede01,2352.0,2002,,,
oliveji01,1429.0,1992,1991.0,39.0,2.0
olivejo01,77760.0,1979,1977.0,168.0,8.0
ollieke01,1563.0,1998,,,
olowomi01,1709.0,1999,1998.0,1.0,1.0
olynyke01,203482.0,2014,2013.0,13.0,1.0
omierno01,,2026,,,
omorueu01,1630647.0,2022,,,
onealje01,979.0,1997,1996.0,17.0,1.0
onealro01,1626220.0,2018,,,
onealsh01,406.0,1993,1992.0,1.0,1.0
onimi01,1629671.0,2020,2019.0,58.0,2.0
onuakar01,202620.0,2014,,,
onuakch01,1627778.0,2017,2016.0,37.0,2.0
oquinky01,203124.0,2013,2012.0,49.0,2.0
orrlo01,77770.0,1981,1980.0,29.0,2.0
ortizjo01,77771.0,1989,1987.0,15.0,1.0
ortonda01,202350.0,2012,2010.0,29.0,1.0
osmande01,1626224.0,2018,2015.0,31.0,2.0
ostergr01,731.0,1996,1995.0,28.0,1.0
osullda01,77776.0,1991,,,
othicma01,77777.0,1993,,,
oturuda01,1630187.0,2021,2020.0,33.0,2.0
oubreke01,1626162.0,2016,2015.0,15.0,1.0
outlabo01,448.0,1994,,,
outlatr01,2566.0,2004,2003.0,23.0,1.0
overtdo01,77.0,1993,1991.0,40.0,2.0
owensan01,101261.0,2006,,,
owensbi01,182.0,1992,1991.0,3.0,1.0
owensch01,2442.0,2003,2002.0,47.0,2.0
owenske01,77785.0,1992,,,
owensla01,202082.0,2011,,,
owensta01,1629745.0,2020,,,
owensto01,77786.0,1977,1971.0,58.0,4.0
owesra01,1077.0,1997,,,
oyedeol01,2071.0,2001,2000.0,42.0,2.0
pachuza01,2585.0,2004,2003.0,42.0,2.0
packro01,123.0,1992,,,
paddige01,77789.0,1991,1988.0,74.0,3.0
padgesc01,1909.0,2000,1999.0,28.0,1.0
paigeja01,,2022,,,
paigema01,1627779.0,2018,2016.0,55.0,2.0
palacmi01,1960.0,2000,,,
palmetr01,,2022,,,
palmewa01,77794.0,1991,1990.0,33.0,2.0
pangoke01,,2022,,,
pankoan01,,2001,,,
papagge01,1627834.0,2017,2016.0,13.0,1.0
papanko01,203123.0,2015,2012.0,48.0,2.0
pargoja01,2457.0,2003,,,
pargoje01,202951.0,2012,,,
parisro01,305.0,1977,1976.0,8.0,1.0
parkean01,1515.0,1998,1997.0,21.0,1.0
parkeja01,203953.0,2015,2014.0,2.0,1.0
parkesm01,2470.0,2003,,,
parkeso01,77800.0,1977,1976.0,17.0,1.0
parketo01,2225.0,2002,2001.0,28.0,1.0
parksch02,685.0,1996,1995.0,12.0,1.0
parsoch01,202718.0,2012,2011.0,38.0,2.0
pascher01,1629672.0,2020,2019.0,41.0,2.0
pasecan01,1628394.0,2020,2017.0,25.0,1.0
paspaza01,1097.0,1990,,,
patrimy01,77808.0,1981,,,
pattean01,1754.0,1999,1998.0,46.0,2.0
pattela01,203934.0,2016,2014.0,48.0,2.0
pattepa01,202335.0,2011,2010.0,14.0,1.0
patteru01,1739.0,1999,1998.0,31.0,2.0
pattoju01,1628383.0,2018,2017.0,16.0,1.0
paulbr01,203464.0,2018,,,
paulch01,101108.0,2006,2005.0,4.0,1.0
paultbi01,77817.0,1977,1970.0,103.0,7.0
pavloal01,2562.0,2004,2003.0,19.0,1.0
paxsoji02,77819.0,1980,1979.0,12.0,1.0
paxsojo01,77820.0,1984,1983.0,19.0,1.0
paynead01,203940.0,2015,2014.0,15.0,1.0
payneca01,1626166.0,2016,2015.0,14.0,1.0
payneke01,77822.0,1990,1989.0,19.0,1.0
paytoel01,203901.0,2015,2014.0,10.0,1.0
paytoga01,56.0,1991,1990.0,2.0,1.0
paytoga02,1627780.0,2017,,,
peavymi01,,2026,,,
pecheol01,200762.0,2008,2006.0,18.0,1.0
peckwi01,77827.0,1980,1979.0,19.0,1.0
pedulse01,,2026,,,
peelean01,324.0,1993,1992.0,15.0,1.0
pekovni01,201593.0,2011,2008.0,31.0,2.0
pelleno01,203658.0,2020,,,
pellosa01,77829.0,1980,,,
penbemi01,,2001,,,
pendano01,,2026,,,
pendeje02,201965.0,2010,2009.0,31.0,2.0
penigde01,,2004,,,
penneki01,,2004,,,
peplomi01,46.0,1994,1993.0,52.0,2.0
perduwi01,781.0,1989,1988.0,11.0,1.0
pereima01,,2024,,,
perkike01,2570.0,2004,2003.0,27.0,1.0
perkisa01,64.0,1985,1984.0,4.0,1.0
perovko01,200785.0,2008,2006.0,38.0,2.0
perralo01,,2018,,,
perryel01,386.0,1992,1991.0,37.0,2.0
perryre01,1629617.0,2021,2020.0,57.0,2.0
perryti01,897.0,1989,1988.0,7.0,1.0
persoch01,456.0,1987,1986.0,4.0,1.0
persowe01,445.0,1995,1994.0,23.0,1.0
peteral01,1628409.0,2018,2017.0,54.0,2.0
peterdr01,1641809.0,2024,,,
peterji01,77839.0,1985,1984.0,51.0,3.0
petermo01,2050.0,2001,2000.0,21.0,1.0
peterta01,,2026,,,
petrodr01,77845.0,1990,1986.0,60.0,3.0
petrojo01,101130.0,2006,2005.0,25.0,1.0
petrufi01,,2024,,,
petruri01,77846.0,1994,1993.0,46.0,2.0
pheglro01,77848.0,1979,1978.0,14.0,1.0
phelpde01,74.0,1995,,,
phelpmi01,,1986,,,
phillbo01,184.0,1992,1991.0,45.0,2.0
philled01,77854.0,1983,1982.0,21.0,1.0
phillju01,1641763.0,2024,2023.0,35.0,2.0
piatker01,15.0,1995,1994.0,15.0,1.0
pickeja01,1630691.0,2022,,,
pickeja02,1629618.0,2024,2023.0,32.0,2.0
piercpa01,1718.0,1999,1998.0,10.0,1.0
piercri01,894.0,1983,1982.0,18.0,1.0
pietkst01,77858.0,1979,1978.0,133.0,7.0
pietrmi01,2554.0,2004,2003.0,11.0,1.0
pincked01,291.0,1986,1985.0,10.0,1.0
pinknke01,,2007,,,
pinonjo01,77861.0,1984,1983.0,58.0,3.0
pinsoth01,1629033.0,2019,,,
piotrto01,77863.0,1984,1983.0,62.0,3.0
pippesc01,937.0,1988,1987.0,5.0,1.0
pippesc02,1630590.0,2023,,,
pittmch01,,1983,,,
pittmde01,202354.0,2011,2010.0,32.0,2.0
planizo01,2565.0,2004,2003.0,22.0,1.0
pleisti01,202353.0,2016,2010.0,31.0,2.0
plowdda01,1631342.0,2025,,,
plumlma01,203486.0,2014,2013.0,22.0,1.0
plumlma02,1627850.0,2017,,,
plumlmi01,203101.0,2013,2012.0,26.0,1.0
plummga01,77865.0,1985,1984.0,45.0,2.0
podkopa01,,2005,,,
podzibr01,1641764.0,2024,2023.0,19.0,1.0
poeltja01,1627751.0,2017,2016.0,9.0,1.0
poirivi01,1629738.0,2020,,,
pokusal01,1630197.0,2021,2020.0,17.0,1.0
poleedw01,77866.0,1987,1986.0,54.0,3.0
pollasc01,1513.0,1998,1997.0,19.0,1.0
polynol01,178.0,1988,1987.0,8.0,1.0
pondequ01,202347.0,2011,2010.0,26.0,1.0
pondssh01,,2020,,,
ponsyv01,1630582.0,2022,,,
poolejo01,1629673.0,2020,2019.0,28.0,1.0
popeda01,77870.0,1985,1984.0,62.0,3.0
popema01,998.0,1998,1996.0,52.0,2.0
popsoda01,77872.0,1989,1987.0,88.0,4.0
poquebe01,77873.0,1978,1977.0,36.0,2.0
portech01,2084.0,2001,2000.0,55.0,2.0
portecr01,1641854.0,2024,,,
portejo01,1629007.0,2021,,,
porteke01,77876.0,1973,1972.0,39.0,3.0
porteke02,1629645.0,2020,2019.0,30.0,1.0
portemi01,1629008.0,2020,2018.0,14.0,1.0
porteot01,203490.0,2014,2013.0,3.0,1.0
portete01,345.0,1986,1985.0,24.0,1.0
portibo01,1626171.0,2016,2015.0,22.0,1.0
porzikr01,204001.0,2016,2015.0,4.0,1.0
poseyja01,1899.0,2000,1999.0,18.0,1.0
postela01,2068.0,2001,2000.0,39.0,2.0
postqu01,1642366.0,2025,2024.0,52.0,2.0
potapvi01,958.0,1997,1996.0,12.0,1.0
pottemi01,1630695.0,2022,,,
poulajo01,,2026,,,
poweldr01,,2026,,,
poweldw01,203939.0,2015,2014.0,45.0,2.0
powele01,200796.0,2007,2006.0,49.0,2.0
poweljo01,2694.0,2006,,,
powelka01,2867.0,2008,,,
powelmy01,1629619.0,2022,,,
powelno01,1626181.0,2016,2015.0,46.0,2.0
powelro01,,2007,,,
poythal01,1627816.0,2017,,,
pressdo01,77880.0,1989,1986.0,99.0,5.0
pressha01,77881.0,1987,1986.0,17.0,1.0
presspa01,77879.0,1983,1982.0,20.0,1.0
pressph01,203515.0,2014,,,
prestja01,1630554.0,2023,2021.0,33.0,2.0
priceaj01,201985.0,2010,2009.0,52.0,2.0
pricebr01,85.0,1993,1992.0,32.0,2.0
pricema01,899.0,1987,1986.0,25.0,2.0
pricero01,101179.0,2006,,,
priceto01,77882.0,1981,1979.0,29.0,2.0
prigipa01,203143.0,2013,,,
primojo01,1630563.0,2022,2021.0,12.0,1.0
princta01,2419.0,2003,2002.0,23.0,1.0
princta02,1627752.0,2017,2016.0,12.0,1.0
pritcke01,340.0,1991,1990.0,34.0,2.0
pritcpa01,1630202.0,2021,2020.0,26.0,1.0
proctty01,,2026,,,
profila01,1919.0,2000,1999.0,38.0,2.0
prospol01,1641765.0,2024,2023.0,24.0,1.0
pruitga01,201172.0,2008,2007.0,32.0,2.0
przybjo01,2038.0,2001,2000.0,9.0,1.0
pullaan01,77890.0,1993,,,
pulleja01,,2018,,,
pullizy01,1642389.0,2025,,,
purviro01,1628681.0,2018,,,
qizh01,1627753.0,2018,2016.0,43.0,2.0
quartti01,1627817.0,2017,,,
queende01,,2026,,,
queentr01,1630243.0,2022,,,
quetane01,1629674.0,2022,2021.0,39.0,2.0
quickim01,1630193.0,2021,2020.0,25.0,1.0
quinnbr01,77893.0,1990,1989.0,50.0,2.0
quinnch01,200809.0,2007,,,
quinole01,1631311.0,2023,,,
rabbiv01,1628397.0,2018,2017.0,35.0,2.0
radfoma01,77896.0,1982,1981.0,53.0,3.0
radjadi01,129.0,1994,1989.0,40.0,2.0
radmavl01,2209.0,2002,2001.0,12.0,1.0
radojal01,,2000,,,
radulmi01,203545.0,2014,,,
rainsed01,77904.0,1982,1981.0,30.0,2.0
rakocig01,2080.0,2003,2000.0,51.0,2.0
rambiku01,77905.0,1982,1980.0,58.0,3.0
ramospe01,,2005,,,
ramseja01,1630186.0,2021,2020.0,43.0,2.0
randama01,1821.0,1992,1991.0,26.0,1.0
randlch01,1626184.0,2017,,,
randlju01,203944.0,2015,2014.0,7.0,1.0
randoan01,201576.0,2009,2008.0,14.0,1.0
randosh01,101183.0,2006,,,
randoza01,2216.0,2002,2001.0,19.0,1.0
rankwa01,77910.0,1981,1980.0,99.0,5.0
ranseke01,77911.0,1981,1980.0,4.0,1.0
rasmubl01,78656.0,1986,1985.0,15.0,1.0
rathaxa01,,2018,,,
ratlith01,689.0,1996,1995.0,18.0,1.0
rautian01,202360.0,2011,2010.0,38.0,2.0
rautile01,77916.0,1984,1983.0,17.0,1.0
rayal01,200810.0,2007,,,
raycl01,77917.0,1972,1971.0,40.0,3.0
rayja01,,1981,,,
raynama01,,2026,,,
reathdu01,1641871.0,2024,,,
reaveau01,1630559.0,2022,,,
reavejo02,1629729.0,2020,,,
rebraze01,1442.0,2002,1994.0,54.0,2.0
recasel01,695.0,1995,,,
reddica01,1629629.0,2020,2019.0,10.0,1.0
reddmi01,2072.0,2001,2000.0,43.0,2.0
redicjj01,200755.0,2007,2006.0,11.0,1.0
redmoma01,77926.0,1979,1977.0,60.0,3.0
reedda01,1628432.0,2018,2017.0,32.0,2.0
reedju01,2770.0,2005,2004.0,40.0,2.0
reedpa01,1630194.0,2021,2020.0,58.0,2.0
reedwi02,203186.0,2016,,,
reeseal01,1642024.0,2025,,,
reeseju01,,2026,,,
reevean01,1641810.0,2025,2024.0,47.0,2.0
reevebr01,735.0,1996,1995.0,6.0,1.0
reevekh01,234.0,1995,1994.0,12.0,1.0
reidbi01,77937.0,1981,1980.0,182.0,9.0
reiddo01,690.0,1996,1995.0,58.0,2.0
reidjr01,462.0,1990,1989.0,5.0,1.0
reidna01,1629675.0,2020,,,
reidro01,77936.0,1978,1977.0,40.0,2.0
reidry01,,2012,,,
reineja01,2876.0,2005,,,
rellfri01,77939.0,1988,1986.0,95.0,5.0
renchte01,,1996,,,
rentzef01,981.0,2003,1996.0,23.0,1.0
respesh01,704.0,1996,1995.0,8.0,1.0
restake01,77944.0,1975,1974.0,39.0,3.0
reynoca01,,2019,,,
reynoje01,77946.0,1986,1985.0,22.0,1.0
rhodeja01,1631197.0,2023,,,
rhodero01,1518.0,1998,1997.0,24.0,1.0
ricegl01,779.0,1990,1989.0,4.0,1.0
ricegl02,,2014,,,
richach01,201181.0,2008,2007.0,41.0,2.0
richacl01,77950.0,1980,1979.0,36.0,2.0
richaja01,2202.0,2002,2001.0,5.0,1.0
richaja02,,2026,,,
richaje01,200978.0,2007,,,
richajo01,1626196.0,2016,2015.0,40.0,2.0
richama01,1627781.0,2017,2016.0,22.0,1.0
richami01,,1979,,,
richani01,1630208.0,2021,2020.0,42.0,2.0
richano01,,2002,,,
richapo01,71.0,1990,1989.0,10.0,1.0
richaqu01,2047.0,2001,2000.0,18.0,1.0
richawi02,,2026,,,
richmka01,,2026,,,
richmmi01,782.0,1989,1988.0,5.0,1.0
rideris01,375.0,1994,1993.0,5.0,1.0
ridnolu01,2557.0,2004,2003.0,14.0,1.0
rigauan01,,2003,,,
rileyer01,35.0,1994,1993.0,33.0,2.0
rileywi01,,2026,,,
rillegr01,1630203.0,2021,2020.0,56.0,2.0
risacza01,1642258.0,2025,2024.0,1.0,1.0
rivasra01,77969.0,1989,,,
riverau01,203085.0,2013,2012.0,10.0,1.0
riverda01,77970.0,1989,1988.0,25.0,1.0
riverdo01,470.0,1984,1983.0,31.0,2.0
robbili01,1641857.0,2025,,,
roberal01,926.0,1985,1984.0,7.0,1.0
roberan01,77975.0,1978,1977.0,21.0,1.0
roberan02,101194.0,2006,,,
roberan03,203460.0,2014,2013.0,26.0,1.0
roberbr01,203148.0,2013,,,
roberfr01,122.0,1984,1982.0,27.0,2.0
roberla01,101160.0,2006,2005.0,55.0,2.0
roberry01,,2000,,,
roberst01,914.0,1992,1991.0,23.0,1.0
roberte01,,2001,,,
robeyri01,77984.0,1979,1978.0,3.0,1.0
robinbe01,2774.0,2005,2004.0,45.0,2.0
robinbi01,77997.0,1976,1975.0,10.0,1.0
robinch01,997.0,1997,1996.0,51.0,2.0
robincl01,,1980,,,
robincl02,361.0,1990,1989.0,36.0,2.0
robinda01,764.0,1990,1987.0,1.0,1.0
robinde01,1628421.0,2018,,,
robindu01,1629130.0,2019,,,
robined01,1944.0,2000,,,
robingl01,299.0,1995,1994.0,1.0,1.0
robingl02,203922.0,2015,2014.0,40.0,2.0
robinja01,77989.0,1979,1978.0,67.0,4.0
robinja02,381.0,1994,1993.0,21.0,1.0
robinja03,,2001,,,
robinje01,1629010.0,2019,2018.0,13.0,1.0
robinje02,1630526.0,2022,2021.0,32.0,2.0
robinju01,,2020,,,
robinla01,1683.0,1991,,,
robinmi01,1629011.0,2019,2018.0,36.0,2.0
robinna01,101126.0,2006,2005.0,21.0,1.0
robinol01,77994.0,1983,1982.0,24.0,2.0
robinor01,1631115.0,2023,,,
robinru01,716.0,1991,1990.0,10.0,1.0
robinth01,203080.0,2013,2012.0,5.0,1.0
robintr01,77993.0,1975,1974.0,22.0,2.0
robinwa01,77996.0,1981,1980.0,31.0,2.0
robisda01,77998.0,1977,1971.0,44.0,3.0
robyis01,1629676.0,2020,2019.0,45.0,2.0
rochejo01,78000.0,1976,1971.0,14.0,1.0
roddyda01,1631223.0,2023,2022.0,23.0,1.0
rodmade01,23.0,1987,1986.0,27.0,2.0
rodrise01,200771.0,2007,2006.0,27.0,1.0
roelo01,691.0,1996,1995.0,30.0,2.0
rogerca01,435.0,1995,1994.0,11.0,1.0
rogerjo01,78007.0,1987,1986.0,34.0,2.0
rogerro01,915.0,1994,1993.0,9.0,1.0
rogerro02,964.0,1997,1996.0,22.0,1.0
rolliry01,1631157.0,2023,2022.0,44.0,2.0
rollitr01,78014.0,1978,1977.0,14.0,1.0
romarlo01,78015.0,1981,1980.0,141.0,7.0
rondora01,200765.0,2007,2006.0,21.0,1.0
rooksse01,399.0,1993,1992.0,30.0,2.0
rosede01,201565.0,2009,2008.0,1.0,1.0
roseja01,147.0,1995,1994.0,13.0,1.0
rosema01,990.0,1997,1996.0,44.0,2.0
rosero01,,1989,,,
rossqu01,2624.0,2005,,,
rosste01,203082.0,2013,2012.0,8.0,1.0
rothdo01,78021.0,1990,1989.0,41.0,2.0
rothsc01,78022.0,1988,1985.0,82.0,4.0
roundda01,78025.0,1977,1975.0,28.0,2.0
rowanro01,78027.0,1987,1986.0,67.0,3.0
roweja01,1642050.0,2025,,,
rowinji01,78029.0,1989,1984.0,86.0,4.0
rowlade01,78030.0,1986,1981.0,211.0,10.0
rowsobr01,78031.0,1988,1987.0,34.0,2.0
royaldo01,140.0,1990,1987.0,52.0,3.0
roybr01,200750.0,2007,2006.0,6.0,1.0
roziecl01,32.0,1995,1994.0,16.0,1.0
roziete01,1626179.0,2016,2015.0,16.0,1.0
rubiori01,201937.0,2012,2009.0,5.0,1.0
ruckegu01,2462.0,2003,,,
ruddde01,78035.0,1990,1985.0,83.0,4.0
rudezda01,204014.0,2015,,,
ruffimi01,1913.0,2000,1999.0,32.0,2.0
ruffitr01,460.0,1995,,,
rulanje01,78041.0,1982,1980.0,25.0,2.0
ruperra01,1641712.0,2024,2023.0,43.0,2.0
ruscost01,474.0,1996,1990.0,52.0,2.0
rushbr01,201575.0,2009,2008.0,13.0,1.0
rushka01,2416.0,2003,2002.0,20.0,1.0
russebr01,935.0,1994,1993.0,45.0,2.0
russeca02,78047.0,1975,1974.0,8.0,1.0
russeda01,1626156.0,2016,2015.0,2.0,1.0
russewa01,78048.0,1983,1982.0,78.0,4.0
russewa02,201041.0,2012,,,
ryanco01,,2026,,,
ryanma01,1630346.0,2022,,,
sabonar01,717.0,1996,1986.0,24.0,1.0
sabondo01,1627734.0,2017,2016.0,11.0,1.0
sacrero01,203135.0,2013,2012.0,60.0,2.0
salauti01,1642275.0,2025,2024.0,6.0,1.0
sallejo01,927.0,1987,1986.0,11.0,1.0
sallihu01,,2026,,,
salmojo01,2422.0,2003,2002.0,26.0,1.0
salvake01,1089.0,1997,,,
samakso01,2066.0,2001,2000.0,36.0,2.0
samanlu01,1629677.0,2020,2019.0,19.0,1.0
sambch01,200798.0,2008,2006.0,51.0,2.0
sampsbr01,1629102.0,2019,,,
sampsja01,2441.0,2003,2002.0,46.0,2.0
sampsja02,203960.0,2015,,,
sampsra01,78055.0,1984,1983.0,1.0,1.0
samueje01,,2024,,,
samuesa01,202396.0,2011,,,
sanchpe01,2143.0,2001,,,
sandefr01,78057.0,1979,1978.0,20.0,1.0
sandeje01,1874.0,1990,1989.0,20.0,1.0
sandeko01,,2026,,,
sandela01,202336.0,2011,2010.0,15.0,1.0
sandeme01,,2006,,,
sandemi01,78059.0,1983,1982.0,74.0,4.0
sandfpa01,,2026,,,
sanogad01,1641766.0,2024,,,
santida01,2091.0,2001,,,
santogu01,1630611.0,2024,2022.0,55.0,2.0
sapplwa01,78062.0,1985,1982.0,38.0,2.0
sarafbe01,,2026,,,
saricda01,203967.0,2017,2014.0,12.0,1.0
sarral01,1642259.0,2025,2024.0,2.0,1.0
sarrol01,1630846.0,2022,,,
sasseja01,987.0,1997,1996.0,41.0,2.0
sasseje01,2219.0,2002,2001.0,22.0,1.0
sassema01,1631204.0,2024,2023.0,25.0,1.0
satorto01,203107.0,2017,2012.0,32.0,2.0
satteke01,2261.0,2002,2001.0,53.0,2.0
savovpr01,2453.0,2003,,,
scalabr01,2243.0,2002,2001.0,34.0,2.0
scalede01,78068.0,1981,1980.0,36.0,2.0
schakjo01,1630648.0,2022,,,
schayda01,,1982,,,
schefst01,88.0,1991,1990.0,39.0,2.0
schefto01,78080.0,1985,1977.0,117.0,6.0
scheiba01,1631248.0,2025,2024.0,30.0,1.0
schenlu01,101195.0,2006,,,
schindw01,368.0,1991,1990.0,24.0,1.0
schoeru01,78087.0,1983,1982.0,45.0,2.0
schofad01,1629678.0,2020,2019.0,42.0,2.0
schrede01,96.0,1986,1985.0,8.0,1.0
schrode01,203471.0,2014,2013.0,17.0,1.0
schwejo01,78093.0,1985,1982.0,138.0,6.0
scolalu01,2449.0,2008,2002.0,55.0,2.0
scottal01,78095.0,1978,1977.0,136.0,7.0
scottbr01,1064.0,1997,,,
scottby01,2.0,1984,1983.0,4.0,1.0
scottch01,78097.0,1972,1970.0,106.0,7.0
scottde01,192.0,1991,1990.0,4.0,1.0
scottja01,1109.0,1997,,,
scottmi01,203118.0,2013,2012.0,43.0,2.0
scottsh01,1035.0,1997,1994.0,43.0,2.0
scotttr01,,2022,,,
scrubja01,1630206.0,2021,2020.0,55.0,2.0
scurrca01,78102.0,1986,1985.0,37.0,2.0
seabrde01,1631220.0,2023,,,
sealssh01,,1998,,,
sealyma01,907.0,1993,1992.0,14.0,1.0
searsma01,,2026,,,
sefolth01,200757.0,2007,2006.0,13.0,1.0
seikaro01,938.0,1989,1988.0,9.0,1.0
selbyjo01,202729.0,2012,2011.0,49.0,2.0
seldewa01,1627782.0,2017,,,
sellebr01,78110.0,1987,1986.0,9.0,1.0
senesa01,200754.0,2007,2006.0,10.0,1.0
sengual01,1630578.0,2022,2021.0,16.0,1.0
sensabr01,1641729.0,2024,2023.0,28.0,1.0
serapke01,202338.0,2011,2010.0,17.0,1.0
sesayan01,1738.0,2002,1998.0,30.0,2.0
sessira01,201196.0,2008,2007.0,56.0,2.0
seungha01,2775.0,2005,2004.0,46.0,2.0
sewelto01,78116.0,1985,1984.0,22.0,1.0
sextoco01,1629012.0,2019,2018.0,8.0,1.0
shackch01,1593.0,1989,1988.0,32.0,2.0
shakumu01,201203.0,2011,,,
shamela01,1629013.0,2019,2018.0,26.0,1.0
shammgo01,1539.0,1998,1997.0,45.0,2.0
shannte01,1630545.0,2025,2024.0,27.0,1.0
sharpda01,1630549.0,2022,2021.0,29.0,1.0
sharpsh01,1631101.0,2023,2022.0,7.0,1.0
sharpwa01,201594.0,2009,2008.0,32.0,2.0
shaskjo01,1117.0,1989,1986.0,61.0,3.0
shawbr01,216.0,1989,1988.0,24.0,1.0
shawca01,1745.0,1999,1998.0,37.0,2.0
shayoma01,1629621.0,2020,2019.0,54.0,2.0
sheadja01,1642347.0,2025,2024.0,45.0,2.0
sheltcr01,78132.0,1981,1980.0,28.0,2.0
sheltlo01,78133.0,1977,1976.0,25.0,2.0
shengto01,203129.0,2013,2012.0,54.0,2.0
sheppbe01,1641767.0,2024,2023.0,26.0,1.0
sheppje01,,1999,,,
sheppre01,1642263.0,2025,2024.0,3.0,1.0
sheroed01,,1983,,,
shirlpa01,2321.0,2003,,,
shortpu01,78139.0,1979,1978.0,5.0,1.0
shousde01,78140.0,1990,1985.0,92.0,4.0
shulgma01,,2026,,,
shumajo01,78143.0,1976,1974.0,4.0,1.0
shumpim01,202697.0,2012,2011.0,17.0,1.0
shvedal01,203144.0,2013,,,
siakapa01,1627783.0,2017,2016.0,27.0,1.0
siberjo01,,2019,,,
sichtje01,78146.0,1981,1979.0,82.0,4.0
sikmaja01,78149.0,1978,1977.0,8.0,1.0
silasja01,78150.0,1977,1972.0,70.0,5.0
silaspa01,78151.0,1965,1964.0,10.0,2.0
silasxa01,202918.0,2012,,,
silerga01,202081.0,2011,,,
silvach01,1629735.0,2020,,,
simiewa01,101134.0,2006,2005.0,29.0,1.0
simmobe01,1627732.0,2018,2016.0,1.0,1.0
simmobo01,2250.0,2002,2001.0,41.0,2.0
simmoce01,200759.0,2007,2006.0,15.0,1.0
simmojo02,203613.0,2016,,,
simmoko01,1628424.0,2018,,,
simmoli01,1489.0,1991,1990.0,7.0,1.0
simonan01,1629014.0,2019,2018.0,24.0,1.0
simonma01,1630250.0,2022,2020.0,44.0,2.0
simonmi01,1750.0,1999,1998.0,42.0,2.0
simpkdi01,54.0,1995,1994.0,21.0,1.0
simpskj01,1642354.0,2025,2024.0,42.0,2.0
simpsra01,78157.0,1977,1972.0,11.0,1.0
simpsza01,,2022,,,
simsal01,,1999,,,
simsco01,,2008,,,
simshe01,203156.0,2013,,,
simsja01,,2025,,,
simsje01,1630579.0,2022,2021.0,58.0,2.0
singlch01,202698.0,2012,2011.0,18.0,1.0
singlja01,101189.0,2006,,,
singlky01,202713.0,2013,2011.0,33.0,2.0
singlmc01,78162.0,1987,1984.0,120.0,6.0
singlse01,201606.0,2009,2008.0,42.0,2.0
sirvyde01,1629686.0,2021,2019.0,37.0,2.0
sittoch01,78164.0,1985,1984.0,38.0,2.0
sivape01,203491.0,2014,2013.0,56.0,2.0
skapidm01,,2024,,,
skilesc01,101.0,1987,1986.0,22.0,1.0
skinnal01,78167.0,1977,1974.0,160.0,9.0
skinnbr01,1730.0,1999,1998.0,22.0,1.0
slatere01,1073.0,1995,,,
slaugjo01,78172.0,1983,1982.0,43.0,2.0
slawsja01,1641771.0,2024,2023.0,54.0,2.0
slayta01,2447.0,2003,2002.0,53.0,2.0
sloando01,202388.0,2012,,,
slokaur01,101166.0,2007,2005.0,58.0,2.0
slubyto01,78174.0,1985,1984.0,41.0,2.0
smailal01,1629346.0,2020,2019.0,39.0,2.0
smallja01,,2026,,,
smartja01,1630606.0,2022,,,
smartke01,78175.0,1989,1988.0,41.0,2.0
smartma01,203935.0,2015,2014.0,6.0,1.0
smithbi02,78202.0,1970,1969.0,6.0,1.0
smithch01,293.0,1989,1988.0,3.0,1.0
smithch02,293.0,1989,1988.0,3.0,1.0
smithch03,1814.0,1993,1992.0,34.0,2.0
smithch04,1520.0,1998,1997.0,26.0,1.0
smithch05,,2014,,,
smithcl01,78181.0,1987,1986.0,97.0,5.0
smithcr01,200783.0,2007,2006.0,36.0,2.0
smithde02,78183.0,1983,1982.0,35.0,2.0
smithde03,1628372.0,2018,2017.0,9.0,1.0
smithdo03,475.0,1992,1991.0,6.0,1.0
smithdo04,2764.0,2005,2004.0,34.0,2.0
smithdr01,1630696.0,2023,,,
smithgr02,202962.0,2012,,,
smithis01,202397.0,2011,,,
smithja01,2074.0,2001,2000.0,45.0,2.0
smithja02,201160.0,2008,2007.0,20.0,1.0
smithja04,1630188.0,2021,2020.0,10.0,1.0
smithja05,1631095.0,2023,2022.0,3.0,1.0
smithje01,,2012,,,
smithji01,78191.0,1982,1981.0,54.0,3.0
smithjo02,693.0,1996,1995.0,1.0,1.0
smithjo03,2746.0,2005,2004.0,17.0,1.0
smithjr01,2747.0,2005,2004.0,18.0,1.0
smithke01,181.0,1988,1987.0,6.0,1.0
smithke03,78192.0,1987,1986.0,45.0,2.0
smithla01,78195.0,1981,1980.0,24.0,2.0
smithla02,78194.0,1992,1991.0,19.0,1.0
smithle01,1910.0,2002,1999.0,29.0,1.0
smithma02,,2026,,,
smithmi01,78197.0,1990,1989.0,13.0,1.0
smithmi02,63.0,1995,1994.0,35.0,2.0
smithmi03,2065.0,2001,2000.0,35.0,2.0
smithni01,1641733.0,2024,2023.0,27.0,1.0
smithno01,202701.0,2012,2011.0,21.0,1.0
smithot01,78198.0,1987,1986.0,41.0,2.0
smithph01,78199.0,1975,1974.0,29.0,2.0
smithra01,78200.0,1972,1971.0,104.0,7.0
smithre01,78201.0,1993,1992.0,31.0,2.0
smithro01,78204.0,1978,1977.0,65.0,3.0
smithru01,203893.0,2015,2014.0,47.0,2.0
smithsa02,,1980,,,
smithst01,,1992,,,
smithst02,1478.0,1997,,,
smithst03,,2007,,,
smithte01,1631173.0,2024,,,
smithth01,2604.0,2004,,,
smithto02,380.0,1991,1990.0,51.0,2.0
smithto05,1642449.0,2025,,,
smithty02,1641890.0,2025,2024.0,33.0,2.0
smithwi02,78208.0,1977,1976.0,18.0,2.0
smithzh01,1629015.0,2019,2018.0,16.0,1.0
smitsri01,22.0,1989,1988.0,2.0,1.0
smrekmi01,1091.0,1986,1985.0,25.0,2.0
sneedxa01,1630270.0,2022,,,
snellto01,203503.0,2014,2013.0,20.0,1.0
snower01,727.0,1996,1995.0,43.0,2.0
snydeki01,2745.0,2005,2004.0,16.0,1.0
soberri01,78215.0,1976,1975.0,16.0,1.0
sochaje01,1631110.0,2023,2022.0,9.0,1.0
solomwi01,2226.0,2002,2001.0,32.0,2.0
songada01,2443.0,2004,2002.0,49.0,2.0
southja01,203480.0,2014,,,
sowpa01,2776.0,2005,2004.0,47.0,2.0
spaldra01,1629034.0,2019,2018.0,56.0,2.0
spanaji01,78222.0,1980,1979.0,16.0,1.0
spanova01,2779.0,2007,2004.0,50.0,2.0
sparrro01,600009.0,1981,1980.0,75.0,4.0
speigma01,201578.0,2009,2008.0,16.0,1.0
spellom01,1629016.0,2019,2018.0,30.0,1.0
spencan01,78227.0,1993,,,
spencca01,1642285.0,2025,2024.0,53.0,2.0
spencel01,771.0,1993,1992.0,25.0,1.0
spencfe01,280.0,1991,1990.0,6.0,1.0
spencpa01,1630311.0,2024,,,
splitti01,201168.0,2011,2007.0,28.0,1.0
sprewla01,84.0,1993,1992.0,24.0,1.0
sprigla01,78233.0,1982,1981.0,81.0,4.0
sprinja01,1630531.0,2022,2021.0,28.0,1.0
stackje01,711.0,1996,1995.0,3.0,1.0
stackry01,1756.0,1999,1998.0,48.0,2.0
stacoke01,78237.0,1975,1974.0,35.0,2.0
stanlca01,1630199.0,2021,2020.0,54.0,2.0
stanste01,78241.0,1985,1984.0,15.0,1.0
starkjo01,317.0,1989,,,
stausni01,203917.0,2015,2014.0,8.0,1.0
steella01,78245.0,1972,1971.0,37.0,3.0
steigma01,,1997,,,
stepavl01,1735.0,1999,1998.0,27.0,1.0
stephal01,,2016,,,
stephdj01,,2014,,,
stephev01,78247.0,1989,1988.0,31.0,2.0
stephjo01,,1997,,,
stephla01,202362.0,2011,2010.0,40.0,2.0
steppbr01,78250.0,1983,1982.0,17.0,1.0
steveba01,78251.0,1993,1985.0,43.0,2.0
stevede01,2052.0,2001,2000.0,23.0,1.0
steveis01,1641815.0,2025,,,
stevela01,1630205.0,2021,,,
stewais01,1630191.0,2021,2020.0,16.0,1.0
stewake01,1529.0,1998,1997.0,35.0,2.0
stewala01,1125.0,1992,,,
stewami01,1565.0,1998,,,
stiemgr01,201880.0,2012,,,
stipast01,78257.0,1984,1983.0,2.0,1.0
stithbr01,179.0,1993,1992.0,13.0,1.0
stivral01,78261.0,1986,1985.0,75.0,4.0
stockda01,204065.0,2015,,,
stockjo01,304.0,1985,1984.0,16.0,1.0
stojape01,978.0,1999,1996.0,14.0,1.0
stokeed01,,1998,,,
stokegr01,78264.0,1986,1985.0,33.0,2.0
stokeja01,203950.0,2015,2014.0,35.0,2.0
stonedi01,1627754.0,2017,2016.0,40.0,2.0
stoneju01,202933.0,2012,,,
storeaw01,2852.0,2005,,,
stoudam01,2405.0,2003,2002.0,9.0,1.0
stoudda01,757.0,1996,1995.0,7.0,1.0
stoudsa01,101136.0,2006,2005.0,31.0,2.0
strawdj01,201199.0,2008,2007.0,59.0,2.0
strawju01,1631124.0,2024,2023.0,29.0,1.0
stricer01,1065.0,1997,,,
stricma01,1110.0,1995,,,
stricro02,393.0,1989,1988.0,19.0,1.0
stroejo01,78271.0,1988,1980.0,168.0,8.0
stronde01,400.0,1992,1990.0,47.0,2.0
strotla01,78273.0,1992,1991.0,43.0,2.0
stroujo01,78274.0,1981,1980.0,27.0,2.0
strusma01,1629622.0,2020,,,
stuckro01,201155.0,2008,2007.0,15.0,1.0
suggsja01,1630591.0,2022,2021.0,5.0,1.0
sullija01,203096.0,2013,2012.0,21.0,1.0
summeda01,201969.0,2010,2009.0,35.0,2.0
sumneed01,1628410.0,2018,2017.0,52.0,2.0
sumptba01,78654.0,1989,1988.0,56.0,3.0
sundobr01,1743.0,1999,1998.0,35.0,2.0
sundvjo01,78279.0,1984,1983.0,16.0,1.0
surabo01,682.0,1996,1995.0,17.0,1.0
suttlda01,78281.0,1984,1983.0,152.0,7.0
suttogr01,357.0,1992,1991.0,49.0,2.0
swanica01,1628403.0,2018,2017.0,26.0,1.0
sweetmi01,,2004,,,
swideco01,1631306.0,2023,,,
swiftro01,2741.0,2005,2004.0,12.0,1.0
swiftst01,2031.0,2001,2000.0,2.0,1.0
swinsaa01,78286.0,1995,,,
swordcr01,,2022,,,
sykeske01,,2022,,,
sykesla01,1132.0,1996,,,
sypa01,202377.0,2011,2010.0,53.0,2.0
szabobr01,1136.0,1997,,,
szczewa02,1887.0,2000,1999.0,6.0,1.0
tabakza01,440.0,1995,1991.0,51.0,2.0
tabusyu01,,2005,,,
taftch01,101147.0,2006,2005.0,42.0,2.0
tarladr01,1434.0,2001,1995.0,31.0,2.0
tarplro01,78293.0,1987,1986.0,7.0,1.0
tateja01,1630256.0,2021,,,
tatumea01,78294.0,1977,1976.0,21.0,2.0
tatumja01,1628369.0,2018,2017.0,3.0,1.0
tavarwa01,204002.0,2016,2014.0,43.0,2.0
tayloan01,78295.0,1989,1988.0,44.0,2.0
taylobr01,78296.0,1977,1972.0,23.0,2.0
taylodo01,101182.0,2006,,,
taylois01,1627819.0,2017,,,
tayloja01,78297.0,1990,,,
tayloje01,78299.0,1983,1982.0,42.0,2.0
tayloje02,201966.0,2010,2009.0,32.0,2.0
tayloje03,,2013,,,
taylojo01,1511.0,1998,1997.0,17.0,1.0
taylole01,78301.0,1990,,,
tayloma01,1508.0,1998,1997.0,14.0,1.0
taylomi01,201446.0,2009,2008.0,55.0,2.0
taylote01,1630678.0,2022,,,
tayloty01,203116.0,2013,2012.0,41.0,2.0
taylovi01,78303.0,1983,1982.0,34.0,2.0
teaglte01,78304.0,1983,1982.0,16.0,1.0
teaguje01,201952.0,2010,2009.0,19.0,1.0
teaguma01,203104.0,2013,2012.0,29.0,1.0
teletmi01,203141.0,2013,,,
telfase01,2742.0,2005,2004.0,13.0,1.0
telfoja01,,2026,,,
templga01,202066.0,2010,,,
teodomi01,1628462.0,2018,,,
terreja01,1629123.0,2019,,,
terryca01,78307.0,1981,1978.0,104.0,5.0
terryda01,1631207.0,2023,2022.0,18.0,1.0
terryem01,,2019,,,
terryja01,1891.0,2000,1999.0,10.0,1.0
terryty01,1630179.0,2021,2020.0,31.0,2.0
teskejo01,,2022,,,
thabeha01,201934.0,2010,2009.0,2.0,1.0
theisda01,1628464.0,2018,,,
theusre01,78310.0,1979,1978.0,9.0,1.0
thibepe01,78311.0,1985,1983.0,77.0,4.0
thierad01,,2026,,,
thirdda01,78314.0,1983,1982.0,15.0,1.0
thomaad01,203519.0,2014,,,
thomabi01,2873.0,2005,,,
thomabr01,1630271.0,2021,,,
thomaca01,1063.0,1992,,,
thomaca02,1630560.0,2022,2021.0,27.0,1.0
thomach01,78316.0,1992,,,
thomaet01,2041.0,2002,2000.0,12.0,1.0
thomair01,78317.0,1991,,,
thomais01,78318.0,1982,1981.0,2.0,1.0
thomais02,202738.0,2012,2011.0,60.0,2.0
thomaja01,1975.0,2000,,,
thomaja02,,2005,,,
thomaji01,78320.0,1984,1983.0,40.0,2.0
thomajo02,1519.0,1998,1997.0,25.0,1.0
thomake01,1903.0,2000,1999.0,22.0,1.0
thomakh01,1629017.0,2019,2018.0,38.0,2.0
thomaku01,703.0,1996,1995.0,10.0,1.0
thomala01,202498.0,2012,,,
thomama01,202952.0,2012,,,
thomama02,1629744.0,2020,,,
thomati01,1501.0,1998,1997.0,7.0,1.0
thomaty01,200748.0,2007,2006.0,4.0,1.0
thompam01,1641708.0,2024,2023.0,4.0,1.0
thompau01,1641709.0,2024,2023.0,5.0,1.0
thompbe01,78323.0,1985,1984.0,19.0,1.0
thompbi01,1631.0,1987,1986.0,19.0,1.0
thompbr01,240.0,1995,1994.0,27.0,1.0
thompco01,78325.0,1983,1982.0,50.0,3.0
thompda01,78326.0,1977,1975.0,1.0,1.0
thompdi01,,2006,,,
thompet01,,2026,,,
thompho01,203138.0,2014,,,
thompja02,201574.0,2009,2008.0,12.0,1.0
thompke01,78329.0,1994,1993.0,48.0,2.0
thompkl01,202691.0,2012,2011.0,11.0,1.0
thompla01,78.0,1983,1982.0,5.0,1.0
thompmy01,78331.0,1979,1978.0,1.0,1.0
thompmy02,,2012,,,
thomppa01,78332.0,1984,1983.0,50.0,3.0
thompst01,78333.0,1992,,,
thomptr01,202684.0,2012,2011.0,4.0,1.0
thomptr02,202717.0,2012,2011.0,37.0,2.0
thorjt01,1630550.0,2022,2021.0,37.0,2.0
thornal01,201154.0,2008,2007.0,14.0,1.0
thornbo01,738.0,1986,1984.0,87.0,4.0
thornma01,201977.0,2010,2009.0,43.0,2.0
thornsi01,1628414.0,2018,2017.0,48.0,2.0
thorpot01,901.0,1985,1984.0,9.0,1.0
threase01,9.0,1984,1983.0,139.0,6.0
thybuma01,1629680.0,2020,2019.0,20.0,1.0
tillida01,78343.0,1983,1982.0,23.0,1.0
tilliki02,1629681.0,2021,,,
tillmxa01,,2021,,,
timmedr01,1631166.0,2025,,,
tinslja01,2224.0,2002,2001.0,27.0,1.0
tisdawa01,47.0,1986,1985.0,2.0,1.0
tobeymi01,,2017,,,
toddis01,1630225.0,2022,2021.0,31.0,2.0
tolbera01,78348.0,1982,1981.0,18.0,1.0
tolbeto01,78347.0,1989,1988.0,34.0,2.0
tollian01,201229.0,2009,,,
tomjaru01,78350.0,1971,1970.0,2.0,1.0
tomlina01,1641772.0,2025,,,
toneyan01,78351.0,1981,1980.0,8.0,1.0
toneyse01,78352.0,1986,1985.0,59.0,3.0
tonjejo01,,2026,,,
toolsan01,342.0,1991,,,
toonebe01,78356.0,1980,1979.0,37.0,2.0
topicni01,,2026,,,
toppija01,1631210.0,2024,,,
toppiob01,1630167.0,2021,2020.0,8.0,1.0
torreos01,2351.0,2002,,,
toscaju01,1629308.0,2020,,,
toupaax01,1626253.0,2016,,,
towerke01,700.0,1994,,,
towneli01,78364.0,1983,1982.0,33.0,2.0
townska01,1626157.0,2016,2015.0,1.0,1.0
townsra01,78365.0,1979,1978.0,22.0,1.0
traorno01,,2026,,,
travelu01,1631247.0,2025,2022.0,56.0,2.0
traylro01,1714.0,1999,1998.0,6.0,1.0
trentga01,718.0,1996,1995.0,11.0,1.0
trentga02,1629018.0,2019,2018.0,37.0,2.0
trepaje01,2244.0,2002,2001.0,35.0,2.0
trieral01,1629019.0,2019,,,
tripuke01,78369.0,1982,1981.0,12.0,1.0
trybace01,2456.0,2003,,,
tsakaja01,2054.0,2001,2000.0,25.0,1.0
tshieos01,1631131.0,2024,,,
tskitni01,2401.0,2003,2002.0,5.0,1.0
tuckeal02,201169.0,2008,2007.0,29.0,1.0
tuckean01,141.0,1995,,,
tuckepj01,200782.0,2007,2006.0,35.0,2.0
tuckera01,1629730.0,2020,,,
tucketr01,78375.0,1983,1982.0,6.0,1.0
turiaro01,101142.0,2006,2005.0,37.0,2.0
turkcmi01,1726.0,2000,1998.0,18.0,1.0
turkohe01,2045.0,2001,2000.0,16.0,1.0
turnean01,78377.0,1987,1986.0,69.0,3.0
turneel01,78378.0,1982,1981.0,43.0,2.0
turneev01,202323.0,2011,2010.0,2.0,1.0
turnehe02,78379.0,1990,,,
turneje01,78381.0,1985,1984.0,17.0,1.0
turnejo01,1819.0,1992,1991.0,20.0,1.0
turnemy01,1626167.0,2016,2015.0,11.0,1.0
turnewa01,,2000,,,
turpime01,,1985,,,
twardda01,78387.0,1977,1972.0,26.0,2.0
tylerbj01,189.0,1995,1994.0,20.0,1.0
tylerje01,202719.0,2012,2011.0,39.0,2.0
tylerte01,78390.0,1979,1978.0,23.0,2.0
tysonhu01,1641816.0,2024,2023.0,37.0,2.0
tysonja01,1642281.0,2025,2024.0,20.0,1.0
ubileed01,,2012,,,
udohek01,202327.0,2011,2010.0,6.0,1.0
udokaim01,2137.0,2004,,,
udrihbe01,2757.0,2005,2004.0,28.0,1.0
ukicro01,101146.0,2009,2005.0,41.0,2.0
ulisty01,1627755.0,2017,2016.0,34.0,2.0
umudest01,1630649.0,2023,,,
unselwe01,78392.0,1969,1968.0,2.0,1.0
upshake01,78394.0,1989,,,
uthofja01,1627784.0,2017,,,
uzohbe01,202386.0,2011,,,
valanjo01,202685.0,2013,2011.0,5.0,1.0
valenda01,78395.0,1982,1981.0,16.0,1.0
valende01,1627756.0,2017,2016.0,14.0,1.0
valenro01,,1981,,,
vanbrja01,78400.0,1977,1974.0,20.0,2.0
vandeja01,1629020.0,2019,2018.0,41.0,2.0
vandeki01,78404.0,1981,1980.0,11.0,1.0
vandelo01,,1996,,,
vanexni01,89.0,1994,1993.0,37.0,2.0
vanhoke01,1496.0,1998,1997.0,2.0,1.0
vanosni01,78407.0,1986,1985.0,32.0,2.0
vanteda01,2128.0,2001,,,
vanvlfr01,1627832.0,2017,,,
vardara01,2237.0,2002,,,
varejan01,2760.0,2005,2004.0,30.0,2.0
varnaja01,202363.0,2013,2010.0,41.0,2.0
vasqugr01,202349.0,2011,2010.0,28.0,1.0
vassede01,1630170.0,2021,2020.0,11.0,1.0
vaughda02,710.0,1996,1995.0,25.0,1.0
vaughja01,1521.0,1998,1997.0,27.0,1.0
vaughlo01,919.0,1991,1990.0,13.0,1.0
vaughra01,1626173.0,2016,2015.0,17.0,1.0
verhope01,,1982,,,
veselja01,202686.0,2012,2011.0,6.0,1.0
vetragu01,78415.0,1993,,,
vezenal01,1628426.0,2024,2017.0,57.0,2.0
viannjo01,78416.0,1992,,,
villach01,101111.0,2006,2005.0,7.0,1.0
vincega01,1629216.0,2020,,,
vinceja01,78418.0,1982,1981.0,24.0,2.0
vincesa01,78417.0,1986,1985.0,20.0,1.0
vincima01,200790.0,2007,2006.0,43.0,2.0
vinsofr01,1844.0,1995,,,
vocega01,78419.0,1990,,,
volkoal01,78421.0,1990,1986.0,134.0,6.0
vonleno01,203943.0,2015,2014.0,9.0,1.0
voskuja01,2063.0,2001,2000.0,33.0,2.0
vraneda01,78423.0,1982,1981.0,5.0,1.0
vranesl01,,2004,,,
vrankst01,1037.0,1991,,,
vromabr01,78425.0,1981,1978.0,87.0,4.0
vromaja01,2761.0,2005,2004.0,31.0,2.0
vucevni01,202696.0,2012,2011.0,16.0,1.0
vujacsa01,2756.0,2005,2004.0,27.0,1.0
vukcetr01,1641774.0,2024,2023.0,42.0,2.0
wadede01,1629731.0,2020,,,
wadedw01,2548.0,2004,2003.0,5.0,1.0
wadema01,78426.0,1988,,,
wafervo01,101144.0,2006,2005.0,39.0,2.0
wagneda02,2402.0,2003,2002.0,6.0,1.0
wagnefr01,1630532.0,2022,2021.0,8.0,1.0
wagnemi01,78429.0,1988,1986.0,35.0,2.0
wagnemo01,1629021.0,2019,2018.0,25.0,1.0
wainris01,1630688.0,2022,,,
waitedi01,203079.0,2013,2012.0,4.0,1.0
waitegr01,78430.0,1984,1983.0,39.0,2.0
wakefan01,78431.0,1979,1978.0,107.0,5.0
walkean02,952.0,1997,1996.0,6.0,1.0
walkebi01,201611.0,2009,2008.0,47.0,2.0
walkeda01,78437.0,1984,1983.0,12.0,1.0
walkefo01,78436.0,1975,1974.0,38.0,3.0
walkeja01,1631133.0,2023,2022.0,57.0,2.0
walkeja02,1641716.0,2024,2023.0,8.0,1.0
walkeke01,78440.0,1987,1986.0,5.0,1.0
walkeke02,202689.0,2012,2011.0,9.0,1.0
walkelo01,1629022.0,2019,2018.0,18.0,1.0
walkemj01,,2022,,,
walkesa01,955.0,1997,1996.0,9.0,1.0
walkewa01,78442.0,1977,1976.0,5.0,1.0
wallabe01,1112.0,1997,,,
wallaca01,1641717.0,2024,2023.0,10.0,1.0
wallage01,2222.0,2002,2001.0,25.0,1.0
wallajo01,961.0,1997,1996.0,18.0,1.0
wallake01,1630811.0,2025,,,
wallara01,739.0,1996,1995.0,4.0,1.0
wallaty01,1627820.0,2018,2016.0,60.0,2.0
walleja01,78445.0,1988,1987.0,48.0,3.0
walljo01,202322.0,2011,2010.0,1.0,1.0
walshjo01,1641775.0,2024,2023.0,38.0,2.0
walshma01,,2006,,,
walteja01,1642266.0,2025,2024.0,19.0,1.0
waltere01,777.0,1994,1993.0,16.0,1.0
waltobi01,78450.0,1975,1974.0,1.0,1.0
waltode01,,2018,,,
waltoll01,78449.0,1977,1976.0,40.0,3.0
waltolu01,2575.0,2004,2003.0,32.0,2.0
wanambr01,202954.0,2019,,,
wardch01,369.0,1995,1994.0,26.0,1.0
wareca01,203810.0,2014,,,
wareke01,1642276.0,2025,2024.0,15.0,1.0
warneja01,,2018,,,
warretj01,203933.0,2015,2014.0,14.0,1.0
warrewi01,202378.0,2011,2010.0,54.0,2.0
warribr01,78462.0,1983,1982.0,25.0,2.0
warriha01,101124.0,2006,2005.0,19.0,1.0
washbch01,78463.0,1987,1986.0,3.0,1.0
washbju01,1627395.0,2019,,,
washida01,,2008,,,
washidu01,78464.0,1988,1987.0,36.0,2.0
washidu02,1630613.0,2022,,,
washier01,1540.0,1998,1997.0,46.0,2.0
washike01,78467.0,1974,1973.0,5.0,1.0
washipe01,,1987,,,
washipj01,1629023.0,2020,2019.0,12.0,1.0
washiri01,78468.0,1977,1976.0,3.0,1.0
washity02,1631102.0,2023,2022.0,29.0,1.0
watanyu01,1629139.0,2019,,,
waterli01,1630322.0,2022,,,
watertr01,1629682.0,2020,2019.0,51.0,2.0
watfotr01,1630570.0,2022,,,
watkida01,201208.0,2008,,,
watkija01,,2026,,,
watsoan02,1641817.0,2025,2024.0,54.0,2.0
watsocj01,201228.0,2008,,,
watsoea01,2248.0,2002,2001.0,39.0,2.0
watsoja01,320.0,1995,1994.0,47.0,2.0
watsopa01,1628778.0,2020,,,
watsope01,1631212.0,2023,2022.0,30.0,1.0
waynsma01,203146.0,2013,,,
wearda01,,2015,,,
weartr01,204037.0,2015,,,
weathcl01,,1993,,,
weathni01,78475.0,1974,1973.0,13.0,1.0
weathqu01,1629683.0,2020,2019.0,49.0,2.0
weaveky01,201602.0,2009,2008.0,38.0,2.0
webbech01,185.0,1994,1993.0,1.0,1.0
webbja01,1627821.0,2018,,,
webbma01,78478.0,1993,,,
webbsp01,892.0,1986,1985.0,87.0,4.0
weberbr01,1627362.0,2016,,,
webstje01,1067.0,1996,1994.0,40.0,2.0
webstma01,78481.0,1977,1975.0,3.0,1.0
webstma02,101110.0,2006,2005.0,6.0,1.0
wedmasc01,78482.0,1975,1974.0,6.0,1.0
weemsso01,201603.0,2009,2008.0,39.0,2.0
weidnbr01,78484.0,1984,1983.0,90.0,4.0
wellsbo01,1719.0,1999,1998.0,11.0,1.0
wellsbu01,1528.0,1998,1997.0,34.0,2.0
wellsja01,1642377.0,2025,2024.0,39.0,2.0
welpch01,1846.0,1988,1987.0,16.0,1.0
welscji01,2412.0,2003,2002.0,16.0,1.0
welshth01,1629118.0,2019,2018.0,58.0,2.0
wembavi01,1641705.0,2024,2023.0,1.0,1.0
wennibi01,82.0,1986,1985.0,16.0,1.0
wenstma01,78492.0,1994,,,
werdaro01,438.0,1993,1992.0,46.0,2.0
weslebl01,1631104.0,2023,2022.0,25.0,1.0
wesleda01,133.0,1994,,,
westbru01,201566.0,2009,2008.0,4.0,1.0
westda01,2561.0,2004,2003.0,18.0,1.0
westde01,2753.0,2005,2004.0,24.0,1.0
westdo01,28.0,1990,1989.0,38.0,2.0
westma01,770.0,1984,1983.0,30.0,2.0
westma02,201238.0,2008,,,
westppa01,78500.0,1973,1972.0,10.0,1.0
whalero01,,2006,,,
whatlen01,941.0,1984,1983.0,13.0,1.0
wheatde01,1545.0,1998,1997.0,51.0,2.0
wheelcl01,78504.0,1988,1981.0,150.0,7.0
wheelph02,1630762.0,2025,,,
wheelty01,,1999,,,
whitean01,,2018,,,
whiteco01,1629632.0,2020,2019.0,7.0,1.0
whiteda01,1641727.0,2024,2023.0,22.0,1.0
whitede01,1628401.0,2018,2017.0,29.0,1.0
whitedj01,201591.0,2009,2008.0,29.0,1.0
whitedo01,,1997,,,
whiteer01,78507.0,1988,1987.0,65.0,3.0
whiteha01,202355.0,2011,2010.0,33.0,2.0
whiteis01,1627785.0,2017,2016.0,42.0,2.0
whiteja01,1751.0,1999,1998.0,43.0,2.0
whiteja02,200778.0,2007,2006.0,31.0,2.0
whiteja03,1631298.0,2023,,,
whiteje01,78516.0,1979,1978.0,41.0,2.0
whitejo01,,1970,,,
whiteok01,1627855.0,2017,,,
whitera01,1839.0,1990,1989.0,8.0,1.0
whitero01,78512.0,1983,1982.0,86.0,4.0
whitero02,2206.0,2002,2001.0,9.0,1.0
whitero03,203091.0,2014,2012.0,16.0,1.0
whiteru01,78513.0,1976,1975.0,47.0,3.0
whiteto01,78514.0,1988,1987.0,33.0,2.0
whitewi01,78515.0,1985,1984.0,42.0,2.0
whitfdw01,730.0,1996,1995.0,40.0,2.0
whitmca01,1641715.0,2024,2023.0,20.0,1.0
whitnch01,43.0,1994,1993.0,47.0,2.0
whitnha02,,1981,,,
whittgr01,,2021,,,
whittsh01,203963.0,2015,,,
wickssi01,78520.0,1972,1971.0,2.0,1.0
wieskjo01,1630580.0,2022,2021.0,41.0,2.0
wiggiaa01,1630598.0,2022,2021.0,55.0,2.0
wiggian01,203952.0,2015,2014.0,1.0,1.0
wiggili01,1629623.0,2022,,,
wiggimi01,78523.0,1984,1983.0,23.0,1.0
wilcoch01,2404.0,2003,2002.0,8.0,1.0
wilcocj01,203912.0,2015,2014.0,28.0,1.0
wileyja01,,2018,,,
wileymi01,78527.0,1981,1980.0,39.0,2.0
wileymo01,78528.0,1989,1988.0,46.0,2.0
wilkebo01,78531.0,1977,1976.0,11.0,1.0
wilkeja01,78532.0,1975,1974.0,11.0,1.0
wilkeja02,78533.0,1981,1980.0,50.0,3.0
wilkida01,78538.0,1985,1982.0,221.0,10.0
wilkida02,2863.0,2005,,,
wilkido01,1122.0,1983,1982.0,3.0,1.0
wilkied01,,1985,,,
wilkige01,786.0,1986,1985.0,47.0,2.0
wilkije01,78537.0,1981,1977.0,37.0,2.0
wilksmi01,2366.0,2003,,,
williaa01,1425.0,1994,,,
willial02,1541.0,1998,1997.0,47.0,2.0
willial03,1626210.0,2016,,,
willial06,1631214.0,2023,,,
william01,,2026,,,
willibr01,,1998,,,
willibr03,1630314.0,2022,,,
willibu01,433.0,1982,1981.0,3.0,1.0
willicj01,203710.0,2018,,,
willico01,101258.0,1993,1992.0,33.0,2.0
willico02,722.0,1996,1995.0,13.0,1.0
willico04,1642262.0,2025,2024.0,10.0,1.0
willide01,101114.0,2006,2005.0,3.0,1.0
willide02,202682.0,2012,2011.0,2.0,1.0
willido02,1631495.0,2023,,,
willidu01,,1980,,,
williel01,202343.0,2012,2010.0,22.0,1.0
willier01,677.0,1996,1995.0,14.0,1.0
willifr01,78548.0,1979,1978.0,8.0,1.0
willifr02,2421.0,2003,2002.0,25.0,1.0
willigr01,1629684.0,2020,2019.0,22.0,1.0
willigu01,78549.0,1976,1975.0,20.0,2.0
willigu02,78550.0,1985,1983.0,34.0,2.0
willihe01,1006.0,1982,1981.0,14.0,1.0
williho01,73.0,1987,1985.0,45.0,2.0
willija01,420.0,1991,1990.0,21.0,1.0
willija02,1715.0,1999,1998.0,7.0,1.0
willija03,2398.0,2003,2002.0,2.0,1.0
willija04,101214.0,2009,,,
willija06,1631114.0,2023,2022.0,12.0,1.0
willija07,1631119.0,2023,2022.0,34.0,2.0
willije01,966.0,1997,1996.0,26.0,1.0
willije02,1631466.0,2023,,,
willijo01,78575.0,1977,1973.0,96.0,6.0
willijo02,78554.0,1987,1986.0,12.0,1.0
willijo03,202716.0,2012,2011.0,36.0,2.0
willijo04,1629140.0,2019,,,
williju01,200818.0,2007,,,
willike01,78556.0,1984,1983.0,46.0,2.0
willike02,788.0,1985,1984.0,11.0,1.0
willike03,78555.0,1991,1990.0,46.0,2.0
willike04,1629026.0,2019,,,
willilo01,31.0,1993,,,
willilo02,101150.0,2006,2005.0,45.0,2.0
willilu01,,2026,,,
willima01,2590.0,2004,2003.0,47.0,2.0
willima02,101107.0,2006,2005.0,2.0,1.0
willima03,200766.0,2007,2006.0,22.0,1.0
willima04,200766.0,2007,2006.0,22.0,1.0
willima05,,2018,,,
willima07,1631109.0,2023,2022.0,15.0,1.0
willima11,1642013.0,2024,,,
willimi02,52.0,1989,1988.0,48.0,2.0
willimi03,78558.0,1990,1986.0,51.0,3.0
willimo01,42.0,1995,1994.0,24.0,1.0
willini01,1628430.0,2020,2017.0,55.0,2.0
willipa01,1630172.0,2021,2020.0,4.0,1.0
willipe01,78566.0,1986,1985.0,89.0,4.0
willira01,78571.0,1978,1977.0,10.0,1.0
willire01,199.0,1988,1987.0,4.0,1.0
willire02,202130.0,2010,,,
williri01,78563.0,1983,1978.0,190.0,10.0
williro02,78565.0,1983,1982.0,19.0,1.0
williro04,,2019,,,
willisa02,,1982,,,
willisc01,281.0,1991,,,
willise01,201157.0,2008,2007.0,17.0,1.0
willish01,1742.0,1999,1998.0,34.0,2.0
willish02,200749.0,2007,2006.0,5.0,1.0
willish03,200761.0,2007,2006.0,17.0,1.0
willisl01,78570.0,1980,1979.0,21.0,1.0
willite01,201944.0,2010,2009.0,11.0,1.0
willitr01,1576.0,1998,,,
willitr02,1627786.0,2017,,,
willivi01,1631246.0,2023,2022.0,47.0,2.0
williwa02,1005.0,1993,1992.0,7.0,1.0
willizi01,1629627.0,2020,2019.0,1.0,1.0
willizi02,1630533.0,2022,2021.0,10.0,1.0
willobi01,78577.0,1976,1975.0,19.0,2.0
willode01,,2000,,,
wilsobu01,,1980,,,
wilsodj01,1628391.0,2018,2017.0,17.0,1.0
wilsoja02,,2018,,,
wilsoja03,1630592.0,2024,2023.0,51.0,2.0
wilsomi01,,1984,,,
wilsoni01,78582.0,1988,1987.0,30.0,2.0
wilsoot01,78578.0,1985,1984.0,35.0,2.0
wilsori01,78583.0,1979,1978.0,25.0,2.0
wilsori02,78584.0,1988,1986.0,52.0,3.0
wilsotr01,1027.0,1991,1990.0,36.0,2.0
wiltjky01,1627787.0,2017,,,
winchke01,78589.0,1991,,,
windldy01,1629685.0,2021,2019.0,26.0,1.0
wingada01,766.0,1987,1986.0,44.0,2.0
wingfdo01,112.0,1995,1994.0,37.0,2.0
winslju01,1626159.0,2016,2015.0,10.0,1.0
winslri01,1984.0,1988,1987.0,28.0,2.0
winstca01,1630216.0,2021,2020.0,53.0,2.0
wintebr01,78600.0,1975,1974.0,12.0,1.0
wintetr01,,1999,,,
wintevo01,78601.0,1986,1985.0,44.0,2.0
wisemja01,1630164.0,2021,2020.0,2.0,1.0
witheje01,203481.0,2014,2013.0,39.0,2.0
wittmra01,1456.0,1984,1983.0,22.0,1.0
wittsga01,78605.0,1982,1981.0,103.0,5.0
wolfda01,,2026,,,
wolfjo01,341.0,1988,1987.0,13.0,1.0
wolkoru01,2106.0,2001,,,
woltena01,203489.0,2014,2013.0,38.0,2.0
wongis01,1631209.0,2024,2023.0,55.0,2.0
woodal01,78610.0,1982,1981.0,4.0,1.0
woodaro01,1630218.0,2021,2020.0,40.0,2.0
woodch01,1626174.0,2016,,,
woodda01,116.0,1989,,,
woodho01,78609.0,1982,1981.0,27.0,2.0
woodle01,78611.0,1985,1984.0,10.0,1.0
woodslo01,2254.0,2002,2001.0,45.0,2.0
woodsmi01,78614.0,1981,1980.0,12.0,1.0
woodsqy01,2417.0,2003,2002.0,21.0,1.0
woodsra01,1010.0,1993,1992.0,16.0,1.0
woolror01,78615.0,1982,1981.0,6.0,1.0
workmha01,906.0,1990,1989.0,49.0,2.0
worthja01,1460.0,1983,1982.0,1.0,1.0
worthsa01,78618.0,1981,1980.0,26.0,2.0
wrighan01,101120.0,2006,2005.0,15.0,1.0
wrighbr01,78620.0,1987,1985.0,49.0,3.0
wrighbr02,101152.0,2006,2005.0,47.0,2.0
wrighbr03,201148.0,2008,2007.0,8.0,1.0
wrighch01,202874.0,2012,,,
wrighch02,,2013,,,
wrighde01,1626153.0,2016,2015.0,20.0,1.0
wrighdo01,2748.0,2005,2004.0,19.0,1.0
wrighho02,78621.0,1991,,,
wrighju01,201153.0,2008,2007.0,13.0,1.0
wrighju02,1629625.0,2020,2019.0,53.0,2.0
wrighla01,78623.0,1977,1976.0,14.0,1.0
wrighlo02,953.0,1997,1996.0,7.0,1.0
wrighlu01,1007.0,1994,1993.0,18.0,1.0
wrighmc01,1630593.0,2022,,,
wrighmo01,1630589.0,2022,,,
wrighsh01,412.0,1995,1994.0,6.0,1.0
wroteto01,203100.0,2013,2012.0,25.0,1.0
wyndeaj01,78627.0,1991,,,
yabusgu01,1627824.0,2018,2016.0,16.0,1.0
yangha01,,2026,,,
yarbrvi01,2428.0,2003,2002.0,32.0,2.0
yonakri01,78632.0,1982,1980.0,61.0,3.0
yorkga01,1628221.0,2022,,,
youngch01,,2026,,,
youngda01,78633.0,1985,1984.0,39.0,2.0
youngja01,203923.0,2015,2014.0,17.0,1.0
youngja05,1642443.0,2025,,,
youngjo01,1626202.0,2016,2015.0,43.0,2.0
youngko01,,1999,,,
youngmi01,78634.0,1985,1984.0,24.0,1.0
youngni01,201156.0,2008,2007.0,16.0,1.0
youngpe01,78635.0,1987,1985.0,61.0,3.0
youngsa01,201970.0,2010,2009.0,36.0,2.0
youngth01,201152.0,2008,2007.0,12.0,1.0
youngti01,1937.0,2000,1999.0,56.0,2.0
youngtr01,1629027.0,2019,2018.0,5.0,1.0
yuesu01,201180.0,2009,2007.0,40.0,2.0
yurtsom01,1630209.0,2022,,,
zelleco01,203469.0,2014,2013.0,4.0,1.0
zellelu01,,2013,,,
zellety01,203092.0,2013,2012.0,17.0,1.0
zenoto01,78643.0,1980,1979.0,32.0,2.0
zevenph01,78644.0,1988,1987.0,50.0,3.0
zhizhwa01,1917.0,2001,1999.0,36.0,2.0
zidekge01,678.0,1996,1995.0,22.0,1.0
zikarro01,,2026,,,
zimmede01,,2006,,,
zimmest01,1627757.0,2017,2016.0,41.0,2.0
zipsepa01,1627835.0,2017,2016.0,48.0,2.0
zizican01,1627790.0,2018,2016.0,23.0,1.0
zoetji01,78647.0,1983,,,
zubaciv01,1627826.0,2017,2016.0,32.0,2.0
