n_clusters,noise,silhouette,calinski_harabasz,davies_bouldin,dbcv,n_components,n_neighbors,min_dist,min_cluster_size,min_samples,composite_2025,dbcv_hdbscan
23,0.17087542087542087,0.48360875248908997,1800.9857439064756,0.5836536911693959,0.2516568100127157,2,10,0.0,15,5,0.8113772610013849,0.2910806839168896
10,0.0765993265993266,0.36388155817985535,347.4679403729768,0.5345371417447675,-0.21776277633577226,2,10,0.0,15,10,0.716349229784478,0.09701000926947641
10,0.11952861952861953,0.373064249753952,260.0214374852405,0.4656803498963272,-0.11476076544234298,2,10,0.0,15,15,0.696103195353031,0.0686857123552419
19,0.18434343434343434,0.49940457940101624,1947.684175668668,0.6112118385211414,0.24069724182171404,2,10,0.0,20,5,0.864376074173989,0.23772280180652897
7,0.045454545454545456,0.31368616223335266,522.17572771834,0.600548311123095,-0.2857896436303469,2,10,0.0,20,10,0.6756341334704733,0.04847891136978524
6,0.06734006734006734,0.3166784942150116,523.7302627668524,0.6081379656440234,-0.22336758207830323,2,10,0.0,20,15,0.6696727802069168,0.03413710808805075
7,0.015993265993265993,0.30247145891189575,542.2163952414965,0.6323768322589061,-0.33812923746609774,2,10,0.0,25,5,0.6847943785629542,0.05906092743325911
7,0.045454545454545456,0.31368616223335266,522.17572771834,0.600548311123095,-0.2857896436303469,2,10,0.0,25,10,0.6756341334704733,0.04847891136978524
6,0.06734006734006734,0.3166784942150116,523.7302627668524,0.6081379656440234,-0.22336758207830323,2,10,0.0,25,15,0.6696727802069168,0.03413710808805075
7,0.015993265993265993,0.30247145891189575,542.2163952414965,0.6323768322589061,-0.33812923746609774,2,10,0.0,30,5,0.6847943785629542,0.05906092743325911
6,0.04040404040404041,0.30504706501960754,519.7993670672153,0.6306262296795001,-0.26975800680265005,2,10,0.0,30,10,0.6756157843384505,0.015136587854529376
6,0.06734006734006734,0.3166784942150116,523.7302627668524,0.6081379656440234,-0.22336758207830323,2,10,0.0,30,15,0.6696727802069168,0.03413710808805075
4,0.045454545454545456,0.33592459559440613,796.9401496496687,0.6730426750514518,-0.4542670214932024,2,10,0.0,40,5,0.6264463406677641,0.06516767127243661
4,0.06313131313131314,0.33684977889060974,795.4332887988733,0.6331211526131526,-0.2837779575435392,2,10,0.0,40,10,0.6211314017740848,0.16703458855336345
4,0.08501683501683502,0.34299325942993164,813.6314793520596,0.5945485477308323,-0.21363463902867086,2,10,0.0,40,15,0.6173070863446453,0.037239059665029585
4,0.045454545454545456,0.33592459559440613,796.9401496496687,0.6730426750514518,-0.4542670214932024,2,10,0.0,50,5,0.6264463406677641,0.06516767127243661
4,0.06313131313131314,0.33684977889060974,795.4332887988733,0.6331211526131526,-0.2837779575435392,2,10,0.0,50,10,0.6211314017740848,0.16703458855336345
4,0.08501683501683502,0.34299325942993164,813.6314793520596,0.5945485477308323,-0.21363463902867086,2,10,0.0,50,15,0.6173070863446453,0.037239059665029585
21,0.2895622895622896,0.44665390253067017,1033.9153518891292,0.6752174949701961,0.1659213276817181,2,10,0.1,15,5,0.6935209336998266,0.3218605607199651
16,0.3468013468013468,0.45214200019836426,1024.8281502760333,0.5512675701053815,0.1936208261289892,2,10,0.1,15,10,0.7162637110169541,0.13039775018992483
5,0.18265993265993266,0.36228668689727783,259.0618323298359,0.5039634798496369,-0.1325013831713146,2,10,0.1,15,15,0.6154512064695954,0.03470589081000361
17,0.25757575757575757,0.4193902611732483,1083.1320536925534,0.7478408770429869,0.1145047585926774,2,10,0.1,20,5,0.7439490172725154,0.2869645471603505
5,0.132996632996633,0.3315607011318207,202.55854646436634,0.5330257008570529,-0.2009387568839673,2,10,0.1,20,10,0.6200909699172199,0.0006160039078309808
4,0.15151515151515152,0.3347603976726532,269.11031729807064,0.5292882583111478,-0.2009937180761528,2,10,0.1,20,15,0.5416705459261596,0.005929669291278947
5,0.1473063973063973,0.36528700590133667,250.95946531494138,0.5595449402083196,-0.22554858917899542,2,10,0.1,25,5,0.6256970782247755,0.6168481561837171
4,0.11952861952861953,0.3320304751396179,294.8915177219553,0.5623952178173859,-0.19860862400739318,2,10,0.1,25,10,0.5534351371845523,0.0003699919210011963
4,0.15151515151515152,0.3347603976726532,269.11031729807064,0.5292882583111478,-0.2009937180761528,2,10,0.1,25,15,0.5416705459261596,0.005929669291278947
5,0.1473063973063973,0.36528700590133667,250.95946531494138,0.5595449402083196,-0.22554858917899542,2,10,0.1,30,5,0.6256970782247755,0.6168481561837171
4,0.11952861952861953,0.3320304751396179,294.8915177219553,0.5623952178173859,-0.19860862400739318,2,10,0.1,30,10,0.5534351371845523,0.0003699919210011963
3,0.13468013468013468,0.3079736828804016,419.8906560363022,0.7175187177317524,-0.26049528487325,2,10,0.1,30,15,0.5577810776316501,0.0009725050168586933
2,0.05387205387205387,0.4697393774986267,1136.3234622167308,0.7410762701278757,-0.45348857841088164,2,10,0.1,40,5,0.6779316366848509,0.00042428995640529454
3,0.1026936026936027,0.2910693883895874,453.3625214324795,0.8449812163875232,-0.21692268385248703,2,10,0.1,40,10,0.5681885795936052,0.00011745030009111515
3,0.13468013468013468,0.3079736828804016,419.8906560363022,0.7175187177317524,-0.26049528487325,2,10,0.1,40,15,0.5577810776316501,0.0009725050168586933
2,0.05387205387205387,0.4697393774986267,1136.3234622167308,0.7410762701278757,-0.45348857841088164,2,10,0.1,50,5,0.6779316366848509,0.00042428995640529454
2,0.05723905723905724,0.463097482919693,1009.8578158517142,0.7087173298618595,-0.30137478397148537,2,10,0.1,50,10,0.6632786868514082,0.0018632505663455528
2,0.09764309764309764,0.46974968910217285,945.1535175195536,0.68189849263341,-0.28008152863523944,2,10,0.1,50,15,0.6456848758243519,0.00017789673921933657
23,0.265993265993266,0.5425777435302734,2521.5956090207574,0.5846054076874044,0.26183086403621975,2,15,0.0,15,5,0.8115886817315613,0.23997010186239404
21,0.3282828282828283,0.5745105147361755,2412.299870378819,0.5137663672621242,0.26558157568988167,2,15,0.0,15,10,0.7976917287255779,0.19044370842676736
7,0.07154882154882154,0.3355250060558319,269.82376982502876,0.5469357878805542,-0.12284770903135135,2,15,0.0,15,15,0.6458464814262311,0.013031834181025256
20,0.26515151515151514,0.539763331413269,2264.7478766946087,0.5904089518540807,0.2753531326428327,2,15,0.0,20,5,0.8514190451665358,0.21639244130215196
19,0.31986531986531985,0.5733707547187805,2464.8264644899705,0.5568446716466883,0.2646759152134324,2,15,0.0,20,10,0.8400460172482211,0.19001185945052704
6,0.0867003367003367,0.338150292634964,303.298651722387,0.5606925148378951,-0.05614700567719845,2,15,0.0,20,15,0.6450423080573823,0.02979802051876674
2,0.0,0.17728789150714874,83.66880318955099,0.783844292583405,-0.4354769362015783,2,15,0.0,25,5,0.5449600640450274,0.26307720673338336
8,0.10774410774410774,0.2924301326274872,467.3574884858109,0.6282154053266027,0.031602349153352874,2,15,0.0,25,10,0.7082770364194719,0.10287989963890815
5,0.07996632996632996,0.36237210035324097,385.0717138357812,0.4821349749634794,0.028358313499716254,2,15,0.0,25,15,0.6588730874466652,0.0278147650092699
2,0.0,0.17728789150714874,83.66880318955099,0.783844292583405,-0.4354769362015783,2,15,0.0,30,5,0.5449600640450274,0.26307720673338336
7,0.09932659932659933,0.30424395203590393,544.2480363288898,0.6775413808905375,0.020623174410620795,2,15,0.0,30,10,0.6602634166402948,0.10263123705955036
5,0.07996632996632996,0.36237210035324097,385.0717138357812,0.4821349749634794,0.028358313499716254,2,15,0.0,30,15,0.6588730874466652,0.0278147650092699
2,0.0,0.17728789150714874,83.66880318955099,0.783844292583405,-0.4354769362015783,2,15,0.0,40,5,0.5449600640450274,0.26307720673338336
6,0.13131313131313133,0.3052607476711273,593.2628237299489,0.6958270741004074,0.029173252716375705,2,15,0.0,40,10,0.6557214551297246,0.12354538364187578
4,0.06481481481481481,0.38875651359558105,536.349298252181,0.601226181963407,0.021011157537345504,2,15,0.0,40,15,0.6025039624201107,0.027459033895824686
2,0.0,0.17728789150714874,83.66880318955099,0.783844292583405,-0.4354769362015783,2,15,0.0,50,5,0.5449600640450274,0.26307720673338336
5,0.16498316498316498,0.2948956787586212,619.3683314589646,0.7501369831900112,0.004702422057239766,2,15,0.0,50,10,0.6466762354647402,0.10213708715981011
4,0.06481481481481481,0.38875651359558105,536.349298252181,0.601226181963407,0.021011157537345504,2,15,0.0,50,15,0.6025039624201107,0.027459033895824686
2,0.0008417508417508417,0.17177237570285797,82.86478566818684,0.8428793533952529,-0.418597206293436,2,15,0.1,15,5,0.5437998096697221,0.09001642340591373
2,0.004208754208754209,0.17268942296504974,81.84546799719043,0.8370750272914554,-0.4179128680818805,2,15,0.1,15,10,0.5428253339818503,6.2558597779976115e-06
2,0.020202020202020204,0.18245366215705872,81.87056853984457,0.8136308489275745,-0.3642898677655992,2,15,0.1,15,15,0.5394945001169371,0.009650829112978931
2,0.0008417508417508417,0.17177237570285797,82.86478566818684,0.8428793533952529,-0.418597206293436,2,15,0.1,20,5,0.5437998096697221,0.09001642340591373
2,0.004208754208754209,0.17268942296504974,81.84546799719043,0.8370750272914554,-0.4179128680818805,2,15,0.1,20,10,0.5428253339818503,6.2558597779976115e-06
2,0.020202020202020204,0.18245366215705872,81.87056853984457,0.8136308489275745,-0.3642898677655992,2,15,0.1,20,15,0.5394945001169371,0.009650829112978931
2,0.0008417508417508417,0.17177237570285797,82.86478566818684,0.8428793533952529,-0.418597206293436,2,15,0.1,25,5,0.5437998096697221,0.09001642340591373
2,0.004208754208754209,0.17268942296504974,81.84546799719043,0.8370750272914554,-0.4179128680818805,2,15,0.1,25,10,0.5428253339818503,6.2558597779976115e-06
2,0.020202020202020204,0.18245366215705872,81.87056853984457,0.8136308489275745,-0.3642898677655992,2,15,0.1,25,15,0.5394945001169371,0.009650829112978931
2,0.0008417508417508417,0.17177237570285797,82.86478566818684,0.8428793533952529,-0.418597206293436,2,15,0.1,30,5,0.5437998096697221,0.09001642340591373
2,0.004208754208754209,0.17268942296504974,81.84546799719043,0.8370750272914554,-0.4179128680818805,2,15,0.1,30,10,0.5428253339818503,6.2558597779976115e-06
2,0.020202020202020204,0.18245366215705872,81.87056853984457,0.8136308489275745,-0.3642898677655992,2,15,0.1,30,15,0.5394945001169371,0.009650829112978931
2,0.0008417508417508417,0.17177237570285797,82.86478566818684,0.8428793533952529,-0.418597206293436,2,15,0.1,40,5,0.5437998096697221,0.09001642340591373
2,0.004208754208754209,0.17268942296504974,81.84546799719043,0.8370750272914554,-0.4179128680818805,2,15,0.1,40,10,0.5428253339818503,6.2558597779976115e-06
2,0.020202020202020204,0.18245366215705872,81.87056853984457,0.8136308489275745,-0.3642898677655992,2,15,0.1,40,15,0.5394945001169371,0.009650829112978931
2,0.0008417508417508417,0.17177237570285797,82.86478566818684,0.8428793533952529,-0.418597206293436,2,15,0.1,50,5,0.5437998096697221,0.09001642340591373
2,0.004208754208754209,0.17268942296504974,81.84546799719043,0.8370750272914554,-0.4179128680818805,2,15,0.1,50,10,0.5428253339818503,6.2558597779976115e-06
2,0.020202020202020204,0.18245366215705872,81.87056853984457,0.8136308489275745,-0.3642898677655992,2,15,0.1,50,15,0.5394945001169371,0.009650829112978931
20,0.20959595959595959,0.4841380715370178,1746.8196747919067,0.6591078442292294,0.23016462789614692,2,20,0.0,15,5,0.8344238903309555,0.1990432336989549
19,0.35774410774410775,0.5810111165046692,2483.464805372066,0.5649396274080822,0.31448745758410607,2,20,0.0,15,10,0.8298284351524681,0.21577654473720678
18,0.3947811447811448,0.5725846290588379,2038.5678415571294,0.5115114072615458,0.25858689157639164,2,20,0.0,15,15,0.8174533509244821,0.2169610697223746
19,0.19696969696969696,0.4763573110103607,1755.0433900050734,0.6759782652764731,0.20638904501036842,2,20,0.0,20,5,0.8378670265611523,0.17615444537821845
19,0.35774410774410775,0.5810111165046692,2483.464805372066,0.5649396274080822,0.31448745758410607,2,20,0.0,20,10,0.8298284351524681,0.21577654473720678
16,0.4234006734006734,0.5887805819511414,2215.028424712878,0.5012582186355219,0.24661622406928227,2,20,0.0,20,15,0.8112968852724691,0.23850475396075846
2,0.0025252525252525255,0.26099714636802673,138.16663362249554,0.6396295229581199,-0.4071042931143105,2,20,0.0,25,5,0.5622086595598779,0.02586138498162306
15,0.35353535353535354,0.5103904008865356,1905.428522791431,0.7059394863309997,0.2688353920644329,2,20,0.0,25,10,0.8110408063515173,0.20892922393262436
2,0.011784511784511785,0.26224005222320557,138.54882560524157,0.638144034852225,-0.4018830733887213,2,20,0.0,25,15,0.5596555368586513,0.0019023927753448935
2,0.0025252525252525255,0.26099714636802673,138.16663362249554,0.6396295229581199,-0.4071042931143105,2,20,0.0,30,5,0.5622086595598779,0.02586138498162306
7,0.20707070707070707,0.4075358211994171,521.1404997657263,0.6304187696885226,-0.08615751957822551,2,20,0.0,30,10,0.641123211035273,0.07152033717861339
2,0.011784511784511785,0.26224005222320557,138.54882560524157,0.638144034852225,-0.4018830733887213,2,20,0.0,30,15,0.5596555368586513,0.0019023927753448935
2,0.0025252525252525255,0.26099714636802673,138.16663362249554,0.6396295229581199,-0.4071042931143105,2,20,0.0,40,5,0.5622086595598779,0.02586138498162306
2,0.015151515151515152,0.26437580585479736,137.11145296198015,0.6337746492932447,-0.40148359260395455,2,20,0.0,40,10,0.558822061628963,0.010315493053471037
2,0.011784511784511785,0.26224005222320557,138.54882560524157,0.638144034852225,-0.4018830733887213,2,20,0.0,40,15,0.5596555368586513,0.0019023927753448935
2,0.0025252525252525255,0.26099714636802673,138.16663362249554,0.6396295229581199,-0.4071042931143105,2,20,0.0,50,5,0.5622086595598779,0.02586138498162306
2,0.015151515151515152,0.26437580585479736,137.11145296198015,0.6337746492932447,-0.40148359260395455,2,20,0.0,50,10,0.558822061628963,0.010315493053471037
2,0.011784511784511785,0.26224005222320557,138.54882560524157,0.638144034852225,-0.4018830733887213,2,20,0.0,50,15,0.5596555368586513,0.0019023927753448935
2,0.0025252525252525255,0.22480115294456482,113.90082169036549,0.7109850316156494,-0.4790201793638921,2,20,0.1,15,5,0.5543526793531455,0.009685529716806768
17,0.40824915824915825,0.5440711379051208,1585.9155074410842,0.5947199480538856,0.22430677498302098,2,20,0.1,15,10,0.7677274739551292,0.20590362430385856
12,0.2904040404040404,0.27593111991882324,307.9209578170131,0.5745558909084155,0.05549974940715625,2,20,0.1,15,15,0.6350605516483127,0.12073274204296046
2,0.0025252525252525255,0.22480115294456482,113.90082169036549,0.7109850316156494,-0.4790201793638921,2,20,0.1,20,5,0.5543526793531455,0.009685529716806768
2,0.011784511784511785,0.2277153581380844,115.22630619018176,0.7060518605561799,-0.45085496224773264,2,20,0.1,20,10,0.5521445808043772,0.002009757859419808
2,0.027777777777777776,0.23624248802661896,116.17327737062512,0.6941021963225392,-0.26764448624840004,2,20,0.1,20,15,0.548720367607722,0.0008190747822277412
2,0.0025252525252525255,0.22480115294456482,113.90082169036549,0.7109850316156494,-0.4790201793638921,2,20,0.1,25,5,0.5543526793531455,0.009685529716806768
2,0.011784511784511785,0.2277153581380844,115.22630619018176,0.7060518605561799,-0.45085496224773264,2,20,0.1,25,10,0.5521445808043772,0.002009757859419808
2,0.027777777777777776,0.23624248802661896,116.17327737062512,0.6941021963225392,-0.26764448624840004,2,20,0.1,25,15,0.548720367607722,0.0008190747822277412
2,0.0025252525252525255,0.22480115294456482,113.90082169036549,0.7109850316156494,-0.4790201793638921,2,20,0.1,30,5,0.5543526793531455,0.009685529716806768
2,0.011784511784511785,0.2277153581380844,115.22630619018176,0.7060518605561799,-0.45085496224773264,2,20,0.1,30,10,0.5521445808043772,0.002009757859419808
2,0.027777777777777776,0.23624248802661896,116.17327737062512,0.6941021963225392,-0.26764448624840004,2,20,0.1,30,15,0.548720367607722,0.0008190747822277412
2,0.0025252525252525255,0.22480115294456482,113.90082169036549,0.7109850316156494,-0.4790201793638921,2,20,0.1,40,5,0.5543526793531455,0.009685529716806768
2,0.011784511784511785,0.2277153581380844,115.22630619018176,0.7060518605561799,-0.45085496224773264,2,20,0.1,40,10,0.5521445808043772,0.002009757859419808
2,0.027777777777777776,0.23624248802661896,116.17327737062512,0.6941021963225392,-0.26764448624840004,2,20,0.1,40,15,0.548720367607722,0.0008190747822277412
2,0.0025252525252525255,0.22480115294456482,113.90082169036549,0.7109850316156494,-0.4790201793638921,2,20,0.1,50,5,0.5543526793531455,0.009685529716806768
2,0.011784511784511785,0.2277153581380844,115.22630619018176,0.7060518605561799,-0.45085496224773264,2,20,0.1,50,10,0.5521445808043772,0.002009757859419808
2,0.027777777777777776,0.23624248802661896,116.17327737062512,0.6941021963225392,-0.26764448624840004,2,20,0.1,50,15,0.548720367607722,0.0008190747822277412
23,0.255050505050505,0.5170955061912537,2030.9652685642716,0.6141713349496929,0.1963116235964303,2,30,0.0,15,5,0.8110491744135365,0.23870829759367024
19,0.3493265993265993,0.5899090766906738,2359.6302353088995,0.5376203257879922,0.32514221251482295,2,30,0.0,15,10,0.8336883817056213,0.2137023683399231
11,0.16245791245791247,0.3653016686439514,319.6472542516098,0.5079176237485754,0.058192158999729064,2,30,0.0,15,15,0.6880226019843799,0.05257764802789365
11,0.07154882154882154,0.32472577691078186,331.4371652312302,0.5881382942925135,-0.008169936838140844,2,30,0.0,20,5,0.7103879365950938,0.11907170079159284
11,0.15067340067340068,0.29608261585235596,385.9792250616925,0.615681350330355,0.11629839922785762,2,30,0.0,20,10,0.6878082946820023,0.06465059886706184
9,0.14057239057239057,0.37433671951293945,343.49197632243613,0.5585622157616369,0.18799709185008082,2,30,0.0,20,15,0.6983279883874673,0.46710356049803453
10,0.09175084175084175,0.3237435817718506,352.7311038136051,0.5901425084345795,-0.015256898461311834,2,30,0.0,25,5,0.7063093951218855,0.10410967287320945
10,0.1691919191919192,0.3021201491355896,416.2592502957338,0.6227823811945229,0.10956565956625494,2,30,0.0,25,10,0.686186371642336,0.052123838129388325
9,0.14057239057239057,0.37433671951293945,343.49197632243613,0.5585622157616369,0.18799709185008082,2,30,0.0,25,15,0.6983279883874673,0.46710356049803453
9,0.08922558922558922,0.3387542963027954,340.5107868833059,0.59777742471408,-0.04672430101178543,2,30,0.0,30,5,0.7080965463660731,0.4921027144627598
10,0.1691919191919192,0.3021201491355896,416.2592502957338,0.6227823811945229,0.10956565956625494,2,30,0.0,30,10,0.686186371642336,0.052123838129388325
9,0.14057239057239057,0.37433671951293945,343.49197632243613,0.5585622157616369,0.18799709185008082,2,30,0.0,30,15,0.6983279883874673,0.46710356049803453
4,0.026094276094276093,0.2759404182434082,638.3692472694037,0.7347865048693475,-0.24659299391389258,2,30,0.0,40,5,0.6073997046351687,0.4233566145183037
6,0.17424242424242425,0.43568161129951477,600.5543089768472,0.6067123100676647,0.19694617223958716,2,30,0.0,40,10,0.6631349453198846,0.03170714784767237
6,0.12457912457912458,0.40283656120300293,540.4127330399367,0.6352228962850274,0.1626212001902768,2,30,0.0,40,15,0.6670930201107067,0.034572638640824445
3,0.025252525252525252,0.36359140276908875,781.6111432314037,0.8968519199547945,-0.18916289147169874,2,30,0.0,50,5,0.635124067162746,0.050873552302799815
2,0.03872053872053872,0.24653173983097076,139.60276377478954,0.6268101137924067,-0.4408894886328284,2,30,0.0,50,10,0.5493238757359629,0.009368838046852042
4,0.14225589225589225,0.4269466698169708,782.193650275786,0.6030587424246607,0.2473993409789583,2,30,0.0,50,15,0.6095845978233565,0.03027691190925803
2,0.0,0.20600883662700653,102.76245048800159,0.7606425177938886,-0.6106424571425412,2,30,0.1,15,5,0.5511775705428511,0.029605165811779452
10,0.18602693602693604,0.3259124457836151,310.69597248732174,0.5811850897157604,-0.12900505030126064,2,30,0.1,15,10,0.6741483833081936,0.4063147022131819
2,0.02861952861952862,0.21993353962898254,100.01475830532404,0.7282403064135573,-0.5455409653841485,2,30,0.1,15,15,0.5444056481890212,0.0025094751264292028
2,0.0,0.20600883662700653,102.76245048800159,0.7606425177938886,-0.6106424571425412,2,30,0.1,20,5,0.5511775705428511,0.029605165811779452
2,0.012626262626262626,0.21114307641983032,101.00091144021766,0.7464970988987838,-0.5583725616043268,2,30,0.1,20,10,0.5479836738191175,0.01475124631127734
2,0.02861952861952862,0.21993353962898254,100.01475830532404,0.7282403064135573,-0.5455409653841485,2,30,0.1,20,15,0.5444056481890212,0.0025094751264292028
2,0.0,0.20600883662700653,102.76245048800159,0.7606425177938886,-0.6106424571425412,2,30,0.1,25,5,0.5511775705428511,0.029605165811779452
2,0.012626262626262626,0.21114307641983032,101.00091144021766,0.7464970988987838,-0.5583725616043268,2,30,0.1,25,10,0.5479836738191175,0.01475124631127734
2,0.02861952861952862,0.21993353962898254,100.01475830532404,0.7282403064135573,-0.5455409653841485,2,30,0.1,25,15,0.5444056481890212,0.0025094751264292028
2,0.0,0.20600883662700653,102.76245048800159,0.7606425177938886,-0.6106424571425412,2,30,0.1,30,5,0.5511775705428511,0.029605165811779452
9,0.1994949494949495,0.36662861704826355,341.36447430431014,0.5792574409656298,0.041981706118103486,2,30,0.1,30,10,0.6792822551391857,0.3974105117241017
2,0.02861952861952862,0.21993353962898254,100.01475830532404,0.7282403064135573,-0.5455409653841485,2,30,0.1,30,15,0.5444056481890212,0.0025094751264292028
2,0.0,0.20600883662700653,102.76245048800159,0.7606425177938886,-0.6106424571425412,2,30,0.1,40,5,0.5511775705428511,0.029605165811779452
6,0.19865319865319866,0.38831770420074463,509.06963520797314,0.6174025007854015,-0.10368596501647802,2,30,0.1,40,10,0.6395586595549494,0.02538462397632779
2,0.02861952861952862,0.21993353962898254,100.01475830532404,0.7282403064135573,-0.5455409653841485,2,30,0.1,40,15,0.5444056481890212,0.0025094751264292028
2,0.0,0.20600883662700653,102.76245048800159,0.7606425177938886,-0.6106424571425412,2,30,0.1,50,5,0.5511775705428511,0.029605165811779452
2,0.012626262626262626,0.21114307641983032,101.00091144021766,0.7464970988987838,-0.5583725616043268,2,30,0.1,50,10,0.5479836738191175,0.01475124631127734
3,0.2828282828282828,0.3676028549671173,781.0382645326981,0.7586206446708665,0.02138508018780101,2,30,0.1,50,15,0.5583957698498525,0.09448430905078334
22,0.3047138047138047,0.4776819050312042,1598.6705486322169,0.6214599853839665,0.1807523566394067,2,50,0.0,15,5,0.750105199203761,0.25353597311480974
17,0.3114478114478115,0.5382845997810364,1851.9207731918832,0.5792850866356388,0.20257005343999196,2,50,0.0,15,10,0.8225004238520004,0.09709155861811371
9,0.16245791245791247,0.3575441539287567,250.18607889951326,0.48458490088008394,-0.04402703754741108,2,50,0.0,15,15,0.6799128572418911,0.4528147523366828
19,0.2786195286195286,0.4766335189342499,1607.9390551232063,0.6505147654274931,0.16435797844358901,2,50,0.0,20,5,0.7987030747665995,0.2583136077583372
17,0.3114478114478115,0.5382845997810364,1851.9207731918832,0.5792850866356388,0.20257005343999196,2,50,0.0,20,10,0.8225004238520004,0.09709155861811371
8,0.14898989898989898,0.36309322714805603,291.9820208638621,0.5144368730460263,-0.09217337319388183,2,50,0.0,20,15,0.6889652164616249,0.05304736965033143
12,0.281986531986532,0.44948509335517883,1382.4099814832189,0.7199764678666652,0.12997476257112653,2,50,0.0,25,5,0.7710678025556392,0.19569905991012485
14,0.31397306397306396,0.5039615035057068,1747.2536566330964,0.6716442373175405,0.17218029198413795,2,50,0.0,25,10,0.8061276719972466,0.2420026585052398
7,0.13383838383838384,0.3450919985771179,358.91110947613254,0.5597022410075004,-0.10218202308763057,2,50,0.0,25,15,0.6375033955826658,0.05250364564908022
12,0.281986531986532,0.44948509335517883,1382.4099814832189,0.7199764678666652,0.12997476257112653,2,50,0.0,30,5,0.7710678025556392,0.19569905991012485
14,0.31397306397306396,0.5039615035057068,1747.2536566330964,0.6716442373175405,0.17218029198413795,2,50,0.0,30,10,0.8061276719972466,0.2420026585052398
6,0.15488215488215487,0.34915679693222046,394.94571837628126,0.5649176456410063,-0.1173462373158998,2,50,0.0,30,15,0.6354034449128148,0.05250364564908022
10,0.29545454545454547,0.41091346740722656,1200.298475383542,0.7774471861206516,0.042253235492654695,2,50,0.0,40,5,0.7430305040130745,0.17433218824175786
6,0.11952861952861953,0.3531818985939026,464.5918400232329,0.589695794487033,-0.15097717549835094,2,50,0.0,40,10,0.6535778829328228,0.5011188925689306
4,0.09764309764309764,0.25504177808761597,604.6737050311916,1.2654521660637679,-0.1924217674883503,2,50,0.0,40,15,0.5794307079233323,0.0020388493294827624
6,0.1414141414141414,0.362609326839447,971.4038534983433,0.8097109399589097,-0.198412318489654,2,50,0.0,50,5,0.699107541951509,0.03962836266816193
4,0.10437710437710437,0.2622005343437195,615.4671089532633,1.2255218888352857,-0.25708926053299747,2,50,0.0,50,10,0.579563659733753,0.42477793300598005
3,0.1388888888888889,0.3689124584197998,813.1753308056175,0.6832442830199023,-0.2194893991502058,2,50,0.0,50,15,0.6049877351768651,0.0020388493294827624
2,0.005892255892255892,0.22984375059604645,123.53888465015041,0.6918076115720845,-0.3724918920188771,2,50,0.1,15,5,0.5550627742867453,0.017764434814658572
9,0.21632996632996632,0.3532865345478058,693.7168188970078,0.631381777316692,0.013418252343056415,2,50,0.1,15,10,0.7074656721728818,0.4150249564322656
7,0.1691919191919192,0.35481780767440796,417.48968429053247,0.5693472060608709,0.025780959541721396,2,50,0.1,15,15,0.6342140638226386,0.5303850000776115
2,0.005892255892255892,0.22984375059604645,123.53888465015041,0.6918076115720845,-0.3724918920188771,2,50,0.1,20,5,0.5550627742867453,0.017764434814658572
7,0.1919191919191919,0.41481858491897583,893.2424943254297,0.6932284737236137,0.0023989681809015867,2,50,0.1,20,10,0.6839712795946317,0.1418570951001071
6,0.1574074074074074,0.3651827275753021,516.1990454042082,0.6198734332926722,0.011575552504037002,2,50,0.1,20,15,0.6491750914544939,0.407733961956934
2,0.005892255892255892,0.22984375059604645,123.53888465015041,0.6918076115720845,-0.3724918920188771,2,50,0.1,25,5,0.5550627742867453,0.017764434814658572
7,0.1919191919191919,0.41481858491897583,893.2424943254297,0.6932284737236137,0.0023989681809015867,2,50,0.1,25,10,0.6839712795946317,0.1418570951001071
6,0.1574074074074074,0.3651827275753021,516.1990454042082,0.6198734332926722,0.011575552504037002,2,50,0.1,25,15,0.6491750914544939,0.407733961956934
2,0.005892255892255892,0.22984375059604645,123.53888465015041,0.6918076115720845,-0.3724918920188771,2,50,0.1,30,5,0.5550627742867453,0.017764434814658572
7,0.1919191919191919,0.41481858491897583,893.2424943254297,0.6932284737236137,0.0023989681809015867,2,50,0.1,30,10,0.6839712795946317,0.1418570951001071
6,0.1574074074074074,0.3651827275753021,516.1990454042082,0.6198734332926722,0.011575552504037002,2,50,0.1,30,15,0.6491750914544939,0.407733961956934
2,0.005892255892255892,0.22984375059604645,123.53888465015041,0.6918076115720845,-0.3724918920188771,2,50,0.1,40,5,0.5550627742867453,0.017764434814658572
7,0.1919191919191919,0.41481858491897583,893.2424943254297,0.6932284737236137,0.0023989681809015867,2,50,0.1,40,10,0.6839712795946317,0.1418570951001071
5,0.1893939393939394,0.39590534567832947,598.837256200016,0.626861076608803,-0.009548582182360217,2,50,0.1,40,15,0.6524513456535691,0.3854073828107674
2,0.005892255892255892,0.22984375059604645,123.53888465015041,0.6918076115720845,-0.3724918920188771,2,50,0.1,50,5,0.5550627742867453,0.017764434814658572
3,0.049663299663299666,0.299649178981781,331.7695599861149,0.6976209874955656,-0.19374805021578756,2,50,0.1,50,10,0.5732253429468888,0.030674103197948225
4,0.2297979797979798,0.3785439431667328,635.2154064542389,0.6647912516969471,-0.03698449777013041,2,50,0.1,50,15,0.5613637381810399,0.36002371206879574
23,0.20875420875420875,0.49529242515563965,1259.3290124240355,0.734771138487153,0.3351621690207613,3,10,0.0,15,5,0.7476005023894869,0.19001004720371298
23,0.3291245791245791,0.5774481892585754,1634.7397438653413,0.5850939334480545,0.33626670594843744,3,10,0.0,15,10,0.7613538290379467,0.2754281278215217
11,0.19696969696969696,0.39121347665786743,322.14492000835486,0.5500376715008293,0.1632844443876666,3,10,0.0,15,15,0.6818056044086065,0.10484157430705078
20,0.1919191919191919,0.43366530537605286,917.8966188285442,0.7936440247950415,0.2874718120729889,3,10,0.0,20,5,0.7492637001135047,0.17344911734859716
17,0.3341750841750842,0.5424456596374512,1170.0822280449916,0.6508054018946068,0.290583567239144,3,10,0.0,20,10,0.7481225464975916,0.2853315640921598
7,0.16835016835016836,0.32287129759788513,497.90625031712545,0.718018803660132,0.10300358855159729,3,10,0.0,20,15,0.6377162691663448,0.06316004076750244
17,0.2239057239057239,0.4789336621761322,976.7249421661433,0.7691914628582907,0.2840889311306917,3,10,0.0,25,5,0.7523408263713169,0.2027655382672715
14,0.3367003367003367,0.5098967552185059,1088.5264025013498,0.69753829246488,0.24762775749536087,3,10,0.0,25,10,0.7343270525228098,0.23596307828299382
6,0.15151515151515152,0.3544217050075531,597.9362439304867,0.7637991084808603,0.10475035926551979,3,10,0.0,25,15,0.6575023346896361,0.043209118825682784
14,0.1919191919191919,0.40198925137519836,712.1981102955904,0.8498767542249522,0.2613310395815406,3,10,0.0,30,5,0.7239424411600812,0.1933167433238208
8,0.14646464646464646,0.33382800221443176,440.0344052372096,0.7189214308778894,0.012257254241188054,3,10,0.0,30,10,0.7001382469164918,0.4820443373109621
6,0.15151515151515152,0.3544217050075531,597.9362439304867,0.7637991084808603,0.10475035926551979,3,10,0.0,30,15,0.6575023346896361,0.043209118825682784
12,0.2222222222222222,0.38717836141586304,618.0728556999975,0.852997401845572,0.2245493585895254,3,10,0.0,40,5,0.7032173731157125,0.1971953710591873
2,0.010942760942760943,0.20737040042877197,119.56851623608645,0.7556562603886388,-0.13872383487402876,3,10,0.0,40,10,0.5497795834050961,0.0005437870156347189
3,0.09427609427609428,0.42225441336631775,652.9602379404704,0.7031029065599387,-0.11104524652916685,3,10,0.0,40,15,0.6103513575161663,0.031674155389865934
7,0.15235690235690236,0.34117990732192993,902.9622106954552,0.9627166042910759,0.03533986619891052,3,10,0.0,50,5,0.6857661364607643,0.06357387123251347
2,0.010942760942760943,0.20737040042877197,119.56851623608645,0.7556562603886388,-0.13872383487402876,3,10,0.0,50,10,0.5497795834050961,0.0005437870156347189
3,0.09427609427609428,0.42225441336631775,652.9602379404704,0.7031029065599387,-0.11104524652916685,3,10,0.0,50,15,0.6103513575161663,0.031674155389865934
23,0.31902356902356904,0.48431146144866943,918.5661721094214,0.6712201446537848,0.20668698334873756,3,10,0.1,15,5,0.6787962657211719,0.18397540293221823
11,0.25084175084175087,0.31812044978141785,246.6383685783371,0.5994036570105142,0.04276889668489072,3,10,0.1,15,10,0.6471293790725211,0.4498903183389115
7,0.22306397306397308,0.35037392377853394,194.6900132501934,0.5489706645018756,0.2536306489855728,3,10,0.1,15,15,0.5951058979726075,0.046734179952536425
4,0.025252525252525252,0.029779138043522835,76.10862520936254,1.0235642851912128,-0.49018037247760393,3,10,0.1,20,5,0.5145019756517071,0.04289468731996461
7,0.24494949494949494,0.3712017834186554,385.92672227231725,0.6875207429189167,0.0671712731715012,3,10,0.1,20,10,0.6107880912551815,0.05402704374261726
6,0.19612794612794612,0.3758299648761749,207.24544909084392,0.5455536166755298,-0.07651369916626766,3,10,0.1,20,15,0.6082606558021267,0.5105469971261093
4,0.025252525252525252,0.029779138043522835,76.10862520936254,1.0235642851912128,-0.49018037247760393,3,10,0.1,25,5,0.5145019756517071,0.04289468731996461
7,0.24494949494949494,0.3712017834186554,385.92672227231725,0.6875207429189167,0.0671712731715012,3,10,0.1,25,10,0.6107880912551815,0.05402704374261726
6,0.19612794612794612,0.3758299648761749,207.24544909084392,0.5455536166755298,-0.07651369916626766,3,10,0.1,25,15,0.6082606558021267,0.5105469971261093
4,0.025252525252525252,0.029779138043522835,76.10862520936254,1.0235642851912128,-0.49018037247760393,3,10,0.1,30,5,0.5145019756517071,0.04289468731996461
2,0.04208754208754209,0.17858946323394775,94.61946287540253,0.8208950620963912,-0.23981358119135007,3,10,0.1,30,10,0.5336241031463698,0.0029866823044050507
3,0.1978114478114478,0.3859117925167084,455.40428327170656,0.7010940118032095,-0.19776574913924239,3,10,0.1,30,15,0.5540837628612425,0.028474806837750336
3,0.05723905723905724,0.02845831960439682,74.46905798213541,1.0936630662371023,-0.5064026072175336,3,10,0.1,40,5,0.5045439365671559,0.035247696108759385
2,0.04208754208754209,0.17858946323394775,94.61946287540253,0.8208950620963912,-0.23981358119135007,3,10,0.1,40,10,0.5336241031463698,0.0029866823044050507
3,0.1978114478114478,0.3859117925167084,455.40428327170656,0.7010940118032095,-0.19776574913924239,3,10,0.1,40,15,0.5540837628612425,0.028474806837750336
2,0.020202020202020204,0.16765153408050537,102.30912151149322,0.881250478930626,-0.41489812778114593,3,10,0.1,50,5,0.5393180362026191,0.0
2,0.04208754208754209,0.17858946323394775,94.61946287540253,0.8208950620963912,-0.23981358119135007,3,10,0.1,50,10,0.5336241031463698,0.0029866823044050507
2,0.2382154882154882,0.4667918086051941,694.9490408519163,0.6640223723411288,-0.2260959681565603,3,10,0.1,50,15,0.5780490289113243,0.001206979918950543
9,0.04882154882154882,0.38526493310928345,208.4898997290898,0.634055410515843,0.11781705527801482,3,15,0.0,15,5,0.7139922652928368,0.14110789474637314
8,0.08417508417508418,0.394131600856781,225.82967771287662,0.5606832582961786,0.15602485541991706,3,15,0.0,15,10,0.7064501826472795,0.09613767656857758
7,0.12289562289562289,0.4231415390968323,255.02616488460893,0.48640670341760844,0.39895381902820265,3,15,0.0,15,15,0.6421051604842989,0.5686675896816747
8,0.03787878787878788,0.38721999526023865,249.30736312366233,0.6448777177439009,0.1087372183536748,3,15,0.0,20,5,0.7216500992377657,0.10085163666656378
6,0.1127946127946128,0.436592161655426,283.7489434958838,0.5013323226572496,0.3559226566108623,3,15,0.0,20,10,0.6500253347595184,0.5643323087272256
6,0.13804713804713806,0.44966021180152893,288.00566307010587,0.48664241143207104,0.3891216351787816,3,15,0.0,20,15,0.6448354566630985,0.5568461201034633
7,0.05723905723905724,0.4033430814743042,272.66030059700506,0.5776156652693475,0.1877960059824095,3,15,0.0,25,5,0.6605957751091289,0.5450112867752728
6,0.1127946127946128,0.436592161655426,283.7489434958838,0.5013323226572496,0.3559226566108623,3,15,0.0,25,10,0.6500253347595184,0.5643323087272256
6,0.13804713804713806,0.44966021180152893,288.00566307010587,0.48664241143207104,0.3891216351787816,3,15,0.0,25,15,0.6448354566630985,0.5568461201034633
6,0.08080808080808081,0.4295424818992615,300.8009554735692,0.5365978295316699,0.3280035555181798,3,15,0.0,30,5,0.6602690435898219,0.5450112867752728
6,0.1127946127946128,0.436592161655426,283.7489434958838,0.5013323226572496,0.3559226566108623,3,15,0.0,30,10,0.6500253347595184,0.5643323087272256
6,0.13804713804713806,0.44966021180152893,288.00566307010587,0.48664241143207104,0.3891216351787816,3,15,0.0,30,15,0.6448354566630985,0.5568461201034633
5,0.07744107744107744,0.41579654812812805,372.55352466610964,0.6276386038043947,0.29628247266042085,3,15,0.0,40,5,0.666392511453507,0.5124350656315374
5,0.14225589225589225,0.431613564491272,298.2784488635004,0.512712485717505,0.3383876106414215,3,15,0.0,40,10,0.6418931118832731,0.5411410297606055
4,0.10185185185185185,0.39693590998649597,495.54735755186186,0.7096613646760676,0.37031647291517944,3,15,0.0,40,15,0.588539566697605,0.5322432582830272
2,0.007575757575757576,0.47846078872680664,1368.4189500165737,0.7456299426203303,0.005576179344595427,3,15,0.0,50,5,0.7163382860379512,0.03355296656914568
2,0.04292929292929293,0.4835512042045593,1322.8986502252576,0.7381517384956179,0.0622988111339121,3,15,0.0,50,10,0.7019437577744219,3.37596770664357e-05
2,0.07575757575757576,0.4962354898452759,1328.5924595697652,0.7209174093582166,0.2728811514653715,3,15,0.0,50,15,0.6945672967064951,0.0018644611994575472
24,0.3468013468013468,0.503171980381012,857.319403522633,0.713232110965739,0.1926510137386285,3,15,0.1,15,5,0.6671673333690111,0.1484149468360212
7,0.12457912457912458,0.33345291018486023,200.24510490082363,0.5487202932650412,0.06787580258393018,3,15,0.1,15,10,0.622668709644074,0.4809147849919588
7,0.12457912457912458,0.3444574773311615,204.7259052033243,0.5353465776747187,0.23865115701143066,3,15,0.1,15,15,0.6247674747462693,0.5191410033826092
7,0.08585858585858586,0.31702959537506104,213.61522791096422,0.7062969900132847,-0.14874333835291628,3,15,0.1,20,5,0.6331583863397798,0.45577064904222087
6,0.13804713804713806,0.3798985481262207,228.0327274535904,0.5463150352447733,0.22739550068242004,3,15,0.1,20,10,0.6283739135501507,0.47148783170086367
6,0.13804713804713806,0.3886963725090027,233.0662008305888,0.5307013084681055,0.22804789705474923,3,15,0.1,20,15,0.6301969345452678,0.509685883968241
6,0.1026936026936027,0.3705073297023773,241.6423629153566,0.580607329481743,0.039547963454038465,3,15,0.1,25,5,0.6389322549388115,0.4814018925075246
6,0.13804713804713806,0.3798985481262207,228.0327274535904,0.5463150352447733,0.22739550068242004,3,15,0.1,25,10,0.6283739135501507,0.47148783170086367
6,0.13804713804713806,0.3886963725090027,233.0662008305888,0.5307013084681055,0.22804789705474923,3,15,0.1,25,15,0.6301969345452678,0.509685883968241
6,0.1026936026936027,0.3705073297023773,241.6423629153566,0.580607329481743,0.039547963454038465,3,15,0.1,30,5,0.6389322549388115,0.4814018925075246
6,0.13804713804713806,0.3798985481262207,228.0327274535904,0.5463150352447733,0.22739550068242004,3,15,0.1,30,10,0.6283739135501507,0.47148783170086367
6,0.13804713804713806,0.3886963725090027,233.0662008305888,0.5307013084681055,0.22804789705474923,3,15,0.1,30,15,0.6301969345452678,0.509685883968241
6,0.18518518518518517,0.3081725537776947,387.91323420874534,0.881682160886834,-0.1517271939578508,3,15,0.1,40,5,0.6194616509319733,0.07791949147464292
4,0.12373737373737374,0.3413136303424835,360.7109031426466,0.7950885574518711,0.2004265328805435,3,15,0.1,40,10,0.5601469227444251,0.4467399295615938
2,0.06986531986531987,0.44694918394088745,1046.338572500772,0.825781306604168,0.1922531320805289,3,15,0.1,40,15,0.6607166388816144,0.0034317146181503653
2,0.03787878787878788,0.43232056498527527,1031.3511514450545,0.8511858922082565,-0.24764420734743173,3,15,0.1,50,5,0.6666195635286605,0.003963888250383971
2,0.07154882154882154,0.4396277666091919,1011.464253141875,0.8390198182472715,0.05453859737665758,3,15,0.1,50,10,0.6556259438409198,0.00019700178192730544
2,0.06986531986531987,0.44694918394088745,1046.338572500772,0.825781306604168,0.1922531320805289,3,15,0.1,50,15,0.6607166388816144,0.0034317146181503653
18,0.255050505050505,0.4676351249217987,1020.0189146347227,0.7599989743687391,0.23381432331642482,3,20,0.0,15,5,0.7456320086865906,0.12333880316735533
19,0.37626262626262624,0.5639150142669678,1100.7375159233345,0.5547673861621905,0.25227306489810236,3,20,0.0,15,10,0.7317822158535907,0.18333348528381732
15,0.38804713804713803,0.5511229634284973,1125.6460295350848,0.49552508402319245,0.26687968221723096,3,20,0.0,15,15,0.7288189060536416,0.23404845144529127
16,0.26346801346801346,0.4698258936405182,1081.8996057569575,0.7696619562089546,0.22180438923346768,3,20,0.0,20,5,0.7496234405813695,0.11499762540891252
15,0.4099326599326599,0.5626360177993774,1202.3224357558129,0.5965780038383796,0.22394380651392296,3,20,0.0,20,10,0.7316478482656898,0.16216928015992518
11,0.3712121212121212,0.5581508874893188,1229.6709989376218,0.577303978261471,0.27574822940036386,3,20,0.0,20,15,0.7453260966535236,0.12455162452642166
15,0.2601010101010101,0.4697779417037964,1118.3677000715097,0.7975494439865843,0.21349017872800433,3,20,0.0,25,5,0.7542731582324174,0.11639751189390317
12,0.3728956228956229,0.5353418588638306,1229.3718295292304,0.6069308835597721,0.28422681030958397,3,20,0.0,25,10,0.7413697749138108,0.177394803349213
5,0.132996632996633,0.3910720944404602,332.187899174098,0.6408481123168108,0.33839835554110986,3,20,0.0,25,15,0.6419806141844889,0.5756373596133124
7,0.07575757575757576,0.3358098566532135,241.16807527857455,0.6337987723127568,-0.05124058041288403,3,20,0.0,30,5,0.6417610132985667,0.616682115755347
6,0.13804713804713806,0.40746140480041504,260.1299287137137,0.513365285572136,0.36842425074547036,3,20,0.0,30,10,0.6357180621772922,0.6135589181378217
5,0.132996632996633,0.3910720944404602,332.187899174098,0.6408481123168108,0.33839835554110986,3,20,0.0,30,15,0.6419806141844889,0.5756373596133124
5,0.13636363636363635,0.39707258343696594,278.8402846155544,0.5353552197061033,0.3026249029109013,3,20,0.0,40,5,0.6365358250680094,0.5903103738889008
4,0.08922558922558922,0.351419597864151,461.6245511887836,0.8100184796834439,0.19508186988529558,3,20,0.0,40,10,0.5821077180308243,0.5194312433330027
5,0.132996632996633,0.3910720944404602,332.187899174098,0.6408481123168108,0.33839835554110986,3,20,0.0,40,15,0.6419806141844889,0.5756373596133124
2,0.021885521885521887,0.45638370513916016,1234.3736976806106,0.7877801536467717,-0.08581973464219221,3,20,0.0,50,5,0.6953292689732786,0.01204059764411943
3,0.06313131313131314,0.36802205443382263,663.3816251143357,0.7655499966109872,0.039895976394705074,3,20,0.0,50,10,0.612602076737113,0.009613729885201405
3,0.09343434343434344,0.38046595454216003,649.7202524390897,0.715637910312895,0.04787776048504401,3,20,0.0,50,15,0.60401161539493,6.0695354062564993e-05
20,0.30892255892255893,0.4451131522655487,779.8074476541556,0.7212776831601607,0.183861899819832,3,20,0.1,15,5,0.7020709499284801,0.07387940318068226
10,0.23063973063973064,0.32130685448646545,223.27817549008958,0.5948697960983912,0.015009587187427523,3,20,0.1,15,10,0.6513319265300596,0.4149242065185468
10,0.3063973063973064,0.3250773847103119,267.8996250704273,0.6146419004603256,0.08017570866419738,3,20,0.1,15,15,0.6336323782943976,0.08995548173292713
16,0.3434343434343434,0.45989638566970825,848.3270930898112,0.6969818934594592,0.1894370658846428,3,20,0.1,20,5,0.7007868641291344,0.06139997100184044
8,0.234006734006734,0.3411575257778168,274.4537689809244,0.620140396913434,-0.0008201342055280201,3,20,0.1,20,10,0.6584169855627447,0.41452336368861137
6,0.1691919191919192,0.3722814917564392,215.29315290941187,0.5336026374664694,0.19354345586168067,3,20,0.1,20,15,0.6166139632968313,0.5201445194475789
8,0.16077441077441076,0.30805477499961853,285.4857424630923,0.7082018165744726,-0.01937751410507428,3,20,0.1,25,5,0.6765244672639288,0.05880331799565475
8,0.234006734006734,0.3411575257778168,274.4537689809244,0.620140396913434,-0.0008201342055280201,3,20,0.1,25,10,0.6584169855627447,0.41452336368861137
4,0.14562289562289563,0.3372924327850342,364.206453941281,0.7742849381634093,0.19951496806148414,3,20,0.1,25,15,0.5533276416250145,0.4419422883179589
7,0.15404040404040403,0.2991912364959717,331.79797372027156,0.7800305267092352,-0.041307301720663894,3,20,0.1,30,5,0.6218463616343016,0.03302808014779764
7,0.22895622895622897,0.32877206802368164,316.9923689131832,0.716525248599431,-0.02173254858241736,3,20,0.1,30,10,0.6023281784080018,0.4150917124715265
4,0.14562289562289563,0.3372924327850342,364.206453941281,0.7742849381634093,0.19951496806148414,3,20,0.1,30,15,0.5533276416250145,0.4419422883179589
6,0.14898989898989898,0.2952668368816376,384.5423349844068,0.8050092615607118,-0.04829561268368933,3,20,0.1,40,5,0.6280472893337167,0.03586854014640864
6,0.2281144781144781,0.33753105998039246,349.6814867271645,0.8228940378688643,-0.03314684523070567,3,20,0.1,40,10,0.6071634642354319,0.052864681833315844
5,0.2474747474747475,0.3288804292678833,441.6673367142859,0.8793226252612083,-0.07682678941909464,3,20,0.1,40,15,0.6092563738191868,0.0002708939112249394
3,0.10353535353535354,0.2639368772506714,665.5095321774686,0.8958575604798455,-0.20805544752433258,3,20,0.1,50,5,0.5850808787447415,0.0014403013119231103
3,0.22727272727272727,0.3232738673686981,653.3857744693298,1.0233989563716162,-0.048693186495847876,3,20,0.1,50,10,0.5556478393704195,0.129922906425567
3,0.20959595959595959,0.32280388474464417,749.5634607405049,1.03990150118391,-0.10973944611092412,3,20,0.1,50,15,0.5704981409069592,0.15252507333602747
18,0.3787878787878788,0.5209987163543701,1085.7405091709938,0.6666182519685085,0.1508616703421298,3,30,0.0,15,5,0.7230874947338912,0.16496966589308554
15,0.43686868686868685,0.5824287533760071,1375.4288857298277,0.5834022374300486,0.24186289048861967,3,30,0.0,15,10,0.7438465955187779,0.1668307614014364
6,0.13552188552188552,0.34143567085266113,268.54312702138196,0.5974990062617821,0.26156878030169695,3,30,0.0,15,15,0.6274130976734716,0.11613889666705227
12,0.27946127946127947,0.5027898550033569,898.4242602308493,0.6677002022756491,0.1115793789598698,3,30,0.0,20,5,0.7314225204352047,0.07059698298938248
2,0.026094276094276093,0.16855715215206146,96.87273809782529,0.7791714483018811,-0.10220165032235805,3,30,0.0,20,10,0.5371425638043089,0.001209675801547573
5,0.12878787878787878,0.37111085653305054,338.5987964451398,0.6437911954859888,0.266543271457925,3,30,0.0,20,15,0.6408901444881079,0.05810368817133927
12,0.27946127946127947,0.5027898550033569,898.4242602308493,0.6677002022756491,0.1115793789598698,3,30,0.0,25,5,0.7314225204352047,0.07059698298938248
2,0.026094276094276093,0.16855715215206146,96.87273809782529,0.7791714483018811,-0.10220165032235805,3,30,0.0,25,10,0.5371425638043089,0.001209675801547573
5,0.12878787878787878,0.37111085653305054,338.5987964451398,0.6437911954859888,0.266543271457925,3,30,0.0,25,15,0.6408901444881079,0.05810368817133927
10,0.2996632996632997,0.49248483777046204,985.8108472939443,0.7031126690903035,0.11436806882587572,3,30,0.0,30,5,0.7325548204959738,0.10869829384419435
2,0.026094276094276093,0.16855715215206146,96.87273809782529,0.7791714483018811,-0.10220165032235805,3,30,0.0,30,10,0.5371425638043089,0.001209675801547573
5,0.12878787878787878,0.37111085653305054,338.5987964451398,0.6437911954859888,0.266543271457925,3,30,0.0,30,15,0.6408901444881079,0.05810368817133927
9,0.2895622895622896,0.4811370372772217,1059.6104959898007,0.7582371470790448,0.0932079301263825,3,30,0.0,40,5,0.7412629183218764,0.06022193915433258
2,0.026094276094276093,0.16855715215206146,96.87273809782529,0.7791714483018811,-0.10220165032235805,3,30,0.0,40,10,0.5371425638043089,0.001209675801547573
5,0.12878787878787878,0.37111085653305054,338.5987964451398,0.6437911954859888,0.266543271457925,3,30,0.0,40,15,0.6408901444881079,0.05810368817133927
2,0.037037037037037035,0.17061813175678253,97.2826566798649,0.7773842992867007,-0.12615680825281392,3,30,0.0,50,5,0.5342098743203928,0.0021479271229552896
2,0.026094276094276093,0.16855715215206146,96.87273809782529,0.7791714483018811,-0.10220165032235805,3,30,0.0,50,10,0.5371425638043089,0.001209675801547573
2,0.03787878787878788,0.17158547043800354,97.61142044790277,0.7753448274964808,-0.12513324960841227,3,30,0.0,50,15,0.5341353262468544,0.0035611911659157967
19,0.3779461279461279,0.46291494369506836,764.5186209657522,0.6566154233849552,0.2039020463848562,3,30,0.1,15,5,0.6825052652669972,0.221832473221713
15,0.3897306397306397,0.5008346438407898,750.3806579170298,0.6024245960760166,0.15739044978109148,3,30,0.1,15,10,0.6832440704486296,0.09423361130324044
13,0.43602693602693604,0.5384047627449036,819.1442219313359,0.5609490022307899,0.21096862194570754,3,30,0.1,15,15,0.6818670557967883,0.06977858468930294
14,0.3838383838383838,0.47713008522987366,827.8445961916215,0.718305993532985,0.15901463667203702,3,30,0.1,20,5,0.689202457252128,0.13321871381666955
11,0.41414141414141414,0.5161067247390747,834.94389911612,0.6454837704448979,0.12078334533516633,3,30,0.1,20,10,0.686667974380049,0.0750417336446018
10,0.4318181818181818,0.524381697177887,930.2484284974213,0.6515420471120084,0.17683685338916832,3,30,0.1,20,15,0.6921366428809705,0.07042261728596923
5,0.1447811447811448,0.33921727538108826,268.25721256262483,0.6671843436956884,0.00016961192497242858,3,30,0.1,25,5,0.6242739691290823,0.5239931526294318
9,0.3939393939393939,0.4852214455604553,852.9203115950975,0.7297437924548751,0.0925733299612189,3,30,0.1,25,10,0.6898934298117598,0.07703519850510224
9,0.38804713804713803,0.43497318029403687,672.175608756613,0.7594354865574684,0.1547286455804027,3,30,0.1,25,15,0.6660493965056256,0.05542889387308503
5,0.1447811447811448,0.33921727538108826,268.25721256262483,0.6671843436956884,0.00016961192497242858,3,30,0.1,30,5,0.6242739691290823,0.5239931526294318
9,0.3939393939393939,0.4852214455604553,852.9203115950975,0.7297437924548751,0.0925733299612189,3,30,0.1,30,10,0.6898934298117598,0.07703519850510224
4,0.14057239057239057,0.31811457872390747,375.8614813091804,0.8405916389120835,-0.06958237760785825,3,30,0.1,30,15,0.553131617767787,0.026360689875530315
5,0.1447811447811448,0.33921727538108826,268.25721256262483,0.6671843436956884,0.00016961192497242858,3,30,0.1,40,5,0.6242739691290823,0.5239931526294318
5,0.17929292929292928,0.3553621470928192,280.5731251186668,0.6394475874136674,-0.025433965222910793,3,30,0.1,40,10,0.6175737557879107,0.4813345342066921
4,0.14057239057239057,0.31811457872390747,375.8614813091804,0.8405916389120835,-0.06958237760785825,3,30,0.1,40,15,0.553131617767787,0.026360689875530315
3,0.08754208754208755,0.33048656582832336,524.622783983334,0.8285091570367643,-0.05731845674738036,3,30,0.1,50,5,0.5857726370099556,0.03357900605157207
4,0.2138047138047138,0.386226624250412,310.5151430638311,0.5781397117309651,-0.047077188693934596,3,30,0.1,50,10,0.5348440938025307,0.4576475765426992
3,0.17676767676767677,0.3653353750705719,470.4369553202096,0.7898187234236045,-0.07384170500621715,3,30,0.1,50,15,0.5588136987623037,0.0025085073682497303
19,0.335016835016835,0.4923005998134613,1022.8666692288998,0.6518039902563637,0.1944054991908247,3,50,0.0,15,5,0.7256267063898587,0.16372425076233837
14,0.3063973063973064,0.4359578490257263,453.2789269406456,0.5370894997127686,0.11250243152346615,3,50,0.0,15,10,0.6688023781287316,0.34803055815698253
12,0.3265993265993266,0.37799203395843506,286.8756420641578,0.520066182716144,0.12515017714834312,3,50,0.0,15,15,0.637406571320383,0.09152128163137162
14,0.3712121212121212,0.5141667723655701,1179.6728736969153,0.6434344130260437,0.15605464207381223,3,50,0.0,20,5,0.7337286668608907,0.13944216780538626
11,0.29124579124579125,0.4134880602359772,562.4944115393193,0.6202358355404068,0.09121641393641168,3,50,0.0,20,10,0.6808989128155911,0.42957964197104165
9,0.32575757575757575,0.38320019841194153,383.9774670325247,0.5796026708690518,0.16468477719593136,3,50,0.0,20,15,0.648150503737771,0.06140463613322608
14,0.3712121212121212,0.5141667723655701,1179.6728736969153,0.6434344130260437,0.15605464207381223,3,50,0.0,25,5,0.7337286668608907,0.13944216780538626
9,0.2609427609427609,0.4509969651699066,615.4047772581342,0.6500120486282943,-0.010555323079830925,3,50,0.0,25,10,0.700907194218471,0.1754188581056287
9,0.32575757575757575,0.38320019841194153,383.9774670325247,0.5796026708690518,0.16468477719593136,3,50,0.0,25,15,0.648150503737771,0.06140463613322608
9,0.29208754208754206,0.4367745518684387,650.1517001482665,0.6692253021345821,0.007508784415352733,3,50,0.0,30,5,0.6929050901688298,0.12120442930990295
8,0.25,0.43877285718917847,700.8029531632292,0.7307094792197071,-0.028513228138850724,3,50,0.0,30,10,0.7108962238946996,0.12833224620454242
2,0.09175084175084175,0.16318605840206146,83.69996314866161,0.783089521178965,-0.09520122969003639,3,50,0.0,30,15,0.5153226525499228,0.007105470584034085
7,0.3122895622895623,0.43770015239715576,723.8761475307801,0.7373363632962802,-0.04277164233734403,3,50,0.0,40,5,0.6343557689257827,0.0977971557927196
2,0.07407407407407407,0.1613309234380722,86.69983343004382,0.7954621681445875,-0.22725122543464815,3,50,0.0,40,10,0.5206473996364931,0.001463299254465778
2,0.09175084175084175,0.16318605840206146,83.69996314866161,0.783089521178965,-0.09520122969003639,3,50,0.0,40,15,0.5153226525499228,0.007105470584034085
4,0.1717171717171717,0.2755943238735199,725.3821189334654,1.057759900051479,-0.16922690070731067,3,50,0.0,50,5,0.5723622089592231,0.03921661333170869
3,0.26262626262626265,0.3531945049762726,888.7551259126809,0.9993174370986734,-0.16180722577028395,3,50,0.0,50,10,0.5730668095498301,0.21526795036689822
3,0.35353535353535354,0.4335283935070038,715.9568805597814,0.6387218821102562,0.23060926093907153,3,50,0.0,50,15,0.5405643410214227,0.3294965763414609
2,0.025252525252525252,0.16684652864933014,92.96621059617063,0.8104166798135948,-0.3907154373155922,3,50,0.1,15,5,0.536747842781259,0.006302920763011971
15,0.5084175084175084,0.540451169013977,869.0656747432083,0.6488216644085517,0.18915573609822073,3,50,0.1,15,10,0.6654489903011649,0.17287650798085158
10,0.3569023569023569,0.3657194972038269,272.4523782953217,0.5878218117047329,0.1661119099712107,3,50,0.1,15,15,0.6250324553393991,0.12841700481868049
2,0.025252525252525252,0.16684652864933014,92.96621059617063,0.8104166798135948,-0.3907154373155922,3,50,0.1,20,5,0.536747842781259,0.006302920763011971
8,0.26430976430976433,0.34560999274253845,300.7274197734024,0.6851211258730878,0.06489434178999483,3,50,0.1,20,10,0.6526213115957917,0.4072158457977424
2,0.09175084175084175,0.18611980974674225,90.92366405895945,0.7710100403931989,-0.19713754787751167,3,50,0.1,20,15,0.5194850853426547,0.0009476312679473154
2,0.025252525252525252,0.16684652864933014,92.96621059617063,0.8104166798135948,-0.3907154373155922,3,50,0.1,25,5,0.536747842781259,0.006302920763011971
8,0.29797979797979796,0.2737687826156616,314.94810667921587,0.866873553186654,0.04405096947314491,3,50,0.1,25,10,0.6331661886663315,0.143486332214355
2,0.09175084175084175,0.18611980974674225,90.92366405895945,0.7710100403931989,-0.19713754787751167,3,50,0.1,25,15,0.5194850853426547,0.0009476312679473154
2,0.025252525252525252,0.16684652864933014,92.96621059617063,0.8104166798135948,-0.3907154373155922,3,50,0.1,30,5,0.536747842781259,0.006302920763011971
8,0.29797979797979796,0.2737687826156616,314.94810667921587,0.866873553186654,0.04405096947314491,3,50,0.1,30,10,0.6331661886663315,0.143486332214355
5,0.30387205387205385,0.2949298918247223,374.3287762250479,0.7891311241556214,0.044481272036157565,3,50,0.1,30,15,0.580510745234597,0.1616898901358882
2,0.025252525252525252,0.16684652864933014,92.96621059617063,0.8104166798135948,-0.3907154373155922,3,50,0.1,40,5,0.536747842781259,0.006302920763011971
4,0.29545454545454547,0.4406944513320923,537.192002689074,0.7800800072452893,-0.026249234307020114,3,50,0.1,40,10,0.5411870043323577,0.027121621521078273
3,0.24915824915824916,0.38581129908561707,515.3775606092303,0.7842155725735106,0.07914757375044064,3,50,0.1,40,15,0.5446619761762908,0.027491050303591023
2,0.025252525252525252,0.16684652864933014,92.96621059617063,0.8104166798135948,-0.3907154373155922,3,50,0.1,50,5,0.536747842781259,0.006302920763011971
3,0.3333333333333333,0.4384869933128357,649.0270799804694,0.8400668056536098,-0.049465146855307715,3,50,0.1,50,10,0.5406757569949723,0.0004616647958058498
2,0.2878787878787879,0.45487871766090393,805.6878965320435,0.7835810765678846,0.0573879037348926,3,50,0.1,50,15,0.5724369609387037,0.0018097399887594442
26,0.21717171717171718,0.4962120056152344,1147.4352204931392,0.6873287053298469,0.31670978906182307,5,10,0.0,15,5,0.6940238077400839,0.20157493400687376
17,0.2112794612794613,0.4613611102104187,447.2647497530187,0.5582024056441834,0.38627633682188317,5,10,0.0,15,10,0.7005468031230264,0.359054742181348
11,0.22053872053872053,0.4262106418609619,507.60079243043907,0.5923930290043136,0.2804992077874598,5,10,0.0,15,15,0.6985300593605721,0.36957263046723987
17,0.13047138047138046,0.3780117630958557,793.1785545540982,0.9247864408994539,0.09229734143270892,5,10,0.0,20,5,0.746878205778374,0.14305555003800835
11,0.20117845117845118,0.4221528470516205,583.9561990404383,0.7204794621933093,0.2831812469909226,5,10,0.0,20,10,0.7113650116082515,0.3264730401186602
6,0.1531986531986532,0.3889799416065216,859.2254661438714,0.7948654524584068,0.2434935347747228,5,10,0.0,20,15,0.6883099418957694,0.04423230705698299
5,0.022727272727272728,0.4136756956577301,436.99507874466696,0.6933906156589335,0.23016894827498202,5,10,0.0,25,5,0.6889326804049445,0.10145827645154125
7,0.14393939393939395,0.37129631638526917,738.8006085743104,0.8971958473276124,0.24195800045555038,5,10,0.0,25,10,0.6763926901334033,0.293181820678567
6,0.1531986531986532,0.3889799416065216,859.2254661438714,0.7948654524584068,0.2434935347747228,5,10,0.0,25,15,0.6883099418957694,0.04423230705698299
5,0.022727272727272728,0.4136756956577301,436.99507874466696,0.6933906156589335,0.23016894827498202,5,10,0.0,30,5,0.6889326804049445,0.10145827645154125
4,0.04461279461279461,0.27656444907188416,640.3678909106993,0.7516089892614364,0.11903291330414065,5,10,0.0,30,10,0.6021376180680142,0.026950408019876096
6,0.1531986531986532,0.3889799416065216,859.2254661438714,0.7948654524584068,0.2434935347747228,5,10,0.0,30,15,0.6883099418957694,0.04423230705698299
3,0.008417508417508417,0.4034190773963928,791.2093899138266,0.7673406190333868,0.20821881859083324,5,10,0.0,40,5,0.6471085480755892,0.10955730510998465
4,0.04461279461279461,0.27656444907188416,640.3678909106993,0.7516089892614364,0.11903291330414065,5,10,0.0,40,10,0.6021376180680142,0.026950408019876096
5,0.1531986531986532,0.37277209758758545,967.4180380215959,0.8627768815769974,0.16251623229962192,5,10,0.0,40,15,0.6966980224807015,0.04318039292909446
3,0.008417508417508417,0.4034190773963928,791.2093899138266,0.7673406190333868,0.20821881859083324,5,10,0.0,50,5,0.6471085480755892,0.10955730510998465
4,0.04461279461279461,0.27656444907188416,640.3678909106993,0.7516089892614364,0.11903291330414065,5,10,0.0,50,10,0.6021376180680142,0.026950408019876096
5,0.1531986531986532,0.37277209758758545,967.4180380215959,0.8627768815769974,0.16251623229962192,5,10,0.0,50,15,0.6966980224807015,0.04318039292909446
25,0.2962962962962963,0.47510623931884766,650.8030384198186,0.7853461672227866,0.2677533435598295,5,10,0.1,15,5,0.6574573508509202,0.1957939613968095
13,0.2676767676767677,0.41065409779548645,386.09233540191764,0.7281425355613739,0.1792797800725585,5,10,0.1,15,10,0.6699043179064843,0.06680409986133096
13,0.382996632996633,0.4716770648956299,576.8080482086776,0.6847874957650656,0.21084237350056872,5,10,0.1,15,15,0.6635333746562224,0.08675688762776018
20,0.335016835016835,0.46982985734939575,704.459174188457,0.7971183705107829,0.23247876957111804,5,10,0.1,20,5,0.6904153455162045,0.15077726320669532
10,0.2609427609427609,0.3856610059738159,408.85061298302884,0.9328262663927713,0.13231911619618947,5,10,0.1,20,10,0.670451383911547,0.05428463051170693
7,0.31565656565656564,0.37692371010780334,629.4556966217687,1.0013819096052818,0.16672175109340479,5,10,0.1,20,15,0.6147871564813777,0.15226092877087813
3,0.05723905723905724,0.010071487165987492,66.46982080453165,1.3376700585202421,-0.35866386032186975,5,10,0.1,25,5,0.5009859879836341,0.00331578658898393
10,0.2609427609427609,0.3856610059738159,408.85061298302884,0.9328262663927713,0.13231911619618947,5,10,0.1,25,10,0.670451383911547,0.05428463051170693
7,0.31565656565656564,0.37692371010780334,629.4556966217687,1.0013819096052818,0.16672175109340479,5,10,0.1,25,15,0.6147871564813777,0.15226092877087813
3,0.05723905723905724,0.010071487165987492,66.46982080453165,1.3376700585202421,-0.35866386032186975,5,10,0.1,30,5,0.5009859879836341,0.00331578658898393
9,0.25757575757575757,0.40593963861465454,442.4160455088373,0.9130287961967417,0.12505826363080108,5,10,0.1,30,10,0.6778598230703546,0.054278787513201074
7,0.31565656565656564,0.37692371010780334,629.4556966217687,1.0013819096052818,0.16672175109340479,5,10,0.1,30,15,0.6147871564813777,0.15226092877087813
3,0.05723905723905724,0.010071487165987492,66.46982080453165,1.3376700585202421,-0.35866386032186975,5,10,0.1,40,5,0.5009859879836341,0.00331578658898393
3,0.10942760942760943,0.0193941593170166,59.10480780467936,1.2722071944593918,-0.21588625548967766,5,10,0.1,40,10,0.48599132184973765,0.002185286697286964
7,0.31565656565656564,0.37692371010780334,629.4556966217687,1.0013819096052818,0.16672175109340479,5,10,0.1,40,15,0.6147871564813777,0.15226092877087813
3,0.05723905723905724,0.010071487165987492,66.46982080453165,1.3376700585202421,-0.35866386032186975,5,10,0.1,50,5,0.5009859879836341,0.00331578658898393
3,0.10942760942760943,0.0193941593170166,59.10480780467936,1.2722071944593918,-0.21588625548967766,5,10,0.1,50,10,0.48599132184973765,0.002185286697286964
5,0.3930976430976431,0.38858306407928467,745.2263636562343,1.0513781066599805,0.18235331460056067,5,10,0.1,50,15,0.6048808030482231,0.17004052550676266
25,0.2878787878787879,0.5485103726387024,1199.8999040544534,0.6672189589429232,0.3042311061187493,5,15,0.0,15,5,0.7259029099376143,0.2264635465126096
20,0.3265993265993266,0.524032473564148,1075.028138651115,0.6788245720753429,0.30179840107526523,5,15,0.0,15,10,0.7381278869199357,0.1799424175674906
20,0.44107744107744107,0.6192188262939453,1748.1618475292912,0.5341759668738204,0.30080975651565545,5,15,0.0,15,15,0.7853757763737885,0.15722098800490733
18,0.2887205387205387,0.5033037662506104,1143.326568263417,0.757701105597986,0.24101129152633696,5,15,0.0,20,5,0.7532120601477716,0.23600042977631236
16,0.35269360269360267,0.5243062376976013,1084.1429623238423,0.7169711759531174,0.27598159976416425,5,15,0.0,20,10,0.7312521510789436,0.14705281453703622
14,0.4116161616161616,0.557038426399231,979.7197934273004,0.6374935634397337,0.298168778151352,5,15,0.0,20,15,0.7080428948177662,0.20870949729787533
15,0.24579124579124578,0.46665287017822266,918.1531979010981,0.7784592165119097,0.25013460993611913,5,15,0.0,25,5,0.7380758765794695,0.2266919514759355
13,0.3055555555555556,0.47224751114845276,895.8169295449484,0.7488180006008587,0.2870769839812039,5,15,0.0,25,10,0.718752152960096,0.29142947249754025
12,0.35858585858585856,0.5021088123321533,858.8493426687154,0.7439527645793175,0.3298078311047478,5,15,0.0,25,15,0.7036254985409369,0.2425272705144501
15,0.24579124579124578,0.46665287017822266,918.1531979010981,0.7784592165119097,0.25013460993611913,5,15,0.0,30,5,0.7380758765794695,0.2266919514759355
13,0.3055555555555556,0.47224751114845276,895.8169295449484,0.7488180006008587,0.2870769839812039,5,15,0.0,30,10,0.718752152960096,0.29142947249754025
7,0.2196969696969697,0.3948419690132141,843.4151511115952,0.896898685959793,0.22401436082276968,5,15,0.0,30,15,0.6676587195540508,0.09679876154662233
6,0.16077441077441076,0.3503410518169403,328.19739570551206,0.5981439695291219,0.051204617183993675,5,15,0.0,40,5,0.627138574110769,0.0935679620880811
11,0.32491582491582494,0.45240798592567444,772.995254520661,0.8095793594123222,0.2787674897222589,5,15,0.0,40,10,0.6976859758661698,0.21086653078720735
7,0.2196969696969697,0.3948419690132141,843.4151511115952,0.896898685959793,0.22401436082276968,5,15,0.0,40,15,0.6676587195540508,0.09679876154662233
4,0.047979797979797977,0.28034329414367676,623.583210902481,0.7748237886973702,-0.01874275696324937,5,15,0.0,50,5,0.6000158758178602,0.008376843529999381
7,0.19444444444444445,0.3942904770374298,860.5326715204052,0.9224042956932209,0.30217878977881674,5,15,0.0,50,10,0.6768635053743217,0.2741096977376938
7,0.2196969696969697,0.3948419690132141,843.4151511115952,0.896898685959793,0.22401436082276968,5,15,0.0,50,15,0.6676587195540508,0.09679876154662233
23,0.3005050505050505,0.4884507656097412,703.4074537149206,0.7180459484397442,0.22129347812734862,5,15,0.1,15,5,0.6634568450614381,0.1413687859999178
18,0.40824915824915825,0.5124467611312866,747.6953386479249,0.6936099514126991,0.2814781425876781,5,15,0.1,15,10,0.679161800559738,0.17872297086890965
12,0.398989898989899,0.5117221474647522,696.2076021831396,0.6693373467573736,0.16461843353388467,5,15,0.1,15,15,0.6766821126410572,0.08360659369640724
19,0.30892255892255893,0.459382563829422,678.9931632053475,0.7915187930787012,0.19848884775511316,5,15,0.1,20,5,0.6941299332181804,0.08809119833841082
14,0.38552188552188554,0.4838884770870209,642.0401960813699,0.7540960850764611,0.26121329929676324,5,15,0.1,20,10,0.6711307255146244,0.22137457033646282
12,0.398989898989899,0.5117221474647522,696.2076021831396,0.6693373467573736,0.16461843353388467,5,15,0.1,20,15,0.6766821126410572,0.08360659369640724
17,0.3451178451178451,0.4752157926559448,712.075784175888,0.7679425410599324,0.18062311296881114,5,15,0.1,25,5,0.688954593780627,0.1165480897953121
12,0.33080808080808083,0.47679972648620605,602.8704804603835,0.731283181974815,0.19388096491958567,5,15,0.1,25,10,0.682564582776545,0.10199947138081031
12,0.398989898989899,0.5117221474647522,696.2076021831396,0.6693373467573736,0.16461843353388467,5,15,0.1,25,15,0.6766821126410572,0.08360659369640724
14,0.35774410774410775,0.45189210772514343,638.3862504585269,0.8455395910112858,0.1494856870487249,5,15,0.1,30,5,0.6742992088813919,0.13647864672359883
11,0.32996632996632996,0.45690813660621643,591.6803340859442,0.824037705573797,0.18653844193694777,5,15,0.1,30,10,0.678714354909628,0.14248300763521682
4,0.1447811447811448,0.28049591183662415,470.1092308146028,0.7895856917625388,0.10503007204724515,5,15,0.1,30,15,0.5556509664226104,0.16270174514938174
9,0.27525252525252525,0.39867496490478516,625.5203699557986,0.9521957208556456,0.031223328624669408,5,15,0.1,40,5,0.6897775241555401,0.22423540347378923
3,0.11026936026936027,0.0188579261302948,50.82506189231779,1.2864801825658567,-0.055106285385720044,5,15,0.1,40,10,0.4848303870279679,0.027482107741326735
4,0.1447811447811448,0.28049591183662415,470.1092308146028,0.7895856917625388,0.10503007204724515,5,15,0.1,40,15,0.5556509664226104,0.16270174514938174
7,0.2222222222222222,0.33540433645248413,585.6583704975022,1.0056118989232894,0.07991355474358049,5,15,0.1,50,5,0.6322098208509561,0.15119627752000608
5,0.35858585858585856,0.3698715269565582,669.0713016068006,1.0985307092181031,0.17088907761067842,5,15,0.1,50,10,0.6048121016284062,0.1693606524588379
2,0.17424242424242425,0.44001662731170654,842.4162499904373,0.814327646517003,0.2324194247260653,5,15,0.1,50,15,0.6079713918230725,0.0013981371379363434
19,0.17087542087542087,0.4545845687389374,648.0934793054812,0.7997296662839378,0.22567268599585974,5,20,0.0,15,5,0.7317344069787626,0.11699801653948189
14,0.25841750841750843,0.47296786308288574,746.8413764703748,0.656139272507359,0.24086526796360208,5,20,0.0,15,10,0.7181040645842178,0.2194202069966603
15,0.398989898989899,0.526894211769104,809.3140948784928,0.6632902277429653,0.30611966111478484,5,20,0.0,15,15,0.6902685715562451,0.10925785476184167
14,0.15235690235690236,0.43200817704200745,708.6727521934255,0.8255002285301148,0.23411672074262066,5,20,0.0,20,5,0.7399614310685729,0.11340196818589333
12,0.28535353535353536,0.4812979996204376,829.0452039938547,0.6738609102452169,0.22759145994236343,5,20,0.0,20,10,0.7194931597363905,0.20863141313300437
13,0.3813131313131313,0.5239627957344055,841.6981653778383,0.697783736467462,0.3126307546948259,5,20,0.0,20,15,0.6983702965040053,0.11756827374705896
13,0.15067340067340068,0.4383126199245453,720.3071997672429,0.8583273136368308,0.22375942193314535,5,20,0.0,25,5,0.7425755927633859,0.11544242473455729
9,0.24074074074074073,0.4182751476764679,801.285049663191,0.8987717243647825,0.23171741965319664,5,20,0.0,25,10,0.7206475548955671,0.14994375743338037
12,0.3771043771043771,0.48830243945121765,759.6292994643317,0.8148415232470221,0.2841856331853657,5,20,0.0,25,15,0.6860769827328026,0.09359765033753688
12,0.1717171717171717,0.44013798236846924,750.1919518535647,0.8284702097650988,0.21897596114699125,5,20,0.0,30,5,0.7395247410254753,0.09856696597387497
8,0.23232323232323232,0.40366852283477783,853.8700611610935,0.9647471786338063,0.2291502546275811,5,20,0.0,30,10,0.7262403148443564,0.20402379784270275
10,0.3552188552188552,0.4479026794433594,685.4568899485243,0.9684457818337313,0.25739505156632647,5,20,0.0,30,15,0.6791654343456999,0.08830937489759391
7,0.1750841750841751,0.3950146734714508,916.3031646768363,0.9549154126530605,0.18326343173167198,5,20,0.0,40,5,0.6883572649631488,0.07396121327587278
7,0.19023569023569023,0.3817029893398285,828.5993315742538,0.9600253294674788,0.12933005502262107,5,20,0.0,40,10,0.6730446744876926,0.3553426967084955
6,0.24074074074074073,0.4247417151927948,868.1281631394764,0.8502948223400306,0.18688906811754707,5,20,0.0,40,15,0.6683018513706447,0.06064092375497554
6,0.21632996632996632,0.3861760199069977,1023.3399538187053,0.9782763489236826,0.1559766336025048,5,20,0.0,50,5,0.6853614084689302,0.042666492125005215
6,0.23148148148148148,0.37802234292030334,927.1434635038235,0.9611822405507257,0.10204325689345392,5,20,0.0,50,10,0.6699732533439834,0.32813836021323023
2,0.03367003367003367,0.16469445824623108,93.06815280890271,0.8120025891919888,0.033740155396046925,5,20,0.0,50,15,0.5339099739168147,0.00236986099922172
21,0.31902356902356904,0.44790977239608765,559.93630032808,0.7673231164696398,0.1955359496929257,5,20,0.1,15,5,0.6374730251851505,0.17061329855613352
16,0.43434343434343436,0.48861947655677795,591.4867030765978,0.672179027400034,0.22394391808190683,5,20,0.1,15,10,0.6521385614881461,0.1752800806412107
11,0.3425925925925926,0.4733828604221344,429.6757734790682,0.6608102816987799,0.19459646291901334,5,20,0.1,15,15,0.6611972286334491,0.07133781661265205
12,0.23737373737373738,0.4026429355144501,538.4321555215402,0.790175918218334,0.0996917566515289,5,20,0.1,20,5,0.6930275346672004,0.20110558094881015
13,0.4217171717171717,0.49129658937454224,576.8955334610428,0.7535206061343849,0.23590122108510297,5,20,0.1,20,10,0.654868890237134,0.251300935547672
10,0.3425925925925926,0.448942095041275,433.0937283758514,0.7666253322193131,0.16328086280385512,5,20,0.1,20,15,0.6578729093159986,0.07128310887955991
11,0.22895622895622897,0.3945827782154083,562.7566928816249,0.8549549444184147,0.09548434319674887,5,20,0.1,25,5,0.696776217333605,0.1823119892607383
13,0.4217171717171717,0.49129658937454224,576.8955334610428,0.7535206061343849,0.23590122108510297,5,20,0.1,25,10,0.654868890237134,0.251300935547672
3,0.1271043771043771,0.0423564687371254,55.82858520116715,1.2006367439702492,-0.10499767843249572,5,20,0.1,25,15,0.4838050156993724,0.00016518468896799932
7,0.16161616161616163,0.3293513357639313,606.7500447883161,1.1296684413364109,0.06915224860742446,5,20,0.1,30,5,0.6515928563585728,0.09249812336897326
10,0.3872053872053872,0.4173838794231415,561.0085240272274,0.9721973598702369,0.182074031642599,5,20,0.1,30,10,0.6525468181545777,0.2801498611235996
3,0.1271043771043771,0.0423564687371254,55.82858520116715,1.2006367439702492,-0.10499767843249572,5,20,0.1,30,15,0.4838050156993724,0.00016518468896799932
7,0.16161616161616163,0.3293513357639313,606.7500447883161,1.1296684413364109,0.06915224860742446,5,20,0.1,40,5,0.6515928563585728,0.09249812336897326
8,0.30387205387205385,0.3615584671497345,539.167033969477,1.0895307737149902,0.10266040367984387,5,20,0.1,40,10,0.6669888573077918,0.1091747749032177
3,0.1271043771043771,0.0423564687371254,55.82858520116715,1.2006367439702492,-0.10499767843249572,5,20,0.1,40,15,0.4838050156993724,0.00016518468896799932
7,0.16161616161616163,0.3293513357639313,606.7500447883161,1.1296684413364109,0.06915224860742446,5,20,0.1,50,5,0.6515928563585728,0.09249812336897326
2,0.06734006734006734,0.15375235676765442,80.13814561427057,0.8825231023966775,-0.26304507890128487,5,20,0.1,50,10,0.520874647874555,0.001081076417753697
2,0.12626262626262627,0.15493950247764587,78.56721097160606,0.8945581767722878,-0.10889702860738029,5,20,0.1,50,15,0.5032188585900196,0.0022035003083252683
22,0.2845117845117845,0.48636284470558167,753.5531048560491,0.7421768620905691,0.2279189387321802,5,30,0.0,15,5,0.6729562018379068,0.1523256036690186
18,0.41919191919191917,0.5609389543533325,1064.5459744177,0.6527118651468575,0.271002087454127,5,30,0.0,15,10,0.7148378648371942,0.1207388617536491
16,0.468013468013468,0.5800248384475708,1038.0854069355669,0.5683017517833988,0.26629083163925094,5,30,0.0,15,15,0.700408226056652,0.1698290248870171
11,0.12289562289562289,0.31539472937583923,290.60697580940734,0.7347393237328933,0.04006897076008735,5,30,0.0,20,5,0.6895012201186299,0.1412768030473202
14,0.39225589225589225,0.5186947584152222,845.4607788482484,0.7027153179065787,0.24897028602089505,5,30,0.0,20,10,0.6946735239703405,0.15152992003738366
13,0.44191919191919193,0.5449433922767639,1014.0582813727159,0.7031123851354978,0.23399853486036412,5,30,0.0,20,15,0.7005715794030285,0.1696680395020629
7,0.06313131313131314,0.23851749300956726,420.1310768256359,0.8820620614038125,-0.059341526179187504,5,30,0.0,25,5,0.6488513376946048,0.041830696286052
13,0.3484848484848485,0.4681708812713623,830.1436202725608,0.7712552232543909,0.2549023517773795,5,30,0.0,25,10,0.6986945396725059,0.059275293797285605
10,0.3872053872053872,0.4388425648212433,585.0867894238911,0.8118368016316755,0.22698543736633905,5,30,0.0,25,15,0.6581734475039593,0.10553334417367276
7,0.06313131313131314,0.23851749300956726,420.1310768256359,0.8820620614038125,-0.059341526179187504,5,30,0.0,30,5,0.6488513376946048,0.041830696286052
9,0.27441077441077444,0.35643136501312256,594.2298867218618,0.9769410419406392,0.21425845923741135,5,30,0.0,30,10,0.6805644611009223,0.1292770254356012
8,0.23063973063973064,0.38171935081481934,376.3735620158473,0.7500173078408158,0.26648603931931963,5,30,0.0,30,15,0.6757033396318883,0.395884213490131
6,0.061447811447811446,0.2798241376876831,490.6759067390264,0.9966600219789531,-0.07195431061703096,5,30,0.0,40,5,0.6626068678927117,0.04280834887868919
4,0.08417508417508418,0.27723631262779236,503.8912327895577,0.7725882525322043,-0.06879746370883545,5,30,0.0,40,10,0.5767220449205994,0.0023765160497671253
5,0.17929292929292928,0.33424991369247437,562.8242525579026,1.0243721360856088,0.15670010833424824,5,30,0.0,40,15,0.6426320335217827,0.06443061849561312
6,0.061447811447811446,0.2798241376876831,490.6759067390264,0.9966600219789531,-0.07195431061703096,5,30,0.0,50,5,0.6626068678927117,0.04280834887868919
4,0.08417508417508418,0.27723631262779236,503.8912327895577,0.7725882525322043,-0.06879746370883545,5,30,0.0,50,10,0.5767220449205994,0.0023765160497671253
2,0.04292929292929293,0.16963820159435272,95.94483750653654,0.8069028206540972,0.0690188737779461,5,30,0.0,50,15,0.5321614261110186,0.0027261812450300065
20,0.39057239057239057,0.5041692852973938,667.9565959847517,0.6943925223243205,0.2120094988328596,5,30,0.1,15,5,0.6752493352213671,0.13913886573693193
16,0.49747474747474746,0.5614524483680725,864.6897562590077,0.6261614953486273,0.2255371399624369,5,30,0.1,15,10,0.6714444186386874,0.15034057051366753
13,0.4276094276094276,0.5104843378067017,386.7208084247967,0.5120342373652185,0.2793907803238753,5,30,0.1,15,15,0.6369619032306567,0.32273996381618447
16,0.3930976430976431,0.45374181866645813,621.9091065108269,0.8003866037599613,0.1788884760443739,5,30,0.1,20,5,0.6623228905217584,0.1520042385082031
3,0.08080808080808081,0.032295770943164825,60.981613441826305,1.1935688702121834,-0.10433429771923229,5,30,0.1,20,10,0.4967001027432331,0.001820801320740237
7,0.3409090909090909,0.39071518182754517,452.29706641211635,0.7979816676754581,0.2361975155515419,5,30,0.1,20,15,0.5915642566426161,0.07008212692109461
15,0.3888888888888889,0.4414719045162201,586.651442495824,0.8649115058767465,0.18142616830890523,5,30,0.1,25,5,0.6582192632603487,0.1523317360786446
3,0.08080808080808081,0.032295770943164825,60.981613441826305,1.1935688702121834,-0.10433429771923229,5,30,0.1,25,10,0.4967001027432331,0.001820801320740237
6,0.35858585858585856,0.39977097511291504,523.8405760965518,0.8188424291323892,0.2275218956743089,5,30,0.1,25,15,0.5947739463008348,0.197670500158998
10,0.28535353535353536,0.2994060814380646,380.28118839514747,1.1151649992969452,0.10074299224074355,5,30,0.1,30,5,0.6473329704491638,0.11023200667242888
3,0.08080808080808081,0.032295770943164825,60.981613441826305,1.1935688702121834,-0.10433429771923229,5,30,0.1,30,10,0.4967001027432331,0.001820801320740237
4,0.20959595959595959,0.2934476435184479,418.6605294185256,0.8302867690166975,0.18552828605323352,5,30,0.1,30,15,0.5330044115908319,0.052380268599497924
8,0.3367003367003367,0.32093697786331177,452.61183955840346,1.0973319356841646,0.08839576471748294,5,30,0.1,40,5,0.6423916296252361,0.342986450889204
3,0.08080808080808081,0.032295770943164825,60.981613441826305,1.1935688702121834,-0.10433429771923229,5,30,0.1,40,10,0.4967001027432331,0.001820801320740237
5,0.3813131313131313,0.40384790301322937,614.4803901442871,0.8637267849665061,0.21119087010493814,5,30,0.1,40,15,0.5976312850724738,0.1813808187933446
5,0.22053872053872053,0.30458903312683105,410.33963244398456,0.9075448196765012,0.05986556529974759,5,30,0.1,50,5,0.6105607020518069,0.20573415046493407
4,0.39730639730639733,0.35418498516082764,600.797219093391,1.0407860195402447,0.019674501365884674,5,30,0.1,50,10,0.504015550491544,0.1783304641630877
2,0.2904040404040404,0.4755537807941437,915.6807345310734,0.7815445223644152,0.20307383515421068,5,30,0.1,50,15,0.5857799284510168,0.0004327140455232221
21,0.3602693602693603,0.49542486667633057,729.1873108834486,0.68481386682864,0.25742808750094454,5,50,0.0,15,5,0.6491516530089864,0.09230269431034657
13,0.30892255892255893,0.48843732476234436,478.63661948479904,0.5598502375384792,0.21010188324759987,5,50,0.0,15,10,0.6784524929860638,0.09507408574945292
13,0.4318181818181818,0.5605327486991882,906.2780309463471,0.5361410241215155,0.27499675149157343,5,50,0.0,15,15,0.6951622608540584,0.07207626427658066
16,0.34175084175084175,0.44991379976272583,738.9914807095341,0.8065756976656902,0.26506820061949804,5,50,0.0,20,5,0.6888609655101099,0.13895322890289194
10,0.2895622895622896,0.4571930170059204,589.7477806828549,0.6991878741797977,0.20366472774367592,5,50,0.0,20,10,0.6906850437504867,0.034530776136385846
9,0.24663299663299662,0.43302103877067566,301.12540555876706,0.5258458051530179,0.26916048026473305,5,50,0.0,20,15,0.6710757973815791,0.45465688050577
13,0.3543771043771044,0.4581761062145233,818.8805228518901,0.7957250642247709,0.25743564232992394,5,50,0.0,25,5,0.6943013369042361,0.2536908694168023
10,0.2895622895622896,0.4571930170059204,589.7477806828549,0.6991878741797977,0.20366472774367592,5,50,0.0,25,10,0.6906850437504867,0.034530776136385846
10,0.41919191919191917,0.5373726487159729,860.6267862274212,0.5783740210044368,0.29018579114523946,5,50,0.0,25,15,0.6909110001725624,0.09951507969534755
8,0.20959595959595959,0.3941061496734619,352.0822102634025,0.6085395674112373,0.12863420281302135,5,50,0.0,30,5,0.6814453555985717,0.48630001237987347
10,0.2895622895622896,0.4571930170059204,589.7477806828549,0.6991878741797977,0.20366472774367592,5,50,0.0,30,10,0.6906850437504867,0.034530776136385846
9,0.4074074074074074,0.5231949090957642,920.9564031076374,0.6412434481483628,0.2673164283093987,5,50,0.0,30,15,0.6983526544529062,0.05748724590146089
7,0.20117845117845118,0.3863651752471924,414.2937360160408,0.7021926525098109,0.11376444703915825,5,50,0.0,40,5,0.6290306145351475,0.40382729194791805
6,0.23316498316498316,0.3880237340927124,701.8983173134542,0.890076922576831,0.17629093117284286,5,50,0.0,40,10,0.6484438968957573,0.18282805408157674
6,0.33164983164983164,0.3676778972148895,656.3125736781639,0.8935289657684482,0.1760294363538014,5,50,0.0,40,15,0.6112879924551003,0.029874230347839446
3,0.117003367003367,0.34035444259643555,730.0715453584113,1.0425923070263188,0.01130619492658497,5,50,0.0,50,5,0.5989593108242963,5.832844105153902e-06
5,0.2668350168350168,0.39528602361679077,815.8075935285373,0.8547934126387178,0.15775980334795256,5,50,0.0,50,10,0.6508231578448672,0.18282805408157674
4,0.1776094276094276,0.343534380197525,611.1648312216212,0.9115298712205527,0.10204445694920407,5,50,0.0,50,15,0.5693638118689626,0.37147276833802423
18,0.4217171717171717,0.46112287044525146,538.2069126150536,0.7933382533949465,0.20659140751487565,5,50,0.1,15,5,0.6464739703131416,0.10822585834249517
13,0.45202020202020204,0.5180911421775818,587.539903992658,0.6274569209159323,0.20786602303913493,5,50,0.1,15,10,0.6508616011198425,0.07820891630542477
12,0.4436026936026936,0.5105963349342346,425.10804068267174,0.5560467534057248,0.2143472179381845,5,50,0.1,15,15,0.6360194462275943,0.10874212116105589
14,0.40404040404040403,0.4288868308067322,498.3737756583184,0.8818713854329597,0.1740622219636589,5,50,0.1,20,5,0.6429582809747205,0.18069410830128205
11,0.42003367003367004,0.4787629246711731,543.1172290466781,0.6991640195076761,0.1531498897756698,5,50,0.1,20,10,0.6501160605952427,0.12724113522504832
10,0.42424242424242425,0.45208966732025146,342.2925386010076,0.5891628450272071,0.15082722011520572,5,50,0.1,20,15,0.6247699766854111,0.10652214710518965
11,0.34764309764309764,0.4289330244064331,562.7375992591986,0.8241958543420956,0.09283275497649941,5,50,0.1,25,5,0.6663207842939556,0.09810489246548136
7,0.3686868686868687,0.3625527322292328,482.0454683076161,0.94998344217681,0.10977076680193285,5,50,0.1,25,10,0.5819813960590859,0.2951808395771661
8,0.36952861952861954,0.36136332154273987,363.0883311823695,0.8400392234186622,0.14954302346885873,5,50,0.1,25,15,0.6296547454910622,0.031201648833071187
8,0.31397306397306396,0.29905542731285095,416.8823581785,1.1028253855539027,0.0742615822886814,5,50,0.1,30,5,0.6423546307228585,0.15645260329141483
7,0.3686868686868687,0.3625527322292328,482.0454683076161,0.94998344217681,0.10977076680193285,5,50,0.1,30,10,0.5819813960590859,0.2951808395771661
8,0.36952861952861954,0.36136332154273987,363.0883311823695,0.8400392234186622,0.14954302346885873,5,50,0.1,30,15,0.6296547454910622,0.031201648833071187
7,0.26430976430976433,0.3253999352455139,521.7399250854629,1.0526430848152641,0.045794499494542174,5,50,0.1,40,5,0.6116910535024441,0.0938710103155318
6,0.4015151515151515,0.35692527890205383,534.2410363244276,0.9547837135686618,0.08890425634453925,5,50,0.1,40,10,0.5765083500132053,0.2728904511029023
4,0.4090909090909091,0.3438988924026489,606.0768136843005,0.9717190260528328,0.07444315892420027,5,50,0.1,40,15,0.4994652425015546,0.0004133731324311997
6,0.30134680134680136,0.32792866230010986,580.2937224630452,1.0310955182453643,0.025879357747284743,5,50,0.1,50,5,0.6068146311872806,0.13171312657982642
6,0.4015151515151515,0.35692527890205383,534.2410363244276,0.9547837135686618,0.08890425634453925,5,50,0.1,50,10,0.5765083500132053,0.2728904511029023
3,0.4478114478114478,0.3856477439403534,754.2604266865162,0.9833928932895338,0.0488619009342106,5,50,0.1,50,15,0.5089297699162703,0.0004133731324311997
26,0.23232323232323232,0.4930814206600189,1080.0022001432185,0.8061898717756281,0.3354362493842964,10,10,0.0,15,5,0.682265463416355,0.0971702263552417
8,0.07575757575757576,0.30273693799972534,254.906029604511,0.5966569741591997,0.3136253430385784,10,10,0.0,15,10,0.6981738709331371,0.5485550580525757
11,0.2255892255892256,0.47525277733802795,638.9822050353674,0.6589214559276209,0.35158395491755207,10,10,0.0,15,15,0.7175093694274732,0.08582643545172283
8,0.045454545454545456,0.3646036684513092,276.126913478112,0.7073673784724938,0.3028658633333969,10,10,0.0,20,5,0.7186668779791439,0.44719159026558086
6,0.1026936026936027,0.47072964906692505,331.53983094482584,0.5509849789504027,0.509199928130977,10,10,0.0,20,10,0.6629553496464405,0.5283568029181887
11,0.2255892255892256,0.47525277733802795,638.9822050353674,0.6589214559276209,0.35158395491755207,10,10,0.0,20,15,0.7175093694274732,0.08582643545172283
8,0.045454545454545456,0.3646036684513092,276.126913478112,0.7073673784724938,0.3028658633333969,10,10,0.0,25,5,0.7186668779791439,0.44719159026558086
6,0.1026936026936027,0.47072964906692505,331.53983094482584,0.5509849789504027,0.509199928130977,10,10,0.0,25,10,0.6629553496464405,0.5283568029181887
11,0.2255892255892256,0.47525277733802795,638.9822050353674,0.6589214559276209,0.35158395491755207,10,10,0.0,25,15,0.7175093694274732,0.08582643545172283
5,0.009259259259259259,0.30553629994392395,469.87493624671754,0.9230951285012601,0.31853938189093356,10,10,0.0,30,5,0.6800401608384826,0.41712025779000733
6,0.1026936026936027,0.47072964906692505,331.53983094482584,0.5509849789504027,0.509199928130977,10,10,0.0,30,10,0.6629553496464405,0.5283568029181887
10,0.24915824915824916,0.475745290517807,676.9791706509573,0.6603866340063398,0.3443882554757085,10,10,0.0,30,15,0.714312235895292,0.08145006141501406
4,0.009259259259259259,0.37838223576545715,584.4327848164809,0.9399061046683233,0.27301288791361217,10,10,0.0,40,5,0.622422836068689,0.4178526076239261
4,0.05555555555555555,0.39937591552734375,535.5999366377005,0.8509040595479065,0.2949241962924613,10,10,0.0,40,10,0.6067997143262049,0.48217483171943565
5,0.1691919191919192,0.38547322154045105,988.9938050943773,0.9203427522416703,0.31604105056515225,10,10,0.0,40,15,0.6959627879829295,0.019199295676588048
3,0.008417508417508417,0.3886317312717438,815.3043924708146,0.901900054106399,0.2701618673712149,10,10,0.0,50,5,0.6472999464125906,0.0309209266570788
3,0.03282828282828283,0.3965538442134857,786.8852124606827,0.8118279629447009,0.26725619519135113,10,10,0.0,50,10,0.6383231130296063,0.44299670605475894
5,0.1691919191919192,0.38547322154045105,988.9938050943773,0.9203427522416703,0.31604105056515225,10,10,0.0,50,15,0.6959627879829295,0.019199295676588048
23,0.30723905723905726,0.4674002528190613,543.1746246421418,0.7812081284797958,0.224607689584261,10,10,0.1,15,5,0.6422557832153563,0.1268831140780558
21,0.4048821548821549,0.5375389456748962,738.6253454969502,0.6940719918291224,0.287982178034139,10,10,0.1,15,10,0.643028729936283,0.22278787532237185
9,0.25673400673400676,0.41723349690437317,310.0567369716881,0.6781987739317962,0.25137445716388446,10,10,0.1,15,15,0.6665704962126228,0.3918048170452603
18,0.3274410774410774,0.4223107397556305,492.4829741341606,0.8331282812076221,0.18059515394035666,10,10,0.1,20,5,0.6643625851444375,0.09376258731023307
10,0.23148148148148148,0.3606015145778656,289.6597535664559,0.6782879337034762,0.29533317599031905,10,10,0.1,20,10,0.663611758098881,0.4857062845581452
9,0.25673400673400676,0.41723349690437317,310.0567369716881,0.6781987739317962,0.25137445716388446,10,10,0.1,20,15,0.6665704962126228,0.3918048170452603
11,0.31565656565656564,0.40702396631240845,609.0230838487842,0.8561937362676069,0.24478359119287468,10,10,0.1,25,5,0.6772589336347701,0.1351376446978597
10,0.23148148148148148,0.3606015145778656,289.6597535664559,0.6782879337034762,0.29533317599031905,10,10,0.1,25,10,0.663611758098881,0.4857062845581452
9,0.25673400673400676,0.41723349690437317,310.0567369716881,0.6781987739317962,0.25137445716388446,10,10,0.1,25,15,0.6665704962126228,0.3918048170452603
11,0.31565656565656564,0.40702396631240845,609.0230838487842,0.8561937362676069,0.24478359119287468,10,10,0.1,30,5,0.6772589336347701,0.1351376446978597
9,0.25336700336700335,0.35970988869667053,308.5299874628059,0.6720974071818415,0.283393861221784,10,10,0.1,30,10,0.6587993810406803,0.46911149931297036
6,0.26346801346801346,0.3679879605770111,427.6507925648879,0.8534795416513958,0.23594348586202363,10,10,0.1,30,15,0.6089228693026364,0.3527422699975568
8,0.26515151515151514,0.3664896786212921,608.901660566538,0.9669091473072338,0.1079276220171407,10,10,0.1,40,5,0.6863181633043931,0.14626357485896035
5,0.2356902356902357,0.24897824227809906,433.4001833249813,0.9576044126272547,0.1840790989609126,10,10,0.1,40,10,0.5999796839671423,0.40064710399731623
7,0.3661616161616162,0.3798837959766388,596.4893980468964,0.95766786086655,0.20359060101162096,10,10,0.1,40,15,0.5967830243527006,0.02975140320864328
7,0.26262626262626265,0.34503063559532166,622.6824060774998,1.0812639674380167,0.09246702160079037,10,10,0.1,50,5,0.6252349571591694,0.20743554540511747
3,0.1734006734006734,0.24627676606178284,639.9587447641165,1.2000554837081638,0.07652716708498156,10,10,0.1,50,10,0.558917187365477,0.00011321390728909978
6,0.4048821548821549,0.37445828318595886,658.9489211439218,0.9738123425800693,0.19004941809509213,10,10,0.1,50,15,0.5905989881276396,0.02975140320864328
25,0.2828282828282828,0.5471997261047363,1148.6983088632774,0.6745297180177819,0.29687609663484166,10,15,0.0,15,5,0.7221013049535533,0.19863271206642716
20,0.3947811447811448,0.5785928964614868,1335.3334528940925,0.6036905259017543,0.3350146982019384,10,15,0.0,15,10,0.751887936324289,0.17649208161888263
10,0.26346801346801346,0.44693973660469055,869.7792247063235,0.7565594384905354,0.3241292025078456,10,15,0.0,15,15,0.7249784789209319,0.15317897507154513
8,0.054713804713804715,0.3413834869861603,339.90423723055204,0.7168986709857155,0.32627793210799766,10,15,0.0,20,5,0.7187838053568378,0.06248063770559334
15,0.37542087542087543,0.5495399236679077,1157.1233241643954,0.6765623223148146,0.3304056080562048,10,15,0.0,20,10,0.735517058340363,0.22000242497548747
10,0.26346801346801346,0.44693973660469055,869.7792247063235,0.7565594384905354,0.3241292025078456,10,15,0.0,20,15,0.7249784789209319,0.15317897507154513
7,0.07407407407407407,0.3474009037017822,376.01100548344414,0.7041052973833967,0.31623280328134884,10,15,0.0,25,5,0.6574890138813896,0.0618130473816133
11,0.2887205387205387,0.4043038785457611,625.1965172315183,0.8606611139200773,0.36174383781547576,10,15,0.0,25,10,0.6865490718888544,0.25748066199902486
9,0.2609427609427609,0.43875017762184143,873.6229226615754,0.7931935621359558,0.2991325285415959,10,15,0.0,25,15,0.7248919906266056,0.15319460673890253
6,0.09595959595959595,0.3563332259654999,420.6773456782577,0.619067940966299,0.31265940848746226,10,15,0.0,30,5,0.6567298396747719,0.0618130473816133
5,0.09932659932659933,0.3028806746006012,501.68081817928083,0.789486018335421,0.24288982656096092,10,15,0.0,30,10,0.6558022032100385,0.029290400964671857
8,0.24074074074074073,0.4177118241786957,932.9155440680896,0.9022489713001025,0.3087221500863353,10,15,0.0,30,15,0.7337261058113911,0.20508434161403188
4,0.021043771043771045,0.2964302599430084,665.3283725902895,0.7718135722920288,0.14479267898497894,10,15,0.0,40,5,0.6146842449373489,0.008756360442809428
5,0.09932659932659933,0.3028806746006012,501.68081817928083,0.789486018335421,0.24288982656096092,10,15,0.0,40,10,0.6558022032100385,0.029290400964671857
8,0.24074074074074073,0.4177118241786957,932.9155440680896,0.9022489713001025,0.3087221500863353,10,15,0.0,40,15,0.7337261058113911,0.20508434161403188
4,0.021043771043771045,0.2964302599430084,665.3283725902895,0.7718135722920288,0.14479267898497894,10,15,0.0,50,5,0.6146842449373489,0.008756360442809428
3,0.07154882154882154,0.38923540711402893,771.6234287647968,0.7526630352338438,0.14443154411339623,10,15,0.0,50,10,0.6240830074789376,0.005210126346140008
7,0.2138047138047138,0.39150601625442505,870.1801441739088,0.9177486709200343,0.24997001216846457,10,15,0.0,50,15,0.6716025027141405,0.34792213467749367
24,0.3063973063973064,0.4586719274520874,527.7485036817056,0.7859428260686129,0.2720468889333777,10,15,0.1,15,5,0.6396564475667919,0.20346199615785998
20,0.41414141414141414,0.5375145673751831,717.6776751937977,0.6492511159570198,0.2896833575723151,10,15,0.1,15,10,0.678152528383233,0.2021032351638913
13,0.4031986531986532,0.5226125121116638,671.3299109985481,0.6538352337629028,0.28422589659299147,10,15,0.1,15,15,0.6745652719570083,0.10980756694593598
15,0.2727272727272727,0.384819358587265,493.4879371575023,0.9210386066063518,0.2369059626682377,10,15,0.1,20,5,0.6752535156856582,0.24907240132937802
15,0.4478114478114478,0.5175172090530396,746.2885213057416,0.7296351070767907,0.2320242841071048,10,15,0.1,20,10,0.6679129991450957,0.12815838921197756
9,0.3333333333333333,0.40817883610725403,572.9031840758902,0.8833111499859996,0.2580947253782568,10,15,0.1,20,15,0.6685171438236772,0.1299991556618732
13,0.2895622895622896,0.38209936022758484,530.2793144150745,0.962507102636205,0.21365158164335163,10,15,0.1,25,5,0.6734741486069583,0.2357700114741809
3,0.08501683501683502,0.026930542662739754,55.13486968832088,1.2931534245015441,0.28884344429502123,10,15,0.1,25,10,0.4940480178631925,0.0025656535205365763
9,0.3333333333333333,0.40817883610725403,572.9031840758902,0.8833111499859996,0.2580947253782568,10,15,0.1,25,15,0.6685171438236772,0.1299991556618732
12,0.31313131313131315,0.3914619982242584,548.5232866760857,0.9379012921157353,0.22012457678540825,10,15,0.1,30,5,0.6696322344618535,0.21752873584483626
3,0.08501683501683502,0.026930542662739754,55.13486968832088,1.2931534245015441,0.28884344429502123,10,15,0.1,30,10,0.4940480178631925,0.0025656535205365763
8,0.33080808080808083,0.39536938071250916,613.5048117657643,0.9557062536493316,0.2479274051255892,10,15,0.1,30,15,0.6714134640410285,0.16763335186818057
9,0.19696969696969696,0.3401593565940857,558.4419675689472,1.0374436238453157,0.20859739377656936,10,15,0.1,40,5,0.6977771911550985,0.30913149822567215
3,0.08501683501683502,0.026930542662739754,55.13486968832088,1.2931534245015441,0.28884344429502123,10,15,0.1,40,10,0.4940480178631925,0.0025656535205365763
8,0.33080808080808083,0.39536938071250916,613.5048117657643,0.9557062536493316,0.2479274051255892,10,15,0.1,40,15,0.6714134640410285,0.16763335186818057
6,0.2112794612794613,0.31508633494377136,632.8406469489462,1.095446134752633,0.16980227506951823,10,15,0.1,50,5,0.6371631765526219,0.3152881888825007
2,0.07912457912457913,-0.014657906256616116,27.589324720504646,1.5720682495067895,0.1784165579641092,10,15,0.1,50,10,0.4868228727961843,0.001000028932124819
2,0.07323232323232323,0.15815281867980957,78.75536245739414,0.8934911979297439,0.22588032928093474,10,15,0.1,50,15,0.5196287620780138,4.5328526948895594e-05
21,0.21296296296296297,0.45437294244766235,687.3338499670422,0.721634639845581,0.2886259949650291,10,20,0.0,15,5,0.6830004374749646,0.27040640066223876
2,0.0,0.15252166986465454,86.86657982905815,0.8294879467320374,0.12649772903224032,10,20,0.0,15,10,0.541564908462604,0.11201747596227213
13,0.26936026936026936,0.4791112244129181,801.6005824228412,0.6414079457775147,0.32952820775379515,10,20,0.0,15,15,0.7212186610961411,0.2037732919729759
17,0.22474747474747475,0.4254002273082733,715.193582136668,0.7597710739000569,0.22621176015229133,10,20,0.0,20,5,0.7179051498856655,0.26567155736817855
2,0.0,0.15252166986465454,86.86657982905815,0.8294879467320374,0.12649772903224032,10,20,0.0,20,10,0.541564908462604,0.11201747596227213
10,0.31397306397306396,0.5129616856575012,988.1693992542176,0.611995087055742,0.31344560526050624,10,20,0.0,20,15,0.7315692735821278,0.22681762569423103
11,0.16498316498316498,0.39954227209091187,714.5129162986599,0.9266483853266415,0.12170075727512375,10,20,0.0,25,5,0.7318876829485532,0.07297575951143832
2,0.0,0.15252166986465454,86.86657982905815,0.8294879467320374,0.12649772903224032,10,20,0.0,25,10,0.541564908462604,0.11201747596227213
10,0.31397306397306396,0.5129616856575012,988.1693992542176,0.611995087055742,0.31344560526050624,10,20,0.0,25,15,0.7315692735821278,0.22681762569423103
10,0.10437710437710437,0.38132619857788086,797.4352720223042,0.9980255749876831,0.08357203655428631,10,20,0.0,30,5,0.7556293256757813,0.06763470835494459
2,0.0,0.15252166986465454,86.86657982905815,0.8294879467320374,0.12649772903224032,10,20,0.0,30,10,0.541564908462604,0.11201747596227213
10,0.31397306397306396,0.5129616856575012,988.1693992542176,0.611995087055742,0.31344560526050624,10,20,0.0,30,15,0.7315692735821278,0.22681762569423103
9,0.10353535353535354,0.3883449137210846,856.7271652267458,0.9722490013590134,0.0692148365642901,10,20,0.0,40,5,0.7628638475202312,0.0377046630685681
2,0.0,0.15252166986465454,86.86657982905815,0.8294879467320374,0.12649772903224032,10,20,0.0,40,10,0.541564908462604,0.11201747596227213
8,0.3383838383838384,0.49670425057411194,1117.7246722940206,0.7265265463670624,0.29279735989645334,10,20,0.0,40,15,0.7347629533003672,0.15069242254961177
9,0.10353535353535354,0.3883449137210846,856.7271652267458,0.9722490013590134,0.0692148365642901,10,20,0.0,50,5,0.7628638475202312,0.0377046630685681
2,0.0,0.15252166986465454,86.86657982905815,0.8294879467320374,0.12649772903224032,10,20,0.0,50,10,0.541564908462604,0.11201747596227213
5,0.20033670033670034,0.2901062071323395,744.0514328579104,1.0173603505585593,0.266008742860505,10,20,0.0,50,15,0.6478200642546319,0.11585606887531201
19,0.2777777777777778,0.4372604191303253,510.0223400683912,0.7382622684155034,0.22125383675685587,10,20,0.1,15,5,0.6832579635430546,0.2572856679404509
17,0.3846801346801347,0.47887951135635376,596.1650309626198,0.7441836636531302,0.29129320913205725,10,20,0.1,15,10,0.6660443893956747,0.17808393804333003
14,0.4225589225589226,0.4871193468570709,615.4941738090108,0.6404218453057027,0.30135387135145447,10,20,0.1,15,15,0.6578496426417849,0.15573711021017164
15,0.3367003367003367,0.44951602816581726,580.0855697061128,0.7264930302491411,0.202176245305203,10,20,0.1,20,5,0.6744258601853829,0.34474131730098484
16,0.4436026936026936,0.5165642499923706,760.3441364633036,0.7093645401703426,0.2605501298312503,10,20,0.1,20,10,0.6704382430643778,0.11072478302706609
12,0.42424242424242425,0.506848156452179,652.9570133194112,0.6736364449594675,0.29057103334940343,10,20,0.1,20,15,0.6640501975270406,0.14601665758558685
8,0.1691919191919192,0.27560415863990784,447.91433859155103,1.1179391584373313,0.08619680122833963,10,20,0.1,25,5,0.6853744818975656,0.16490256848767412
12,0.367003367003367,0.44266462326049805,585.6572892622188,0.7608896877430849,0.2805518561547646,10,20,0.1,25,10,0.6648644123142866,0.14767164692215257
8,0.33585858585858586,0.37665292620658875,494.090333350762,0.8950298983631979,0.31202799294890005,10,20,0.1,25,15,0.6551493965084887,0.07108507490371531
8,0.25841750841750843,0.3864366412162781,618.6019333869307,0.9087860479305341,0.1273750548732518,10,20,0.1,30,5,0.6923004369958823,0.30694133494319087
10,0.35858585858585856,0.4096933603286743,580.7924914050423,0.9453338436221262,0.25324127276374536,10,20,0.1,30,10,0.6619574956140477,0.1636721512820651
8,0.33585858585858586,0.37665292620658875,494.090333350762,0.8950298983631979,0.31202799294890005,10,20,0.1,30,15,0.6551493965084887,0.07108507490371531
8,0.25841750841750843,0.3864366412162781,618.6019333869307,0.9087860479305341,0.1273750548732518,10,20,0.1,40,5,0.6923004369958823,0.30694133494319087
9,0.35774410774410775,0.39576226472854614,565.4694046157139,0.9738787515918903,0.24863891667029964,10,20,0.1,40,10,0.6585880478476209,0.16442518732190492
6,0.35185185185185186,0.3200477957725525,500.4231439935802,1.0392332011862697,0.28545162387418277,10,20,0.1,40,15,0.5824939282096854,0.20622383963871818
6,0.1531986531986532,0.28434324264526367,516.5261871662567,1.204318440765887,0.02909856830669246,10,20,0.1,50,5,0.6383445091538192,0.003016678344296396
6,0.3106060606060606,0.3484281003475189,609.030278771624,1.0398140231295399,0.24906543548067267,10,20,0.1,50,10,0.6099854247474721,0.06901652559652584
4,0.42845117845117847,0.3497011661529541,642.7199281688727,1.0120430701013512,0.23559467303495316,10,20,0.1,50,15,0.49819181420447683,0.153973832240172
20,0.3122895622895623,0.5069253444671631,844.9575743413403,0.668272305531446,0.302776692626893,10,30,0.0,15,5,0.7168476904173398,0.15362618429553648
19,0.38552188552188554,0.5402321815490723,937.4234609975108,0.6105647900663592,0.31856276900251773,10,30,0.0,15,10,0.7091206076755463,0.1873116522896865
13,0.28703703703703703,0.48087286949157715,735.5537055567136,0.6496525858688377,0.29853355346169125,10,30,0.0,15,15,0.7095751898682969,0.08119353677665574
15,0.2895622895622896,0.4692777693271637,828.4013187192354,0.747047554992959,0.3009535722801429,10,30,0.0,20,5,0.7163631104023112,0.1835530509591602
12,0.2988215488215488,0.5068625807762146,889.5524421128011,0.6515691718491866,0.2683492775023759,10,30,0.0,20,10,0.7253381666812475,0.13292356790235338
11,0.31397306397306396,0.5145102143287659,840.5379846894274,0.5990652399017755,0.2958704250960569,10,30,0.0,20,15,0.7170384114263384,0.060612701433282096
14,0.2828282828282828,0.46102675795555115,820.949564509572,0.7972633059650883,0.29381531141054124,10,30,0.0,25,5,0.716400485295805,0.1559095364169355
2,0.011784511784511785,0.1983223259449005,112.3402011227793,0.755975006965176,0.06133210450188115,10,30,0.0,25,10,0.5474470154686595,0.010077236531387264
10,0.2904040404040404,0.4716850817203522,812.6393216445482,0.7609346027032615,0.2942037685915151,10,30,0.0,25,15,0.7148954823012954,0.06079966747670071
14,0.2828282828282828,0.46102675795555115,820.949564509572,0.7972633059650883,0.29381531141054124,10,30,0.0,30,5,0.716400485295805,0.1559095364169355
2,0.011784511784511785,0.1983223259449005,112.3402011227793,0.755975006965176,0.06133210450188115,10,30,0.0,30,10,0.5474470154686595,0.010077236531387264
9,0.28535353535353536,0.4576016962528229,873.6397716885056,0.848883711545986,0.28040965415195546,10,30,0.0,30,15,0.7203981710007135,0.06245928239026151
12,0.3400673400673401,0.461284875869751,829.4499078539135,0.8284084198617917,0.2857510010325685,10,30,0.0,40,5,0.700117520145652,0.1980774089266424
2,0.011784511784511785,0.1983223259449005,112.3402011227793,0.755975006965176,0.06133210450188115,10,30,0.0,40,10,0.5474470154686595,0.010077236531387264
5,0.18265993265993266,0.2905396521091461,677.7498926201355,0.9954491724509132,0.25106494572185756,10,30,0.0,40,15,0.6465579572804057,0.2722465783202771
7,0.19023569023569023,0.3672223389148712,814.3893812716809,1.0637552019347372,0.26506104728416624,10,30,0.0,50,5,0.6694515818936917,0.1219255777525519
2,0.011784511784511785,0.1983223259449005,112.3402011227793,0.755975006965176,0.06133210450188115,10,30,0.0,50,10,0.5474470154686595,0.010077236531387264
6,0.2297979797979798,0.4030514359474182,913.4933806657576,0.9115794121008528,0.28890496038942026,10,30,0.0,50,15,0.6728676595192945,0.03212651905307162
18,0.2895622895622896,0.4469948410987854,501.74113898790233,0.7432301847782923,0.2059902395892242,10,30,0.1,15,5,0.6803546531949212,0.2490175139298342
13,0.2996632996632997,0.42511528730392456,506.3724097231706,0.8317276095833706,0.24900755143037173,10,30,0.1,15,10,0.6745055441689158,0.2791975723289718
10,0.29797979797979796,0.4044020473957062,243.8190430668277,0.5731019242760867,0.19380068523735247,10,30,0.1,15,15,0.6456482720220993,0.3674114752822587
13,0.2617845117845118,0.428805947303772,544.3713596973423,0.7886011176482923,0.17067491005529262,10,30,0.1,20,5,0.6902226745299465,0.30749497002002846
11,0.29797979797979796,0.4240465760231018,570.8982536115032,0.8702279566635429,0.23715858328448375,10,30,0.1,20,10,0.6813028723706762,0.2523207301900134
9,0.31313131313131315,0.4046429991722107,259.9486371510587,0.5640933403089918,0.18959075982798976,10,30,0.1,20,15,0.6427519196515434,0.39443990359429987
11,0.25,0.3987044394016266,546.6847731508873,0.9251243926934459,0.1889755026755244,10,30,0.1,25,5,0.6894741432253326,0.21960163695582
10,0.28114478114478114,0.4118874669075012,619.983898977772,0.94101054501858,0.17216945835085026,10,30,0.1,25,10,0.6894380755904681,0.25200088507530727
8,0.2887205387205387,0.3819981813430786,285.51039660540613,0.7607725855099442,0.1789370539345761,10,30,0.1,25,15,0.6492346052458409,0.0871390186461414
8,0.18434343434343434,0.3217698335647583,516.4131308405283,1.1167879646060261,0.16446711873795536,10,30,0.1,30,5,0.6946037578157362,0.3296877038435108
9,0.2558922558922559,0.3977648615837097,620.1731191117809,0.9965912223729885,0.1760917465172057,10,30,0.1,30,10,0.6949143643810578,0.1080043714273607
5,0.2239057239057239,0.30573126673698425,429.8927299144394,1.0339325491345748,0.18130651027856412,10,30,0.1,30,15,0.6116772458302744,0.03163690965105177
7,0.1734006734006734,0.3132825195789337,558.5034992045158,1.1938891517438994,0.13781937572348596,10,30,0.1,40,5,0.6408225258370897,0.1785756179389461
9,0.2558922558922559,0.3977648615837097,620.1731191117809,0.9965912223729885,0.1760917465172057,10,30,0.1,40,10,0.6949143643810578,0.1080043714273607
5,0.2239057239057239,0.30573126673698425,429.8927299144394,1.0339325491345748,0.18130651027856412,10,30,0.1,40,15,0.6116772458302744,0.03163690965105177
7,0.1734006734006734,0.3132825195789337,558.5034992045158,1.1938891517438994,0.13781937572348596,10,30,0.1,50,5,0.6408225258370897,0.1785756179389461
6,0.367003367003367,0.387452632188797,691.7424121876938,1.0508200922700588,0.11872676736912595,10,30,0.1,50,10,0.6071911259460788,0.12952977174697566
3,0.2988215488215488,0.3228391110897064,654.6858221313678,1.0460482887045552,0.13410867536563664,10,30,0.1,50,15,0.534247984230128,0.00038662983377688254
19,0.30892255892255893,0.4693845212459564,701.2911912339639,0.7075557989529905,0.2280387764897668,10,50,0.0,15,5,0.6978600296335222,0.2740059616515224
13,0.30134680134680136,0.4762919545173645,710.3840260053408,0.7529533150427086,0.2640346510616686,10,50,0.0,15,10,0.7020781553740985,0.23395146182948165
12,0.37542087542087543,0.5192840099334717,705.4721173251911,0.5992647665518301,0.3381606288703998,10,50,0.0,15,15,0.6858135505962772,0.24181842880607168
16,0.26851851851851855,0.41329625248908997,576.7333818029964,0.772244289581969,0.24390944443646184,10,50,0.0,20,5,0.6891122204981075,0.35166912146983664
12,0.30134680134680136,0.4686916470527649,733.1282362140997,0.7804343392183424,0.2511088758267867,10,50,0.0,20,10,0.7032125302752843,0.2762759437275619
10,0.4048821548821549,0.514153003692627,795.9525528350958,0.6187213136348009,0.31959768640901914,10,50,0.0,20,15,0.6852535593727571,0.21924682465921833
11,0.20875420875420875,0.4184802174568176,713.3231116416504,0.843236399414986,0.22644719587793255,10,50,0.0,25,5,0.721478081156425,0.12164958052963157
12,0.30134680134680136,0.4686916470527649,733.1282362140997,0.7804343392183424,0.2511088758267867,10,50,0.0,25,10,0.7032125302752843,0.2762759437275619
7,0.3106060606060606,0.3908194303512573,659.5809943562463,0.8550790136833312,0.3375501530511076,10,50,0.0,25,15,0.621399195806495,0.3240424600435506
10,0.2297979797979798,0.4368293583393097,778.2585876105327,0.820923954774703,0.2202501010775142,10,50,0.0,30,5,0.7244108685725559,0.14278439156648343
8,0.23484848484848486,0.3773128092288971,668.5878547959027,0.9631771857578186,0.227923625554494,10,50,0.0,30,10,0.7030011614093794,0.043639590445964445
7,0.3106060606060606,0.3908194303512573,659.5809943562463,0.8550790136833312,0.3375501530511076,10,50,0.0,30,15,0.621399195806495,0.3240424600435506
7,0.15151515151515152,0.32073163986206055,635.6476192097424,1.0018339047552718,0.18486494367686546,10,50,0.0,40,5,0.6562199624457379,0.2782759131574561
8,0.23484848484848486,0.3773128092288971,668.5878547959027,0.9631771857578186,0.227923625554494,10,50,0.0,40,10,0.7030011614093794,0.043639590445964445
6,0.3367003367003367,0.3838919997215271,747.0154636779175,0.8986563553329473,0.3217334420138638,10,50,0.0,40,15,0.6212752453159197,0.30459243266655495
5,0.23148148148148148,0.3344669044017792,838.2738853497937,1.0005189075928846,0.2144807248807543,10,50,0.0,50,5,0.6545529797508018,0.21996265728335654
5,0.2558922558922559,0.370252788066864,799.4607219121607,1.1000598220442273,0.19352901075335494,10,50,0.0,50,10,0.648716313633569,0.15301344829846728
5,0.3720538720538721,0.38040679693222046,862.4248478401862,0.8989452507248785,0.313971400647361,10,50,0.0,50,15,0.6216873427076901,0.2800729088738803
19,0.35353535353535354,0.44180265069007874,445.49965328791814,0.7318752226453336,0.25365375723648426,10,50,0.1,15,5,0.6547597568716975,0.2592610456648361
12,0.33080808080808083,0.31295400857925415,302.34423100692646,0.8593439601383688,0.2242336512704315,10,50,0.1,15,10,0.6279351001451565,0.33213430960374546
12,0.4225589225589226,0.4825441539287567,597.6138057087459,0.6920084421902386,0.19708227479459003,10,50,0.1,15,15,0.6553753268925113,0.2507093782244404
12,0.37626262626262624,0.40137872099876404,466.6330128855131,0.9108142979025889,0.20886877290290704,10,50,0.1,20,5,0.6439913215595781,0.21099028800621353
8,0.33754208754208753,0.34326598048210144,431.6344543919696,0.94901742805275,0.18546605938784916,10,50,0.1,20,10,0.6433907162488859,0.2009149449069835
10,0.3787878787878788,0.45069020986557007,593.7060247820365,0.7655240354938077,0.18573018073817957,10,50,0.1,20,15,0.6633377703216755,0.16740937914898268
10,0.3021885521885522,0.38251763582229614,527.0449319681312,0.9847227765399265,0.16339627295224796,10,50,0.1,25,5,0.6694255729135918,0.05997875774628547
8,0.33754208754208753,0.34326598048210144,431.6344543919696,0.94901742805275,0.18546605938784916,10,50,0.1,25,10,0.6433907162488859,0.2009149449069835
9,0.39730639730639733,0.45413345098495483,648.7844234748461,0.7725729086769698,0.1793130446977409,10,50,0.1,25,15,0.6638065408033087,0.15436089957784616
9,0.32407407407407407,0.4047052562236786,584.214293326637,0.9298703946258833,0.15622748590607471,10,50,0.1,30,5,0.6719049955439933,0.059674316176589276
7,0.3274410774410774,0.33296892046928406,464.2848718103985,1.0014141152268532,0.19420056829410284,10,50,0.1,30,10,0.5881415020191092,0.20049867047993222
9,0.39730639730639733,0.45413345098495483,648.7844234748461,0.7725729086769698,0.1793130446977409,10,50,0.1,30,15,0.6638065408033087,0.15436089957784616
7,0.27525252525252525,0.33121612668037415,511.6695563901397,1.0261826239742071,0.17028145308887252,10,50,0.1,40,5,0.6082736170653125,0.029324917517451695
7,0.3274410774410774,0.33296892046928406,464.2848718103985,1.0014141152268532,0.19420056829410284,10,50,0.1,40,10,0.5881415020191092,0.20049867047993222
6,0.4444444444444444,0.41637536883354187,775.4074114009543,0.908751881909082,0.12893859813543945,10,50,0.1,40,15,0.5966637131317933,0.07301420480633504
6,0.3122895622895623,0.3301711678504944,568.9690754800605,1.0451857710574786,0.1486692392558389,10,50,0.1,50,5,0.6027357140387115,0.002697263956545462
5,0.4015151515151515,0.34956344962120056,553.8283102135839,1.0385387045991443,0.1490630464188683,10,50,0.1,50,10,0.577362803009993,0.15119471271485693
5,0.48484848484848486,0.40179693698883057,813.4851729373667,0.9680258306212615,0.10000755139224105,10,50,0.1,50,15,0.5861635123875157,0.04654086528341587
