player_id,name,debut,last,span,n_valid,n_gaps,career_games,career_mp,mean_per,peak_per,sd_per,min_mp_valid,pos_mode,all_star_n,all_nba_n,mvp_top5_n,mean_bpm,mean_ws,sum_ws,sum_vorp,mean_usg,mean_ts,debut_age
abdelal01,Alaa Abdelnaby,1991,1995,5,5,0,256,3200,12.32,13.5,1.5866946776238964,159.0,PF,0,0,0,-4.5600000000000005,0.96,4.8,-1.4000000000000001,22.28,0.5174000000000001,22.0
abdulka01,Kareem Abdul-Jabbar,1980,1989,10,10,0,787,25675,21.130000000000003,25.5,3.9992624319991803,1695.0,C,10,6,5,3.5799999999999996,9.73,97.30000000000001,38.7,24.020000000000003,0.5999,32.0
abdulma02,Mahmoud Abdul-Rauf,1991,2001,11,9,2,586,15628,14.877777777777778,18.6,2.6644898522680673,486.0,PG,0,0,0,-1.4000000000000001,2.7888888888888888,25.099999999999998,4.6,25.58888888888889,0.4971111111111111,21.0
abdulta01,Tariq Abdul-Wahad,1998,2003,6,6,0,236,4807,10.583333333333332,13.6,2.5036085068467786,204.0,SG,0,0,0,-3.3166666666666664,0.5666666666666668,3.4000000000000004,-1.3,19.133333333333336,0.4575,23.0
abdursh01,Shareef Abdur-Rahim,1997,2007,11,11,0,830,28882,18.827272727272728,21.1,2.161266846126431,1867.0,PF,1,0,0,0.9090909090909091,6.463636363636363,71.1,21.999999999999996,24.709090909090904,0.5507272727272727,20.0
acresma01,Mark Acres,1988,1993,6,6,0,375,5982,9.0,10.1,0.6429100507328637,269.0,C,0,0,0,-3.516666666666666,1.5666666666666667,9.4,-1.8,10.183333333333334,0.5518333333333333,25.0
adamsal01,Alvan Adams,1980,1988,9,9,0,689,17991,17.144444444444446,20.3,2.3570749816532786,1452.0,C,0,0,0,2.3777777777777778,5.266666666666667,47.4,20.700000000000003,21.31111111111111,0.5467777777777778,25.0
adamsmi01,Michael Adams,1986,1996,11,11,0,653,20446,15.799999999999999,22.3,3.2532501231286175,139.0,PG,1,0,0,1.5272727272727273,4.2727272727272725,47.0,19.800000000000004,19.527272727272727,0.5310909090909091,23.0
addisra01,Rafael Addison,1987,1997,11,6,5,379,5697,10.450000000000001,11.9,1.152894907034751,355.0,SF,0,0,0,-4.0,0.8166666666666668,4.9,-2.5,19.150000000000002,0.4911666666666666,22.0
adrieje01,Jeff Adrien,2011,2015,5,4,1,153,2148,14.075,17.4,2.192458665516866,196.0,PF,0,0,0,-2.9000000000000004,1.0750000000000002,4.300000000000001,-0.10000000000000003,15.825,0.49925,24.0
afflaar01,Arron Afflalo,2008,2018,11,11,0,762,20829,11.236363636363636,16.0,2.787071688177633,682.0,SG,0,0,0,-1.8636363636363635,3.0545454545454547,33.6,2.4,17.01818181818182,0.5510909090909091,22.0
aguirma01,Mark Aguirre,1982,1994,13,13,0,923,27730,18.09230769230769,23.5,3.41162301516934,859.0,SF,3,0,0,1.0769230769230769,5.230769230769232,68.00000000000001,24.2,28.161538461538463,0.5363076923076923,22.0
aingeda01,Danny Ainge,1982,1995,14,14,0,1042,27755,14.250000000000002,18.0,2.229269579288889,564.0,SG,1,0,0,0.7571428571428571,5.1071428571428585,71.50000000000001,21.900000000000002,18.58571428571429,0.5475714285714286,22.0
ajincal01,Alexis Ajinça,2009,2017,9,6,3,293,3905,13.4,19.9,3.7969285832981723,182.0,C,0,0,0,-3.583333333333334,1.2666666666666668,7.6000000000000005,-0.8,20.05,0.5273333333333333,20.0
alarima01,Mark Alarie,1987,1991,5,5,0,325,5500,12.560000000000002,14.1,1.0423051376636305,587.0,PF,0,0,0,-2.7,1.6599999999999997,8.299999999999999,-0.5,19.62,0.5122000000000001,23.0
aldrico01,Cole Aldrich,2011,2017,7,7,0,339,3389,15.285714285714286,21.3,4.740834336283186,142.0,C,0,0,0,-0.35714285714285726,1.3714285714285717,9.600000000000001,1.9,13.514285714285714,0.5714285714285714,22.0
aldrila01,LaMarcus Aldridge,2007,2022,16,16,0,1076,36242,20.375,25.0,2.412338077467584,674.0,PF,7,5,0,1.46875,7.21875,115.5,33.5,25.3,0.548,21.0
alexaco01,Cory Alexander,1996,2005,10,7,3,307,4847,10.442857142857141,15.2,3.0099155863137907,201.0,PG,0,0,0,-2.8,0.42857142857142855,3.0,0.3999999999999999,18.942857142857143,0.4697142857142857,22.0
alexaco02,Courtney Alexander,2001,2003,3,3,0,187,4067,11.5,13.6,1.7568911937472578,1325.0,PG,0,0,0,-3.6666666666666665,1.3666666666666665,4.1,-1.8,21.63333333333333,0.488,23.0
alexavi01,Victor Alexander,1992,1995,4,4,0,286,5755,13.75,14.3,0.5678908345800273,1237.0,C,0,0,0,-2.15,2.225,8.9,-0.09999999999999998,19.325,0.5445,22.0
alforst01,Steve Alford,1988,1991,4,4,0,169,1641,15.675,20.5,3.977672057875058,197.0,PG,0,0,0,0.025000000000000022,0.8,3.2,0.4,21.1,0.529,23.0
allenma01,Malik Allen,2002,2011,10,10,0,478,7262,9.78,15.0,3.374255473434103,161.0,PF,0,0,0,-3.63,0.6799999999999999,6.8,-3.4,16.740000000000002,0.4559,23.0
allenra02,Ray Allen,1997,2014,18,18,0,1300,46344,18.33888888888889,22.9,3.1840119501605884,1565.0,SG,10,2,0,2.7944444444444447,8.066666666666666,145.2,57.5,23.555555555555557,0.5823333333333333,21.0
allento01,Tony Allen,2005,2018,14,14,0,820,18055,13.914285714285713,18.4,2.3654830804894025,273.0,SG,0,0,0,-0.04999999999999995,2.7785714285714285,38.9,10.4,19.064285714285717,0.5330714285714286,23.0
alstora01,Rafer Alston,2000,2010,11,11,0,671,19392,12.327272727272726,16.5,3.1755002208931686,288.0,PG,0,0,0,-1.0363636363636364,2.9818181818181815,32.8,9.700000000000001,18.954545454545457,0.4649090909090908,23.0
amaecjo01,John Amaechi,1996,2003,8,5,3,294,4811,6.7,13.2,3.843435962781219,357.0,C,0,0,0,-6.779999999999999,0.07999999999999999,0.3999999999999999,-4.1,20.040000000000003,0.4358000000000001,25.0
aminual01,Al-Farouq Aminu,2011,2021,11,11,0,711,17698,11.563636363636364,14.4,2.0693752800269882,380.0,SF,0,0,0,-1.0636363636363635,2.5181818181818185,27.700000000000003,6.4,15.018181818181814,0.501090909090909,20.0
amundlo01,Lou Amundson,2009,2016,8,8,0,428,5507,10.95,14.4,2.317326045251294,185.0,PF,0,0,0,-4.25,0.8375000000000001,6.700000000000001,-1.8000000000000003,15.7375,0.45787500000000003,26.0
anderal01,Alan Anderson,2006,2017,12,8,4,330,6793,9.5125,12.6,2.0300477211139643,192.0,SF,0,0,0,-3.1624999999999996,0.9000000000000001,7.200000000000001,-0.9,17.4625,0.520375,23.0
anderch01,Chris Andersen,2002,2017,16,14,2,695,12273,16.107142857142858,19.0,2.2524476482624993,114.0,C,0,0,0,0.3857142857142857,2.842857142857143,39.800000000000004,9.0,14.050000000000002,0.5696428571428571,23.0
anderde01,Derek Anderson,1998,2008,11,11,0,615,17975,14.5,17.1,2.4624452001285966,396.0,SG,0,0,0,0.41818181818181815,3.972727272727272,43.699999999999996,13.4,20.054545454545455,0.529,23.0
andergr01,Greg Anderson,1988,1998,11,10,1,680,14040,12.100000000000001,14.9,2.3216373532487795,344.0,PF,0,0,0,-3.2199999999999998,1.8599999999999999,18.599999999999998,-3.6,15.49,0.5059,23.0
anderja01,James Anderson,2011,2016,6,5,1,247,4320,9.620000000000001,13.9,2.645297714813968,286.0,SG,0,0,0,-2.38,0.66,3.3000000000000003,-0.8,16.240000000000002,0.51,21.0
anderjj01,J.J. Anderson,1983,1985,3,3,0,157,1970,11.166666666666666,13.7,2.266176417571138,311.0,SF,0,0,0,-2.6,0.8666666666666667,2.6,-2.7755575615628914e-17,18.566666666666666,0.46466666666666673,22.0
anderke01,Kenny Anderson,1992,2005,14,14,0,858,25868,15.292857142857143,19.5,2.9953450279950546,743.0,PG,1,0,0,0.45000000000000007,4.450000000000001,62.30000000000001,21.900000000000002,20.507142857142856,0.4912142857142857,21.0
anderni01,Nick Anderson,1990,2002,13,13,0,800,24922,14.33846153846154,19.6,4.1379181799433065,169.0,SG,0,0,0,0.9230769230769232,4.253846153846154,55.3,24.699999999999996,20.93846153846154,0.4989230769230769,22.0
anderri01,Richard Anderson,1983,1990,8,6,2,407,6002,12.5,14.6,1.4651507317223937,312.0,PF,0,0,0,-0.9333333333333332,1.2833333333333332,7.699999999999999,1.4,18.233333333333334,0.4811666666666666,22.0
anderro01,Ron Anderson,1985,1994,10,10,0,664,15112,13.74,16.2,2.1133859089148865,356.0,SF,0,0,0,-1.42,2.42,24.2,2.5000000000000004,20.43,0.513,26.0
anderry01,Ryan Anderson,2009,2019,11,11,0,649,16769,15.663636363636364,21.2,4.333646947752966,322.0,PF,0,0,0,0.5454545454545453,4.263636363636364,46.9,12.8,20.354545454545455,0.5513636363636363,20.0
andersh01,Shandon Anderson,1997,2006,10,10,0,719,15946,11.129999999999999,15.7,2.77093846918332,638.0,SG,0,0,0,-1.58,2.3600000000000003,23.6,3.0000000000000004,16.86,0.5256,23.0
anderwi01,Willie Anderson,1989,1997,9,9,0,555,15974,12.855555555555554,16.6,2.3219298061507714,303.0,SG,0,0,0,-0.35555555555555574,3.111111111111111,28.0,8.699999999999998,19.244444444444444,0.5154444444444445,22.0
anstech01,Chris Anstey,1998,2000,3,3,0,155,2157,12.5,15.1,2.4589970855343988,470.0,C,0,0,0,-3.1666666666666665,0.9333333333333332,2.8,-0.5,20.6,0.46166666666666667,23.0
anthoca01,Carmelo Anthony,2004,2022,19,19,0,1260,43514,18.83157894736842,24.8,4.03589846927467,294.0,SF,10,6,1,1.0473684210526315,5.715789473684209,108.59999999999998,36.70000000000001,28.91578947368421,0.5402105263157896,19.0
anthogr01,Greg Anthony,1992,2002,11,11,0,757,15850,14.409090909090908,18.6,2.36045240095836,806.0,PG,0,0,0,1.390909090909091,3.254545454545455,35.800000000000004,13.299999999999999,18.39090909090909,0.5141818181818182,24.0
anthojo01,Joel Anthony,2008,2017,10,9,1,490,7056,10.077777777777776,14.7,2.047099724964716,122.0,C,0,0,0,-2.244444444444445,1.6777777777777778,15.1,0.3999999999999999,8.322222222222221,0.5502222222222222,25.0
araujra01,Rafael Araújo,2005,2007,3,3,0,139,1585,6.633333333333333,8.3,1.586050300449376,248.0,C,0,0,0,-6.766666666666667,-0.13333333333333333,-0.4,-2.1,16.0,0.4466666666666667,24.0
architi01,Tiny Archibald,1980,1984,5,5,0,340,10700,13.36,15.3,1.6894969665554302,1038.0,PG,3,1,1,-0.58,5.06,25.299999999999997,4.8,17.4,0.5466,31.0
arenagi01,Gilbert Arenas,2002,2012,11,10,1,552,19351,17.830000000000002,24.0,4.5119951241108405,211.0,PG,3,3,0,1.7100000000000002,5.1,50.99999999999999,22.3,26.660000000000004,0.5362,20.0
arizatr01,Trevor Ariza,2005,2022,18,18,0,1118,32953,12.955555555555556,16.2,2.171845662160853,462.0,SF,0,0,0,0.4499999999999999,3.572222222222222,64.3,21.900000000000002,16.28888888888889,0.5317777777777777,19.0
armstbj01,B.J. Armstrong,1990,2000,11,11,0,747,17790,13.954545454545455,17.3,1.6934975300535637,358.0,PG,1,0,0,-0.7454545454545454,4.1000000000000005,45.1,8.0,18.009090909090908,0.5479999999999999,22.0
armstda01,Darrell Armstrong,1997,2008,12,12,0,840,19915,14.975,22.2,4.123332996496887,549.0,PG,0,0,0,1.375,4.124999999999999,49.49999999999999,21.2,19.03333333333333,0.5178333333333333,28.0
armsthi01,Hilton Armstrong,2007,2011,5,5,0,292,3378,9.26,12.2,1.945867415832846,335.0,C,0,0,0,-4.3999999999999995,0.72,3.6,-1.8999999999999997,14.280000000000001,0.5084,22.0
arroyca01,Carlos Arroyo,2002,2011,10,9,1,569,10651,13.18888888888889,16.8,2.206779677088285,287.0,PG,0,0,0,-1.3222222222222224,2.233333333333333,20.099999999999998,2.4999999999999996,19.155555555555555,0.5085555555555555,22.0
artesro01,Metta World Peace,2000,2017,18,17,1,991,31440,14.323529411764707,23.5,4.10774439490103,160.0,SF,1,1,0,0.6235294117647059,3.594117647058823,61.099999999999994,25.3,21.22941176470588,0.49864705882352944,20.0
arthuda01,Darrell Arthur,2009,2018,10,9,1,503,8945,11.544444444444444,15.7,1.9850055197858383,141.0,PF,0,0,0,-2.511111111111111,1.3888888888888888,12.5,-0.30000000000000004,18.555555555555557,0.49966666666666676,20.0
asikom01,Ömer Aşık,2011,2018,8,8,0,471,9216,11.6875,15.5,3.723720417807975,182.0,C,0,0,0,-2.7874999999999996,2.6,20.8,0.20000000000000007,12.2625,0.52575,24.0
askewvi01,Vincent Askew,1988,1998,11,8,3,467,9361,11.337499999999999,15.9,3.0281749866875263,234.0,SG,0,0,0,-0.6,2.7499999999999996,21.999999999999996,4.7,15.5625,0.516375,21.0
askinke01,Keith Askins,1991,1999,9,9,0,486,7983,8.899999999999999,13.5,2.8940552094864325,266.0,SF,0,0,0,-1.5222222222222221,1.6111111111111112,14.5,2.3999999999999995,12.533333333333335,0.4826666666666667,23.0
atkinch01,Chucky Atkins,2000,2010,11,11,0,696,17304,11.854545454545455,17.4,3.0793634632571343,352.0,PG,0,0,0,-1.7909090909090912,2.5272727272727273,27.8,3.7000000000000006,19.00909090909091,0.502,25.0
augmost01,Stacey Augmon,1992,2006,15,15,0,1001,21658,12.446666666666667,17.9,2.8198975552707974,385.0,SG,0,0,0,-0.6066666666666667,2.9200000000000004,43.800000000000004,9.800000000000002,16.660000000000004,0.5041333333333333,23.0
augusdj01,D.J. Augustin,2009,2022,14,14,0,976,22851,13.499999999999998,16.2,2.0455526671991886,883.0,PG,0,0,0,-0.9571428571428572,3.3999999999999995,47.599999999999994,7.599999999999999,18.707142857142856,0.5588571428571429,21.0
austiis01,Isaac Austin,1992,2002,11,9,2,432,8350,12.144444444444444,16.3,2.8182386584181383,112.0,C,0,0,0,-3.5888888888888886,1.011111111111111,9.1,-1.1,21.299999999999997,0.4736666666666667,22.0
aventan01,Anthony Avent,1993,2000,8,5,3,352,6729,8.32,10.2,1.8148278155241062,377.0,PF,0,0,0,-5.859999999999999,0.10000000000000005,0.5000000000000002,-6.2,16.52,0.4276,23.0
averywi01,William Avery,2000,2002,3,3,0,142,1205,7.033333333333334,9.0,1.4884742374510735,258.0,PG,0,0,0,-5.733333333333333,-0.3,-0.9,-1.1,20.966666666666665,0.41133333333333333,20.0
awtrede01,Dennis Awtrey,1980,1982,3,3,0,83,1288,5.233333333333333,7.4,2.584999462712173,121.0,C,0,0,0,-3.0,0.39999999999999997,1.2,-0.1,8.466666666666667,0.4736666666666666,31.0
azubuke01,Kelenna Azubuike,2007,2010,4,4,0,208,5025,15.349999999999998,19.8,2.6196373794859475,231.0,SF,0,0,0,-0.025000000000000022,2.3499999999999996,9.399999999999999,1.8,18.625,0.57275,23.0
babbilu01,Luke Babbitt,2011,2018,8,8,0,381,5332,9.325,12.1,3.363684735524422,137.0,SF,0,0,0,-2.9875000000000003,0.8875,7.1,-0.2,16.4875,0.524875,21.0
baglejo01,John Bagley,1983,1992,10,9,1,665,17120,12.777777777777779,16.0,1.6369197209513684,990.0,PG,0,0,0,-1.1555555555555557,1.8777777777777775,16.9,4.700000000000001,17.988888888888887,0.4863333333333333,22.0
baileja01,James Bailey,1980,1988,9,9,0,595,11625,12.433333333333332,15.6,2.633544295347157,542.0,PF,0,0,0,-3.3222222222222224,1.8111111111111111,16.3,-2.6000000000000005,20.9,0.5218888888888888,22.0
baileth01,Thurl Bailey,1984,1999,16,12,4,928,24873,14.033333333333333,16.3,1.3634107557478372,543.0,PF,0,0,0,-1.1166666666666667,3.7500000000000004,45.00000000000001,7.0,21.01666666666667,0.5201666666666667,22.0
bakervi01,Vin Baker,1994,2005,12,12,0,791,25737,14.333333333333334,20.4,4.844125881472896,204.0,C,4,2,0,-2.4250000000000003,3.9166666666666665,47.0,5.3999999999999995,21.849999999999998,0.5045833333333333,22.0
balkmre01,Renaldo Balkman,2007,2012,6,4,2,221,3064,14.675,16.8,2.0474068965401093,115.0,SF,0,0,0,0.09999999999999998,1.7499999999999998,6.999999999999999,1.6,14.899999999999999,0.5445,22.0
ballagr01,Greg Ballard,1980,1987,8,8,0,644,19585,15.5,18.1,2.1662179022434467,1579.0,SF,0,0,0,1.0625,6.0,48.0,16.5,19.75,0.512,25.0
banksge01,Gene Banks,1982,1987,6,6,0,468,13074,14.899999999999999,16.7,1.2476644848141933,1700.0,SF,0,0,0,0.5,5.1833333333333345,31.100000000000005,8.8,16.666666666666664,0.5801666666666666,22.0
banksma01,Marcus Banks,2004,2010,7,7,0,348,5571,11.985714285714286,15.3,2.1721803209997956,206.0,PG,0,0,0,-2.142857142857143,0.9428571428571428,6.6,-0.10000000000000003,19.88571428571429,0.5264285714285714,22.0
bannike01,Ken Bannister,1985,1991,7,5,2,253,3867,10.2,17.9,4.006494727314639,130.0,PF,0,0,0,-4.8,0.11999999999999997,0.5999999999999999,-3.5,19.119999999999997,0.5227999999999999,24.0
bantomi01,Mike Bantom,1980,1982,3,3,0,235,6721,13.633333333333333,14.5,0.7363574011458176,2016.0,SF,0,0,0,-1.0333333333333332,3.733333333333334,11.200000000000001,1.7999999999999998,19.266666666666666,0.5219999999999999,28.0
barbole01,Leandro Barbosa,2004,2017,14,14,0,850,18386,14.357142857142858,19.4,2.325852926720581,368.0,SG,0,0,0,-0.7071428571428572,2.664285714285714,37.3,8.7,21.800000000000004,0.5485,21.0
bareajo01,J.J. Barea,2007,2020,14,14,0,831,16287,14.235714285714286,17.8,2.1776813169900104,191.0,PG,0,0,0,-1.0214285714285716,1.7,23.8,5.3999999999999995,23.785714285714285,0.509,22.0
bargnan01,Andrea Bargnani,2007,2016,10,10,0,550,15806,14.190000000000001,17.9,2.364508405567635,634.0,C,0,0,0,-1.8599999999999999,1.8799999999999997,18.799999999999997,1.5000000000000004,24.279999999999998,0.5242,21.0
barklch01,Charles Barkley,1985,2000,16,16,0,1073,39330,24.19375,28.9,2.7819661999204803,620.0,PF,11,11,4,5.7625,11.06875,177.1,80.60000000000001,24.53125,0.6028125,21.0
barnema02,Matt Barnes,2004,2017,14,14,0,929,21967,12.5,15.5,1.9802597232253578,631.0,SF,0,0,0,-0.4071428571428572,3.0714285714285716,43.0,10.700000000000001,16.157142857142855,0.5379285714285715,23.0
barroda01,Dana Barros,1990,2002,13,13,0,850,19480,15.715384615384615,20.9,2.642797513663287,582.0,PG,1,0,0,1.2076923076923074,3.815384615384615,49.599999999999994,18.2,19.96153846153846,0.5609999999999999,22.0
barroea01,Earl Barron,2007,2015,9,6,3,140,1985,8.466666666666667,14.7,3.176825809235096,143.0,C,0,0,0,-7.449999999999999,-0.08333333333333333,-0.49999999999999994,-2.6000000000000005,19.416666666666664,0.399,25.0
barrybr01,Brent Barry,1996,2009,14,14,0,912,23643,15.285714285714286,19.3,2.351855541863896,554.0,SG,0,0,0,2.3428571428571425,5.05,70.7,27.699999999999996,16.22142857142857,0.6035714285714286,24.0
barrydr01,Drew Barry,1998,2000,3,3,0,60,598,9.733333333333333,10.7,0.7133644853010895,159.0,PG,0,0,0,-3.5666666666666664,0.19999999999999998,0.6,-0.2,12.9,0.5706666666666665,24.0
barryjo01,Jon Barry,1993,2006,14,14,0,821,13880,13.892857142857142,17.9,2.578887990065897,342.0,SG,0,0,0,1.1642857142857141,2.671428571428571,37.39999999999999,13.3,15.914285714285715,0.5640714285714287,23.0
bassbr01,Brandon Bass,2006,2017,12,12,0,758,16410,14.641666666666666,19.7,3.3802017526900507,162.0,PF,0,0,0,-1.325,3.5750000000000006,42.900000000000006,5.2,18.325,0.5450833333333334,20.0
bastoma01,Maceo Baston,2003,2009,7,4,3,105,831,15.399999999999999,18.0,2.4545875417267156,103.0,PF,0,0,0,-0.9500000000000001,0.5750000000000001,2.3000000000000003,0.1,14.774999999999999,0.66275,27.0
batesbi01,Billy Ray Bates,1980,1983,4,4,0,187,3328,17.400000000000002,24.1,5.693417251528295,235.0,SG,0,0,0,0.5499999999999999,1.725,6.9,2.0999999999999996,28.225,0.50425,23.0
battish01,Shane Battier,2002,2014,13,13,0,977,30004,12.35384615384615,15.3,2.104067630024277,1468.0,SF,0,0,0,1.6538461538461535,5.823076923076924,75.7,27.999999999999996,12.607692307692306,0.5587692307692308,23.0
battito01,Tony Battie,1998,2012,15,14,1,837,17649,11.864285714285716,15.5,3.042932594637976,134.0,C,0,0,0,-2.3000000000000003,2.6142857142857143,36.6,0.8,14.285714285714286,0.5055,21.0
battljo01,John Battle,1986,1995,10,10,0,612,10910,13.1,16.4,1.8531055015837603,280.0,SG,0,0,0,-2.21,1.7799999999999998,17.799999999999997,0.10000000000000003,22.19,0.5164,23.0
batumni01,Nicolas Batum,2009,2026,18,18,0,1205,33931,13.338888888888892,17.3,2.6464103337012927,505.0,SF,0,0,0,1.2055555555555555,4.211111111111111,75.8,28.9,14.800000000000002,0.5727777777777778,20.0
baxtelo01,Lonny Baxter,2003,2006,4,3,1,162,1884,11.933333333333332,12.6,0.5312459150169738,400.0,PF,0,0,0,-4.366666666666667,1.0333333333333332,3.0999999999999996,-1.0,17.566666666666666,0.511,24.0
bayleje01,Jerryd Bayless,2009,2019,11,10,1,586,12486,11.93,17.7,3.038107963848553,655.0,PG,0,0,0,-1.8800000000000003,1.89,18.9,1.1999999999999997,20.11,0.5194000000000001,20.0
beaslmi01,Michael Beasley,2009,2019,11,11,0,609,13903,15.81818181818182,22.5,3.246205668109989,277.0,PF,0,0,0,-1.7454545454545458,1.4181818181818182,15.6,0.7999999999999998,26.90909090909091,0.5249999999999999,20.0
beaubro01,Rodrigue Beaubois,2010,2013,4,4,0,182,2896,13.950000000000001,18.5,3.17214438511238,496.0,PG,0,0,0,-0.625,1.2000000000000002,4.800000000000001,1.4,23.025000000000002,0.52075,21.0
bedfowi01,William Bedford,1987,1992,6,5,1,238,2514,10.0,15.5,2.8220559881051264,246.0,C,0,0,0,-4.459999999999999,0.18,0.8999999999999999,-1.6000000000000003,21.4,0.4484,23.0
belinma01,Marco Belinelli,2008,2020,13,13,0,860,19548,11.83846153846154,15.0,1.7661511659052296,241.0,SG,0,0,0,-1.676923076923077,2.3461538461538463,30.5,3.3000000000000003,19.338461538461537,0.544,21.0
bellch01,Charlie Bell,2006,2011,6,6,0,376,9368,10.183333333333334,14.7,3.2875607303220353,171.0,SG,0,0,0,-1.9833333333333334,2.1166666666666667,12.700000000000001,1.0999999999999999,16.05,0.48966666666666675,26.0
bellra01,Raja Bell,2002,2012,11,11,0,706,19813,10.709090909090909,13.8,2.0602094092391083,180.0,SG,0,0,0,-1.2363636363636363,2.972727272727272,32.699999999999996,3.4000000000000004,16.045454545454547,0.5419090909090909,25.0
bendejo01,Jonathan Bender,2000,2010,11,6,5,262,3847,10.933333333333332,15.7,2.9061238025169462,130.0,SF,0,0,0,-3.9,0.65,3.9,-0.5999999999999999,22.816666666666666,0.5026666666666667,19.0
benjabe01,Benoit Benjamin,1986,1998,13,12,1,807,21911,14.525,17.4,1.4788086421170252,197.0,C,0,0,0,-1.5250000000000001,2.7249999999999996,32.699999999999996,4.800000000000001,19.39166666666667,0.5452499999999999,21.0
benjaco01,Corey Benjamin,1999,2003,5,4,1,153,2191,8.525,9.7,0.8671072598012312,152.0,PG,0,0,0,-5.4,-0.225,-0.9,-1.5999999999999999,21.5,0.4425,20.0
bennewi01,Winston Bennett,1990,1992,3,3,0,136,2157,8.5,10.0,1.589549202342182,334.0,SF,0,0,0,-5.3999999999999995,0.5333333333333333,1.6,-1.7999999999999998,16.76666666666667,0.461,24.0
benoida01,David Benoit,1992,2001,10,7,3,492,9314,11.714285714285712,13.9,1.058878883440367,446.0,SF,0,0,0,-2.414285714285714,2.3857142857142857,16.7,2.220446049250313e-16,18.38571428571429,0.511,23.0
bensoke01,Kent Benson,1980,1987,8,8,0,529,12299,13.4875,15.1,1.000546725545589,599.0,C,0,0,0,-0.037500000000000006,3.1875,25.5,6.5,16.2375,0.5269999999999999,25.0
berrywa01,Walter Berry,1987,1989,3,3,0,205,4863,16.266666666666666,18.8,2.3170862929310365,1355.0,PF,0,0,0,-1.0666666666666667,2.6999999999999997,8.1,1.2,23.96666666666667,0.5596666666666666,22.0
besttr01,Travis Best,1996,2005,10,10,0,708,15150,13.319999999999999,16.7,2.08269056751117,571.0,PG,0,0,0,-0.76,3.09,30.9,6.199999999999999,18.690000000000005,0.5106,23.0
bibbymi01,Mike Bibby,1999,2012,14,14,0,1001,33962,15.385714285714286,19.3,3.073819667276982,557.0,PG,0,0,0,0.45000000000000007,5.228571428571429,73.2,23.900000000000002,20.442857142857143,0.5263571428571429,20.0
biedran01,Andris Biedriņš,2005,2013,9,9,0,516,11146,13.833333333333334,19.2,3.797367509209505,384.0,C,0,0,0,-0.7777777777777778,3.422222222222222,30.799999999999997,4.6,10.911111111111111,0.5668888888888889,18.0
billuch01,Chauncey Billups,1998,2014,17,17,0,1043,33008,17.13529411764706,23.6,4.505413890560946,305.0,PG,5,3,1,1.9941176470588238,7.1000000000000005,120.7,43.7,21.37058823529412,0.5627058823529412,21.0
birdla01,Larry Bird,1980,1992,13,13,0,897,34443,23.076923076923077,27.8,2.753222963435859,189.0,SF,12,10,9,6.561538461538461,11.223076923076924,145.9,77.39999999999999,26.4,0.5584615384615385,23.0
birdsot01,Otis Birdsong,1980,1989,10,10,0,541,16910,14.059999999999999,20.3,4.338939962709786,108.0,SG,3,1,0,-0.68,3.53,35.3,10.200000000000001,22.940000000000005,0.5172,24.0
blabuw01,Uwe Blab,1986,1990,5,5,0,235,1966,7.24,10.8,2.382099913941479,160.0,C,0,0,0,-5.26,0.08,0.4,-1.7,15.1,0.4788,23.0
blackro01,Rolando Blackman,1982,1994,13,13,0,980,32087,16.215384615384615,19.8,2.5413037701288306,969.0,SG,4,0,0,0.27692307692307694,5.830769230769231,75.80000000000001,19.6,22.869230769230764,0.5497692307692309,22.0
blairde01,DeJuan Blair,2010,2016,7,7,0,424,7054,13.914285714285715,17.7,4.797448301345376,180.0,PF,0,0,0,-3.0714285714285716,2.714285714285714,18.999999999999996,1.4999999999999996,19.614285714285717,0.5171428571428571,20.0
blakest01,Steve Blake,2004,2016,13,13,0,870,20823,10.746153846153847,14.5,2.0567395349904904,648.0,PG,0,0,0,-1.446153846153846,2.230769230769231,29.000000000000004,4.3,14.538461538461537,0.5170769230769231,23.0
blankla01,Lance Blanks,1991,1993,3,3,0,142,1045,9.266666666666666,11.9,1.897952112731568,189.0,SG,0,0,0,-2.733333333333333,0.2333333333333333,0.7,-0.3,16.066666666666666,0.5006666666666667,24.0
blatcan01,Andray Blatche,2006,2014,9,9,0,564,12462,15.38888888888889,21.9,3.6981810677516243,175.0,PF,0,0,0,-1.6888888888888889,2.1444444444444444,19.3,3.8,22.822222222222223,0.49455555555555564,19.0
blaylmo01,Mookie Blaylock,1990,2002,13,13,0,889,31026,15.99230769230769,20.4,3.1509367443450698,599.0,PG,1,0,0,2.3461538461538463,5.523076923076924,71.80000000000001,39.4,19.700000000000003,0.47630769230769227,22.0
bledser01,Eric Bledsoe,2011,2022,12,12,0,756,21021,16.55,20.5,3.689060404312549,464.0,PG,0,0,0,1.3666666666666665,3.8249999999999993,45.89999999999999,18.8,22.925,0.5413333333333333,21.0
blounco01,Corie Blount,1994,2004,11,11,0,644,9925,10.972727272727273,12.3,1.1322470892320196,446.0,PF,0,0,0,-2.6181818181818177,1.6636363636363634,18.299999999999997,-0.9999999999999999,12.972727272727274,0.4939090909090908,25.0
blounma01,Mark Blount,2001,2009,9,9,0,605,13981,11.600000000000001,16.0,2.017148702720969,207.0,C,0,0,0,-3.233333333333333,2.0777777777777775,18.699999999999996,-2.5,17.58888888888889,0.5303333333333333,25.0
boganke01,Keith Bogans,2004,2013,10,9,1,671,14527,9.477777777777778,11.0,1.4108923714977757,990.0,SG,0,0,0,-1.4444444444444442,2.2666666666666666,20.4,1.9999999999999998,14.511111111111111,0.5245555555555557,23.0
boguemu01,Muggsy Bogues,1988,2000,13,12,1,889,25429,14.816666666666668,16.9,1.544794125082332,714.0,PG,0,0,0,0.75,4.516666666666667,54.2,18.000000000000004,13.758333333333333,0.50575,23.0
bogutan01,Andrew Bogut,2006,2019,14,14,0,706,19862,15.200000000000003,20.7,2.693378123154213,134.0,C,0,1,0,0.5357142857142858,3.607142857142857,50.5,16.0,15.628571428571432,0.5485714285714286,21.0
bolma01,Manute Bol,1986,1994,9,9,0,624,11698,8.622222222222222,11.2,2.3896897882257893,116.0,C,0,0,0,-1.1888888888888889,1.3444444444444446,12.100000000000001,4.5,8.044444444444444,0.4139999999999999,23.0
bondwa01,Walter Bond,1993,1995,3,3,0,153,2427,9.466666666666667,10.3,0.5906681715556454,290.0,SG,0,0,0,-2.9333333333333336,0.19999999999999998,0.6,-1.2,17.2,0.5153333333333333,23.0
bonnean01,Anthony Bonner,1991,1995,5,5,0,318,7372,11.48,12.6,1.1923086848631101,750.0,PF,0,0,0,-1.72,2.12,10.6,0.2000000000000001,15.199999999999998,0.5025999999999999,22.0
bonnema01,Matt Bonner,2005,2016,12,12,0,792,13356,13.416666666666664,16.4,1.7179606773406915,206.0,PF,0,0,0,0.8916666666666666,3.2166666666666663,38.599999999999994,9.899999999999999,14.908333333333333,0.5854166666666667,24.0
booketr01,Trevor Booker,2011,2018,8,8,0,532,10872,14.9875,15.7,0.548720101691199,887.0,PF,0,0,0,-0.525,3.2625,26.1,4.1,15.8,0.5478750000000001,23.0
boonejo01,Josh Boone,2007,2010,4,4,0,256,4482,14.100000000000001,14.8,0.6204836822995429,669.0,PF,0,0,0,-2.1,2.25,9.0,0.0,14.649999999999999,0.5379999999999999,22.0
boothca01,Calvin Booth,2000,2008,9,9,0,366,4477,11.21111111111111,16.1,2.529578113460576,143.0,C,0,0,0,-2.233333333333333,0.8888888888888888,8.0,0.3,13.477777777777778,0.4736666666666667,23.0
boozeca01,Carlos Boozer,2003,2015,13,13,0,861,26901,19.24615384615385,24.1,2.5490919603822078,1025.0,PF,2,1,0,1.1999999999999995,6.1692307692307695,80.2,23.1,24.184615384615388,0.5528461538461539,21.0
boshch01,Chris Bosh,2004,2016,13,13,0,893,31936,20.50769230769231,25.0,2.6371492587674576,1556.0,C,11,1,0,1.907692307692308,8.153846153846153,106.0,31.3,24.71538461538461,0.5691538461538461,19.0
bowdlca01,Cal Bowdler,2000,2002,3,3,0,142,1383,11.733333333333334,15.8,2.885981442921782,375.0,SF,0,0,0,-2.966666666666667,0.5666666666666667,1.7,-0.4,16.3,0.4703333333333333,22.0
bowenbr01,Bruce Bowen,1998,2009,12,12,0,873,24052,7.866666666666666,11.0,1.653447576698121,494.0,SF,0,0,0,-1.1583333333333332,3.583333333333334,43.00000000000001,7.200000000000001,11.383333333333333,0.49499999999999994,26.0
bowenry01,Ryan Bowen,2000,2009,10,9,1,507,6502,10.166666666666666,13.3,2.689072537346494,219.0,SF,0,0,0,-0.8555555555555556,1.3888888888888888,12.5,2.1999999999999997,10.18888888888889,0.48666666666666664,24.0
bowiean01,Anthony Bowie,1989,1998,10,8,2,461,8349,11.475,14.7,1.644498403769368,224.0,SG,0,0,0,-1.4625,1.525,12.2,1.3,16.3125,0.5237499999999999,25.0
bowiesa01,Sam Bowie,1985,1995,11,10,1,511,14098,14.029999999999998,16.4,1.8336030104687324,163.0,C,0,0,0,-0.6199999999999999,2.68,26.8,6.0,18.77,0.5128,23.0
boykiea01,Earl Boykins,1999,2012,14,13,1,652,12964,14.761538461538462,20.0,3.551281125613135,111.0,PG,0,0,0,-0.7538461538461539,2.0153846153846158,26.200000000000003,6.5,21.86923076923077,0.497,22.0
bradlav01,Avery Bradley,2011,2022,12,12,0,660,18151,9.525,14.4,3.2411739128490673,162.0,SG,0,0,0,-3.375,1.4333333333333333,17.2,-1.8000000000000003,19.25833333333333,0.50375,20.0
bradldu01,Dudley Bradley,1980,1989,10,9,1,600,10192,11.211111111111112,13.7,2.1717603942139987,267.0,SG,0,0,0,0.10000000000000003,1.8333333333333333,16.5,6.8,14.966666666666669,0.48688888888888887,22.0
bradlmi01,Michael Bradley,2002,2006,5,4,1,173,2016,10.700000000000001,12.8,1.6837458240482737,118.0,PF,0,0,0,-3.675,0.47500000000000003,1.9000000000000001,-0.8,13.100000000000001,0.5087499999999999,22.0
bradlsh01,Shawn Bradley,1994,2005,12,12,0,832,19531,15.716666666666667,19.6,2.4061841621584628,757.0,C,0,0,0,-0.1666666666666666,3.4,40.8,8.700000000000001,17.01666666666667,0.5113333333333333,21.0
brancad01,Adrian Branch,1987,1989,3,3,0,130,1429,14.966666666666669,18.8,3.4682688605252174,219.0,SF,0,0,0,-2.033333333333333,0.7000000000000001,2.1,0.0,25.53333333333333,0.5153333333333333,23.0
brandel01,Elton Brand,2000,2016,17,17,0,1058,34910,18.605882352941173,26.5,4.566176233778529,225.0,PF,2,1,0,1.1176470588235297,6.452941176470588,109.7,37.199999999999996,21.576470588235292,0.531764705882353,20.0
brandte01,Terrell Brandon,1992,2002,11,11,0,724,21545,19.236363636363638,25.2,3.2286424750047744,962.0,PG,2,0,0,3.2363636363636363,5.990909090909091,65.9,30.099999999999998,23.418181818181814,0.511909090909091,21.0
bratzmi01,Mike Bratz,1980,1986,7,7,0,429,8383,10.985714285714286,14.2,2.6861701740734207,140.0,PG,0,0,0,-2.242857142857143,1.285714285714286,9.000000000000002,1.1,17.914285714285715,0.4654285714285714,24.0
breuera01,Randy Breuer,1984,1994,11,11,0,681,12499,12.118181818181817,15.3,2.6849134679870996,107.0,C,0,0,0,-1.981818181818182,1.9090909090909092,21.0,2.3,16.72727272727273,0.4740909090909092,23.0
breweco01,Corey Brewer,2008,2019,12,12,0,819,18771,11.616666666666667,14.7,1.859136597694986,307.0,SF,0,0,0,-1.6000000000000003,1.8666666666666665,22.4,2.0,17.808333333333334,0.49933333333333324,21.0
breweji01,Jim Brewer,1980,1982,3,3,0,216,3089,10.666666666666666,11.3,0.49216076867444714,966.0,PF,0,0,0,-0.20000000000000004,2.0,6.0,1.4000000000000001,9.466666666666667,0.4876666666666667,28.0
brewero01,Ron Brewer,1980,1986,7,7,0,420,10438,12.057142857142859,15.9,2.2308596311461533,326.0,SG,0,0,0,-2.1285714285714286,1.6857142857142857,11.8,0.6000000000000001,20.271428571428572,0.49328571428571427,24.0
brewero02,Ronnie Brewer,2007,2014,8,8,0,502,11539,12.712499999999999,18.4,4.264515652451049,160.0,SG,0,0,0,0.95,3.8,30.4,10.8,14.225000000000001,0.48575,21.0
brezepr01,Primož Brezec,2002,2008,7,6,1,342,6192,11.200000000000003,16.1,3.6230742010986567,111.0,C,0,0,0,-4.45,1.7999999999999998,10.799999999999999,-1.4,17.566666666666666,0.5108333333333334,22.0
brickfr01,Frank Brickowski,1985,1997,13,12,1,731,16278,12.566666666666668,17.0,3.5567619481145423,255.0,C,0,0,0,-2.0,2.5,30.0,3.7999999999999994,18.575,0.5620833333333333,25.0
bridgju01,Junior Bridgeman,1980,1987,8,8,0,522,13362,14.812500000000002,17.1,2.1062036345045088,418.0,SF,0,0,0,-0.8125,3.7250000000000005,29.800000000000004,5.199999999999999,23.025,0.517875,26.0
bristal01,Allan Bristow,1980,1983,4,4,0,283,6711,13.575,16.6,2.4107830678018303,371.0,SF,0,0,0,-0.525,2.45,9.8,3.2,17.025,0.51025,28.0
brockjo01,Jon Brockman,2010,2012,3,3,0,150,1570,9.533333333333333,12.4,2.368309289110882,239.0,PF,0,0,0,-4.466666666666667,1.2333333333333332,3.6999999999999997,-0.8,10.6,0.4966666666666666,22.0
brookaa01,Aaron Brooks,2008,2018,11,10,1,645,13439,12.489999999999998,16.0,1.8441529220756068,189.0,PG,0,0,0,-1.75,1.9200000000000004,19.200000000000003,2.7,22.19,0.521,23.0
brookke01,Kevin Brooks,1992,1994,3,3,0,126,1031,7.966666666666668,10.2,2.0237478982214054,190.0,SF,0,0,0,-6.333333333333333,-0.03333333333333333,-0.1,-1.0,21.766666666666666,0.4526666666666667,22.0
brookmi01,Michael Brooks,1981,1988,8,6,2,319,9372,12.85,16.1,3.6119016228758687,133.0,SF,0,0,0,-1.8500000000000003,2.75,16.5,4.6000000000000005,18.316666666666663,0.48750000000000004,22.0
brooksc01,Scott Brooks,1989,1998,10,10,0,680,9237,14.379999999999999,16.9,1.7560182231400676,251.0,PG,0,0,0,1.05,2.34,23.4,6.800000000000001,15.95,0.5525,23.0
brownbo02,Bobby Brown,2009,2018,10,4,6,158,1688,8.625,10.8,1.938265977620203,115.0,PG,0,0,0,-5.275,-0.3,-1.2,-1.3,23.875,0.46275000000000005,24.0
brownch01,Chucky Brown,1990,2001,12,11,1,694,11962,11.327272727272728,13.7,1.1521449633309715,339.0,SF,0,0,0,-2.772727272727273,1.7181818181818185,18.900000000000002,-2.0,16.354545454545455,0.524090909090909,21.0
brownde01,Dee Brown,1991,2001,11,11,0,608,16843,13.545454545454549,17.2,2.210867224483985,155.0,PG,0,0,0,0.07272727272727275,3.063636363636364,33.7,11.8,18.572727272727267,0.5176363636363637,22.0
brownde02,Devin Brown,2004,2010,7,7,0,465,9022,11.9,14.6,1.9220524743840148,627.0,SG,0,0,0,-1.7714285714285711,1.885714285714286,13.200000000000001,0.6000000000000001,19.814285714285717,0.5037142857142858,25.0
brownde04,Derrick Brown,2010,2012,3,3,0,171,2554,13.4,14.7,0.92736184954957,535.0,SF,0,0,0,-1.2333333333333334,1.5333333333333332,4.6,0.5,16.5,0.5546666666666668,22.0
brownfr01,Fred Brown,1980,1984,5,5,0,391,8033,16.940000000000005,18.3,1.074430081485064,1129.0,SG,0,0,0,1.16,4.040000000000001,20.200000000000003,6.3999999999999995,23.860000000000003,0.5334,31.0
brownke01,Kedrick Brown,2002,2004,3,3,0,143,1935,11.066666666666668,12.5,1.621384867602041,245.0,SF,0,0,0,-0.9,0.9666666666666667,2.9,0.5,14.733333333333334,0.445,20.0
brownkw01,Kwame Brown,2002,2013,12,12,0,607,13389,11.54166666666667,15.7,2.0870466906346126,187.0,C,0,0,0,-2.966666666666667,1.7249999999999999,20.7,-1.3,15.333333333333334,0.5118333333333333,19.0
brownmi01,Mike Brown,1987,1996,10,10,0,626,10961,8.85,12.8,2.923097671991137,162.0,C,0,0,0,-4.6,1.5599999999999998,15.599999999999998,-4.300000000000001,14.34,0.5024,23.0
brownpj01,P.J. Brown,1994,2008,15,15,0,1089,33823,13.77333333333333,17.6,2.1358734877224252,209.0,PF,0,0,0,-0.20666666666666664,5.98,89.7,17.400000000000002,14.766666666666667,0.5079333333333333,24.0
brownra02,Randy Brown,1992,2003,12,11,1,655,11533,10.31818181818182,13.0,1.9571863765100896,262.0,PG,0,0,0,-1.8545454545454547,1.0181818181818179,11.199999999999998,0.10000000000000023,15.68181818181818,0.4569999999999999,23.0
brownri01,Rickey Brown,1981,1985,5,5,0,340,4487,9.74,11.2,1.354400236266961,580.0,C,0,0,0,-4.279999999999999,0.9400000000000002,4.700000000000001,-2.8,15.819999999999999,0.4974,22.0
brownsh01,Shannon Brown,2007,2014,8,8,0,408,7329,10.5125,13.6,3.4573969615882985,202.0,SG,0,0,0,-3.0500000000000003,1.1624999999999999,9.299999999999999,0.9999999999999999,22.0375,0.48425,21.0
brownti01,Tierre Brown,2002,2005,4,3,1,134,1654,13.1,17.4,3.262923024937405,168.0,PG,0,0,0,-2.566666666666667,-0.06666666666666665,-0.19999999999999996,-0.7,20.366666666666664,0.47300000000000003,22.0
brownto01,Tony Brown,1985,1992,8,7,1,360,6006,9.685714285714285,11.5,1.86656948240698,132.0,SF,0,0,0,-3.1714285714285713,0.7000000000000001,4.9,-1.1,17.371428571428574,0.4825714285714286,24.0
brunsri01,Rick Brunson,1998,2006,9,8,1,337,4533,9.9375,13.4,2.8521647480466483,196.0,PG,0,0,0,-2.5625,0.46249999999999997,3.6999999999999997,0.29999999999999993,16.2125,0.468625,25.0
bryanjo01,Joe Bryant,1980,1983,4,4,0,319,8730,11.775,12.8,1.0544548354481573,1988.0,PF,0,0,0,-2.425,1.675,6.7,-0.9,18.75,0.511,25.0
bryanko01,Kobe Bryant,1997,2016,20,20,0,1346,48637,21.55,28.0,4.307377392335155,177.0,SG,18,15,11,3.5799999999999996,8.629999999999999,172.6,80.10000000000001,31.330000000000005,0.5432,18.0
bryanma01,Mark Bryant,1989,2003,15,15,0,797,13479,9.773333333333333,13.3,3.639132985875741,100.0,PF,0,0,0,-3.8133333333333335,1.7466666666666666,26.2,-4.1000000000000005,14.56,0.5105999999999999,23.0
bryanwa01,Wallace Bryant,1984,1986,3,3,0,102,1395,8.6,10.3,1.9304576314093678,218.0,C,0,0,0,-3.9333333333333336,0.43333333333333335,1.3,-0.2,14.666666666666666,0.418,24.0
buckngr01,Greg Buckner,2000,2009,10,10,0,570,10895,10.29,13.7,2.649698096010185,520.0,SG,0,0,0,-1.4,2.07,20.7,2.9000000000000004,13.12,0.5179,23.0
bucknqu01,Quinn Buckner,1980,1986,7,7,0,477,10321,12.042857142857144,16.5,3.100164577593142,419.0,PG,0,0,0,-0.6428571428571429,2.5714285714285716,18.0,4.9,18.057142857142857,0.48200000000000004,25.0
budinch01,Chase Budinger,2010,2016,7,7,0,407,7998,12.62857142857143,14.9,1.7838275747186247,508.0,SF,0,0,0,-0.7857142857142857,1.9714285714285715,13.8,2.9000000000000004,18.114285714285714,0.5295714285714286,21.0
buechju01,Jud Buechler,1991,2002,12,12,0,720,8444,11.366666666666667,14.9,2.3253434632806878,218.0,SF,0,0,0,-0.13333333333333333,1.375,16.5,4.1000000000000005,13.883333333333335,0.5019166666666667,22.0
buforro01,Rodney Buford,2000,2005,6,5,1,230,4182,9.66,11.3,1.857525235360209,141.0,SF,0,0,0,-4.16,0.5599999999999999,2.8,-1.9,20.02,0.4406,22.0
bullama01,Matt Bullard,1992,2002,11,10,1,615,8884,11.19,13.8,2.1630765127475264,350.0,PF,0,0,0,-0.7300000000000001,1.6600000000000001,16.6,3.9000000000000004,16.78,0.5233,24.0
burkepa01,Pat Burke,2003,2007,5,3,2,127,1293,9.166666666666668,9.9,0.6599663291074442,164.0,C,0,0,0,-6.266666666666667,-0.033333333333333326,-0.09999999999999998,-1.5,21.433333333333334,0.45199999999999996,29.0
burresc01,Scott Burrell,1994,2000,7,7,0,383,7592,13.028571428571428,15.7,1.9615695506509105,693.0,SF,0,0,0,0.31428571428571433,2.3285714285714287,16.3,5.3,17.085714285714285,0.5114285714285715,23.0
burtowi01,Willie Burton,1991,1997,7,6,1,316,6666,12.233333333333333,15.6,2.352067648309083,380.0,SF,0,0,0,-2.983333333333333,1.4833333333333332,8.899999999999999,-0.8,23.11666666666667,0.5235,22.0
burttst01,Steve Burtt,1985,1992,8,3,5,101,1121,10.333333333333334,13.4,2.451303508113365,312.0,SG,0,0,0,-5.066666666666667,0.0,0.0,-0.8999999999999999,25.466666666666665,0.48699999999999993,22.0
busedo01,Don Buse,1980,1985,6,6,0,403,9032,12.483333333333334,14.8,1.6159792352901354,643.0,PG,0,0,0,0.9666666666666667,3.15,18.9,7.1,13.016666666666666,0.4951666666666667,29.0
butleca01,Caron Butler,2003,2016,14,14,0,881,28333,14.37142857142857,20.7,3.2670276074369347,176.0,SF,2,0,0,-0.5,3.6357142857142852,50.89999999999999,12.499999999999998,21.092857142857138,0.5188571428571429,22.0
butlemi02,Mitchell Butler,1994,2004,11,7,4,362,5464,9.442857142857141,13.0,2.642432398301201,206.0,SG,0,0,0,-2.842857142857143,0.4142857142857143,2.9000000000000004,-1.3,17.142857142857146,0.48328571428571426,23.0
butlera01,Rasual Butler,2003,2016,14,13,1,809,17219,10.361538461538462,14.0,2.4950839238354785,378.0,SF,0,0,0,-1.3153846153846156,1.6076923076923078,20.900000000000002,2.4,17.161538461538463,0.5038461538461537,23.0
bynuman01,Andrew Bynum,2006,2014,9,8,1,418,10690,18.1,22.9,4.879805323985784,338.0,C,1,1,0,0.38750000000000007,4.675,37.4,9.200000000000001,19.5,0.5635000000000001,18.0
bynumwi01,Will Bynum,2006,2014,9,7,2,360,6611,13.728571428571428,17.4,3.01269423118448,162.0,PG,0,0,0,-2.457142857142857,1.0142857142857142,7.1,0.1,23.74285714285714,0.5010000000000001,23.0
byrnema01,Marty Byrnes,1980,1983,4,3,1,184,2990,9.833333333333334,13.6,2.9847761874031504,194.0,SF,0,0,0,-2.9,1.0999999999999999,3.3,0.0,15.83333333333333,0.522,23.0
cabarza01,Žarko Čabarkapa,2004,2006,3,3,0,150,1550,11.733333333333333,16.9,3.7043517951488107,475.0,PF,0,0,0,-3.8000000000000003,0.39999999999999997,1.2,-0.7,21.766666666666666,0.504,22.0
caffeja01,Jason Caffey,1996,2003,8,8,0,462,9045,11.7625,14.3,2.074811738447612,283.0,PF,0,0,0,-4.1625,1.6875,13.5,-3.7,18.825,0.5198750000000001,22.0
cagemi01,Michael Cage,1985,2000,16,15,1,1140,29716,13.346666666666666,17.1,1.9324825714321174,242.0,C,0,0,0,-0.24666666666666665,4.96,74.4,13.499999999999998,11.32,0.5419333333333333,23.0
caldejo01,José Calderón,2006,2019,14,14,0,895,23643,14.585714285714287,20.5,4.032520860429108,539.0,PG,0,0,0,0.14285714285714288,4.164285714285714,58.29999999999999,17.699999999999996,15.485714285714284,0.5603571428571429,24.0
caldwad01,Adrian Caldwell,1990,1997,8,4,4,197,1603,9.0,10.4,1.074709263010234,327.0,PF,0,0,0,-4.949999999999999,0.25,1.0,-1.3,14.65,0.49350000000000005,23.0
cambyma01,Marcus Camby,1997,2013,17,17,0,973,28684,17.176470588235293,20.9,2.6456466821520226,250.0,C,0,0,0,1.788235294117647,4.794117647058823,81.5,31.4,16.729411764705883,0.4902941176470589,22.0
campbel01,Elden Campbell,1991,2005,15,15,0,1044,25776,15.166666666666666,19.5,2.742666990763228,380.0,PF,0,0,0,-1.0466666666666666,4.1866666666666665,62.8,9.6,20.566666666666666,0.5037999999999999,22.0
campbto01,Tony Campbell,1985,1995,11,11,0,690,15180,13.036363636363637,17.1,2.734384666452808,242.0,SF,0,0,0,-2.5727272727272723,1.8727272727272728,20.6,2.1999999999999997,23.94545454545455,0.5118181818181818,22.0
cardibr01,Brian Cardinal,2001,2012,12,10,2,456,6477,10.11,19.4,5.070591681450992,126.0,PF,0,0,0,-1.6900000000000002,1.52,15.2,3.0999999999999996,14.66,0.5261,23.0
carliri01,Rick Carlisle,1985,1988,4,4,0,188,1461,7.175000000000001,9.0,1.619220491471128,179.0,SG,0,0,0,-4.775,0.175,0.7,-0.9,17.875,0.4655,25.0
carnero01,Rodney Carney,2007,2011,5,5,0,299,4600,11.819999999999999,12.7,0.655438784326957,336.0,SF,0,0,0,-1.7600000000000002,1.24,6.2,0.4,18.6,0.512,22.0
carran01,Antoine Carr,1985,2000,16,16,0,987,19780,13.1875,18.3,2.8308291629838775,152.0,PF,0,0,0,-1.7062499999999998,2.6312499999999996,42.099999999999994,4.0,20.075000000000003,0.5378125,23.0
carrch01,Chris Carr,1996,2001,6,6,0,297,4505,12.383333333333333,16.3,1.9658896770221423,309.0,SG,0,0,0,-2.9166666666666674,0.65,3.9000000000000004,-1.0999999999999999,22.616666666666664,0.5193333333333333,21.0
carrke01,Kenny Carr,1980,1987,8,8,0,550,15285,14.7625,17.3,1.6476782908080085,1120.0,PF,0,0,0,-1.275,4.050000000000001,32.400000000000006,3.5999999999999996,19.237499999999997,0.5569999999999999,24.0
carrml01,M.L. Carr,1980,1985,6,6,0,363,5810,10.916666666666666,14.6,2.130271239902458,397.0,SF,0,0,0,-1.2666666666666666,1.7833333333333339,10.700000000000003,2.2999999999999994,18.15,0.49350000000000005,29.0
carrode01,DeMarre Carroll,2010,2020,11,10,1,578,13675,12.419999999999998,15.9,2.368459414893994,290.0,SF,0,0,0,-0.7299999999999999,2.9400000000000004,29.400000000000002,6.900000000000001,16.65,0.5247999999999999,23.0
carrojo01,Joe Barry Carroll,1981,1990,10,9,1,705,22838,16.133333333333333,20.1,2.2415272571272573,1721.0,C,1,0,0,-0.7222222222222222,3.9444444444444446,35.5,8.2,24.111111111111107,0.5138888888888888,22.0
carroma01,Matt Carroll,2005,2012,8,8,0,459,7590,10.5375,14.7,3.6996410298838454,121.0,SG,0,0,0,-3.3875,1.3624999999999998,10.899999999999999,0.10000000000000009,19.487499999999997,0.50225,24.0
cartean01,Anthony Carter,2000,2012,13,11,2,623,12184,10.436363636363636,12.8,1.1585827763206122,209.0,PG,0,0,0,-2.109090909090909,0.9909090909090907,10.899999999999999,0.29999999999999993,15.92727272727273,0.45118181818181813,24.0
cartebu01,Butch Carter,1981,1985,5,5,0,361,6814,12.34,14.9,1.6019987515600633,672.0,SG,0,0,0,-2.2199999999999998,1.7400000000000002,8.700000000000001,0.09999999999999995,20.56,0.5226,22.0
cartevi01,Vince Carter,1999,2020,22,22,0,1541,46367,17.186363636363637,25.0,4.857449335771478,876.0,SG,8,2,0,2.127272727272727,5.699999999999999,125.39999999999999,57.9,24.59545454545454,0.5296363636363636,22.0
cartwbi01,Bill Cartwright,1980,1995,16,14,2,963,27491,13.828571428571431,19.0,4.494032324161926,430.0,C,1,0,0,-1.2714285714285716,5.2,72.8,9.799999999999999,18.22142857142857,0.5647857142857143,22.0
cassesa01,Sam Cassell,1994,2008,15,15,0,993,29812,19.033333333333335,23.1,2.8709270666845965,199.0,PG,1,1,0,1.6733333333333336,5.853333333333333,87.79999999999998,28.899999999999995,25.766666666666666,0.5405333333333332,24.0
casspom01,Omri Casspi,2010,2019,10,10,0,588,11959,13.12,15.7,1.7353962083628052,503.0,SF,0,0,0,-0.8699999999999999,1.9600000000000002,19.6,3.3000000000000003,17.490000000000002,0.549,21.0
catchha01,Harvey Catchings,1980,1985,6,6,0,442,8363,8.950000000000001,10.9,1.5129992289048488,1049.0,C,0,0,0,-1.0166666666666668,2.25,13.5,2.4000000000000004,9.316666666666666,0.4713333333333334,28.0
catlete01,Terry Catledge,1986,1993,8,8,0,515,13541,13.4125,15.2,2.080527276918041,262.0,PF,0,0,0,-2.875,2.6125,20.9,-2.0,20.9125,0.526125,22.0
catoke01,Kelvin Cato,1998,2006,9,9,0,541,10617,13.844444444444445,15.9,1.883325139280765,333.0,C,0,0,0,-0.7666666666666667,3.166666666666667,28.500000000000004,4.6000000000000005,13.933333333333332,0.5415555555555556,23.0
causwdu01,Duane Causwell,1991,2001,11,11,0,541,9409,10.709090909090909,14.2,2.720111811022262,137.0,C,0,0,0,-3.1727272727272724,1.436363636363636,15.799999999999997,-0.7,14.4,0.5276363636363637,22.0
cebalce01,Cedric Ceballos,1991,2001,11,11,0,609,14712,18.454545454545453,22.1,2.2414944837454223,352.0,SF,1,0,0,0.18181818181818177,3.6545454545454543,40.199999999999996,10.099999999999998,26.009090909090904,0.5489999999999999,21.0
chalmma01,Mario Chalmers,2009,2018,10,9,1,646,17245,12.655555555555557,17.3,2.0987356570146445,1373.0,PG,0,0,0,-0.6555555555555556,3.5888888888888895,32.300000000000004,5.9,17.655555555555555,0.5456666666666666,22.0
chambto01,Tom Chambers,1982,1995,14,14,0,1107,33922,16.214285714285715,20.9,2.0749723381485436,1240.0,PF,4,2,0,-0.7642857142857145,5.664285714285714,79.3,12.3,25.07857142857143,0.5381428571428571,22.0
chandty01,Tyson Chandler,2002,2020,19,19,0,1160,31617,15.368421052631579,20.1,2.6691320551778324,219.0,C,1,1,0,-0.3210526315789474,5.378947368421053,102.2,16.900000000000002,12.773684210526316,0.6276315789473683,19.0
chandwi01,Wilson Chandler,2008,2020,13,12,1,676,20287,12.15,16.6,2.6625489040892125,215.0,SF,0,0,0,-1.7833333333333332,2.408333333333333,28.9,3.6999999999999993,18.775000000000002,0.5225833333333333,20.0
chapmre01,Rex Chapman,1989,2000,12,12,0,666,19542,13.575000000000001,16.9,2.021189831097844,567.0,SG,0,0,0,-1.0999999999999999,2.0666666666666664,24.799999999999997,5.2,22.99166666666667,0.51325,21.0
cheanca01,Calbert Cheaney,1994,2006,13,13,0,825,22007,9.85384615384615,14.2,2.973372957696718,153.0,SG,0,0,0,-3.06923076923077,1.7923076923076924,23.3,-2.9,16.592307692307692,0.47623076923076924,22.0
cheekma01,Maurice Cheeks,1980,1993,14,14,0,1019,32436,16.392857142857142,18.6,1.8195228125269887,510.0,PG,4,0,0,2.714285714285714,7.035714285714284,98.49999999999997,40.60000000000001,14.921428571428569,0.5700714285714286,23.0
chievde01,Derrick Chievous,1989,1991,3,3,0,154,2240,10.466666666666667,13.3,2.8894443910359113,110.0,SF,0,0,0,-4.866666666666666,0.8999999999999999,2.6999999999999997,-0.7,22.7,0.4853333333333334,21.0
chilcpe01,Pete Chilcutt,1992,2000,9,9,0,584,8394,11.8,14.5,1.730767331432956,601.0,PF,0,0,0,-1.8888888888888888,1.1888888888888889,10.7,0.2,14.933333333333334,0.4958888888888889,23.0
childch01,Chris Childs,1995,2003,9,9,0,541,13617,10.455555555555556,16.4,2.678768834583492,106.0,PG,0,0,0,-1.4444444444444444,2.5555555555555554,23.0,2.8000000000000003,15.022222222222224,0.4900000000000001,27.0
childjo01,Josh Childress,2005,2013,9,7,2,391,10432,13.728571428571428,17.8,3.4195715210761573,100.0,SF,0,0,0,0.04285714285714283,3.6857142857142855,25.799999999999997,7.3,13.714285714285712,0.5414285714285715,21.0
choneji01,Jim Chones,1980,1982,3,3,0,223,5823,10.566666666666668,11.8,1.4055445761538683,867.0,C,0,0,0,-1.8,3.1999999999999997,9.6,-0.10000000000000003,14.566666666666668,0.5099999999999999,30.0
chrisdo01,Doug Christie,1993,2006,14,13,1,827,26079,13.815384615384614,16.9,2.657311004596174,185.0,SG,0,0,0,0.5384615384615384,4.315384615384615,56.1,20.9,17.746153846153845,0.5250769230769231,22.0
clarkea01,Earl Clark,2010,2014,5,5,0,261,3630,9.64,12.4,1.5357083056361975,383.0,PF,0,0,0,-3.5,0.5799999999999998,2.8999999999999995,-0.6,18.160000000000004,0.4514,22.0
clarkke01,Keon Clark,1999,2003,5,5,0,353,7971,14.680000000000001,16.7,1.9208331525668747,409.0,C,0,0,0,-1.0400000000000003,3.62,18.1,2.6,16.98,0.5236,23.0
claxtsp01,Speedy Claxton,2002,2007,6,6,0,334,8548,14.166666666666664,17.3,3.387066905483596,471.0,PG,0,0,0,-0.3833333333333333,2.3666666666666667,14.2,3.6000000000000005,19.96666666666667,0.47333333333333333,23.0
cleavma01,Mateen Cleaves,2001,2006,6,3,3,167,1863,8.966666666666667,9.1,0.12472191289246427,153.0,PG,0,0,0,-5.8,-0.13333333333333333,-0.4,-1.4,22.400000000000002,0.46399999999999997,23.0
colembe01,Ben Coleman,1987,1990,4,4,0,227,3612,12.25,13.6,0.8645808232895292,305.0,PF,0,0,0,-3.575,1.275,5.1,-1.1,18.775,0.56425,25.0
colemde01,Derrick Coleman,1991,2004,14,14,0,781,25903,16.928571428571427,21.4,2.940463659121167,294.0,PF,1,2,0,0.6785714285714286,4.5928571428571425,64.3,22.4,23.42142857142857,0.5147142857142858,23.0
colesbi01,Bimbo Coles,1991,2004,14,14,0,852,20319,10.821428571428573,14.8,3.4249459998722336,170.0,PG,0,0,0,-2.6,1.964285714285714,27.499999999999996,1.9999999999999998,16.442857142857147,0.47514285714285714,22.0
collida01,Darren Collison,2010,2019,10,10,0,711,20833,16.240000000000002,18.8,1.2963024338479043,1565.0,PG,0,0,0,0.61,4.979999999999999,49.79999999999999,13.5,19.63,0.5676,22.0
collido02,Don Collins,1981,1984,4,4,0,303,6134,14.375,15.5,1.1945187315400287,957.0,SF,0,0,0,0.125,2.6,10.4,3.5,22.424999999999997,0.52725,22.0
collija02,Jason Collier,2001,2005,5,5,0,151,2178,11.82,15.0,2.777336853894392,104.0,C,0,0,0,-4.68,0.38,1.9,-1.8,18.78,0.4922000000000001,23.0
collija03,Jarron Collins,2002,2011,10,10,0,542,8542,7.499999999999998,11.5,3.10322412983658,181.0,C,0,0,0,-4.32,1.57,15.700000000000001,-2.5,11.45,0.49990000000000007,23.0
collija04,Jason Collins,2002,2014,13,13,0,735,14974,5.5,10.7,3.0931686516729586,115.0,C,0,0,0,-5.007692307692308,1.5538461538461539,20.2,-6.500000000000001,9.923076923076923,0.454,23.0
collima01,Mardy Collins,2007,2010,4,4,0,189,2771,7.575,9.5,1.7795715776557006,470.0,SG,0,0,0,-4.7,-0.4,-1.6,-1.6,17.3,0.42425,22.0
collini01,Nick Collison,2005,2017,13,13,0,910,18603,12.784615384615384,15.0,1.9976317339236223,128.0,PF,0,0,0,-1.2615384615384615,3.4076923076923076,44.3,3.1999999999999993,12.76923076923077,0.574923076923077,24.0
coltest01,Steve Colter,1985,1995,11,8,3,526,9570,12.549999999999999,15.9,1.7846568297574745,251.0,PG,0,0,0,-0.375,2.175,17.4,4.5,15.7625,0.503875,22.0
conlemi01,Mike Conley,2008,2026,19,19,0,1226,37588,16.5,23.2,3.273498048523049,373.0,PG,1,0,0,2.0210526315789474,5.657894736842105,107.5,40.9,20.489473684210523,0.5526842105263158,20.0
conloma01,Marty Conlon,1992,1998,7,7,0,379,6316,13.714285714285714,17.2,2.42630146014674,209.0,C,0,0,0,-2.185714285714286,1.285714285714286,9.000000000000002,-1.1,18.585714285714285,0.5478571428571428,24.0
connele01,Lester Conner,1983,1994,12,11,1,687,14970,13.5,17.2,1.502119714391511,169.0,PG,0,0,0,0.8363636363636364,2.581818181818182,28.400000000000002,11.299999999999999,13.463636363636363,0.4987272727272728,23.0
cookan01,Anthony Cook,1991,1994,4,3,1,116,1499,12.6,15.8,2.275961335348209,115.0,PF,0,0,0,-2.4333333333333336,0.3333333333333333,1.0,-0.6,13.166666666666666,0.5146666666666667,23.0
cookbr01,Brian Cook,2004,2012,9,8,1,421,5649,11.5125,15.6,3.4790219530781927,171.0,PF,0,0,0,-2.8,1.2875,10.3,0.4999999999999999,20.0875,0.502375,23.0
cookda01,Darwin Cook,1981,1989,9,8,1,612,14156,13.65,15.0,1.0271319292087069,1063.0,PG,0,0,0,0.32500000000000007,2.8625,22.9,9.3,19.925,0.48850000000000005,22.0
cookda02,Daequan Cook,2008,2013,6,6,0,328,5993,8.916666666666666,12.8,2.22966116010682,441.0,SG,0,0,0,-2.6,0.8166666666666668,4.9,-1.0,17.866666666666667,0.49183333333333334,20.0
cookje01,Jeff Cook,1980,1988,9,8,1,518,9697,10.3625,14.4,2.2928898250897274,359.0,PF,0,0,0,-1.8375,2.225,17.8,1.7,13.25,0.49274999999999997,23.0
coopemi01,Michael Cooper,1980,1990,11,11,0,870,23628,12.736363636363636,14.3,1.3234065734602072,1793.0,SG,0,0,0,1.1454545454545455,4.763636363636365,52.400000000000006,19.0,14.636363636363637,0.5431818181818182,23.0
coopewa01,Wayne Cooper,1980,1992,13,13,0,919,19479,12.776923076923076,16.3,2.2871392430632125,344.0,C,0,0,0,-2.3,2.753846153846154,35.8,-1.1000000000000003,16.75384615384615,0.48661538461538467,23.0
corbity01,Tyrone Corbin,1986,2001,16,16,0,1065,27657,11.53125,16.6,4.151915032548233,117.0,SF,0,0,0,-1.5125,3.53125,56.5,12.0,16.90625,0.488375,23.0
corchch01,Chris Corchiani,1992,1994,3,3,0,112,1313,12.433333333333332,14.8,1.811690432226826,105.0,PG,0,0,0,-1.0333333333333332,0.5333333333333333,1.6,0.1,16.066666666666666,0.5746666666666668,23.0
corzida01,Dave Corzine,1980,1991,12,11,1,832,20240,13.30909090909091,16.5,1.8153159231457332,147.0,C,0,0,0,-0.9181818181818183,3.3272727272727267,36.599999999999994,6.8,16.490909090909092,0.5173636363636365,23.0
courtjo01,Joe Courtney,1993,1997,5,4,1,96,749,8.25,13.4,3.470950878361721,100.0,PF,0,0,0,-7.1,0.1,0.4,-0.8,17.75,0.44700000000000006,23.0
couside01,DeMarcus Cousins,2011,2022,12,11,1,654,19509,21.436363636363637,26.1,3.632748202687909,713.0,C,4,2,0,2.0818181818181816,4.254545454545455,46.800000000000004,21.700000000000003,30.572727272727278,0.5414545454545455,20.0
crawfch01,Chris Crawford,1998,2004,7,6,1,252,3985,13.200000000000001,20.4,3.796489606641026,131.0,PF,0,0,0,-2.566666666666667,1.0333333333333334,6.200000000000001,-0.9,21.666666666666668,0.5155000000000001,22.0
crawfja01,Jamal Crawford,2001,2019,19,19,0,1327,38994,14.79473684210526,18.4,2.2091850567479514,481.0,SG,0,0,0,-0.42105263157894735,3.194736842105263,60.7,18.499999999999996,23.77894736842105,0.5262631578947369,20.0
crawfjo02,Jordan Crawford,2011,2017,7,5,2,281,6843,14.4,17.6,1.8644033898274268,442.0,SG,0,0,0,-1.1400000000000001,1.22,6.1,1.1,25.920000000000005,0.5107999999999999,22.0
crissch01,Charlie Criss,1980,1985,6,6,0,287,6146,11.666666666666666,14.5,2.448582356294261,115.0,PG,0,0,0,-1.4166666666666667,1.6500000000000004,9.900000000000002,1.4,16.666666666666668,0.49583333333333335,31.0
croshau01,Austin Croshere,1998,2009,12,12,0,659,11480,13.566666666666665,16.7,2.3156472577277873,100.0,PF,0,0,0,-0.5666666666666667,2.3000000000000003,27.600000000000005,5.499999999999999,19.483333333333334,0.5209166666666666,22.0
crottjo01,John Crotty,1993,2003,11,11,0,477,5795,12.190909090909093,17.5,3.3183935175307466,180.0,PG,0,0,0,-1.7727272727272727,1.0999999999999999,12.1,1.3000000000000003,17.299999999999997,0.5389090909090909,23.0
cummipa01,Pat Cummings,1980,1990,11,11,0,683,14516,12.8,15.3,1.9899748742132402,391.0,C,0,0,0,-2.890909090909091,2.036363636363637,22.400000000000006,-1.9000000000000001,20.754545454545458,0.5274545454545455,23.0
cummite01,Terry Cummings,1983,2000,18,17,1,1183,33898,17.288235294117644,22.8,3.0896187377468887,398.0,PF,2,2,1,-0.1470588235294118,5.370588235294118,91.30000000000001,22.6,24.65294117647059,0.5107058823529412,21.0
cummivo01,Vonteego Cummings,2000,2002,3,3,0,199,3789,11.700000000000001,12.9,1.023067283548187,501.0,PG,0,0,0,-2.1999999999999997,0.7000000000000001,2.1,-0.19999999999999998,20.166666666666668,0.462,23.0
cunnida01,Dante Cunningham,2010,2019,10,10,0,715,14875,11.370000000000001,14.9,2.124170426307645,707.0,PF,0,0,0,-1.5699999999999998,2.4699999999999998,24.699999999999996,1.1,13.15,0.522,22.0
curetea01,Earl Cureton,1981,1991,11,10,1,674,12420,9.819999999999999,13.8,3.009252398852579,159.0,C,0,0,0,-3.2,1.45,14.5,-1.9000000000000001,14.14,0.4691000000000001,23.0
curlebi01,Bill Curley,1995,2001,7,5,2,147,1614,8.24,10.5,1.386506400994961,146.0,PF,0,0,0,-5.4399999999999995,0.31999999999999995,1.5999999999999999,-1.4,12.98,0.4997999999999999,22.0
curryde01,Dell Curry,1987,2002,16,16,0,1083,23549,15.68125,18.7,1.9960018631003327,636.0,SG,0,0,0,0.675,2.5875000000000004,41.400000000000006,17.2,23.99375,0.5347500000000001,22.0
curryed01,Eddy Curry,2002,2008,7,7,0,527,13109,16.0,17.5,1.1551128578133454,1150.0,C,0,0,0,-2.342857142857143,3.185714285714286,22.3,-0.7,23.885714285714283,0.579,19.0
currymi01,Michael Curry,1996,2005,10,10,0,667,13208,7.429999999999998,10.4,2.075596299861801,249.0,SG,0,0,0,-3.1700000000000004,1.8,18.0,-4.6,11.22,0.5189000000000001,27.0
curryst01,Stephen Curry,2010,2026,17,17,0,1069,36304,23.364705882352943,31.5,3.566666127693478,139.0,PG,12,11,4,6.229411764705882,8.670588235294119,147.4,77.4,29.511764705882353,0.6208235294117648,21.0
dailequ01,Quintin Dailey,1983,1991,9,9,0,528,12170,14.733333333333333,18.1,2.377673933350268,299.0,SG,0,0,0,-2.3444444444444446,1.4222222222222223,12.8,0.4000000000000001,28.422222222222224,0.5013333333333333,22.0
dalemsa01,Samuel Dalembert,2002,2015,14,13,1,886,21646,15.215384615384618,18.6,1.8346436056529658,177.0,C,0,0,0,-1.4153846153846155,3.9538461538461536,51.4,4.7,15.83076923076923,0.5425384615384616,20.0
dampier01,Erick Dampier,1997,2011,15,15,0,987,24003,13.54,20.1,2.768104044287353,495.0,C,0,0,0,-1.76,3.5000000000000004,52.50000000000001,4.3,15.386666666666667,0.5427333333333333,21.0
dandrbo01,Bob Dandridge,1980,1982,3,3,0,79,2176,10.533333333333333,14.8,3.9911012125588714,174.0,SF,0,0,0,-2.1333333333333333,0.7333333333333334,2.2,0.5999999999999999,21.166666666666664,0.4533333333333333,32.0
daniean01,Antonio Daniels,1998,2009,12,12,0,872,19671,14.633333333333333,19.7,2.4870777140161007,614.0,PG,0,0,0,0.1583333333333334,3.9249999999999994,47.099999999999994,10.200000000000001,16.366666666666667,0.5465833333333334,22.0
daniell01,Lloyd Daniels,1993,1997,5,4,1,200,3549,10.524999999999999,12.9,1.7122718826167764,310.0,SG,0,0,0,-2.05,0.7750000000000001,3.1000000000000005,0.3999999999999999,20.0,0.4615,25.0
daniema01,Marquis Daniels,2004,2013,10,10,0,548,11707,12.42,20.1,3.2996363435990945,484.0,SG,0,0,0,-1.1700000000000002,1.6600000000000001,16.6,2.9999999999999996,18.82,0.49190000000000006,23.0
dantlad01,Adrian Dantley,1980,1991,12,12,0,739,26627,20.974999999999998,24.6,4.090665186331762,126.0,SF,6,2,0,2.6250000000000004,8.891666666666667,106.7,35.9,26.158333333333335,0.6059166666666667,24.0
daughbr01,Brad Daugherty,1987,1994,8,8,0,548,20029,18.7,23.0,2.600480724789169,1438.0,C,5,1,0,2.0375,8.1375,65.1,21.2,22.112499999999997,0.5865,21.0
davidko01,Kornél Dávid,1999,2001,3,3,0,109,1585,12.1,13.6,1.1860297916438132,209.0,SF,0,0,0,-2.9,0.7999999999999999,2.4,-0.4,17.566666666666666,0.5226666666666667,27.0
davisan01,Antonio Davis,1994,2006,13,13,0,903,26084,13.761538461538464,16.7,2.2909650172054508,940.0,PF,1,0,0,-1.453846153846154,4.584615384615384,59.6,4.5,17.323076923076925,0.5189230769230769,25.0
davisba01,Baron Davis,2000,2012,13,13,0,835,28592,17.23846153846154,21.0,3.1225084742235096,595.0,PG,2,1,0,2.169230769230769,4.861538461538462,63.20000000000001,33.099999999999994,24.353846153846145,0.4976153846153846,20.0
davisbr01,Brad Davis,1980,1992,13,13,0,901,21670,14.069230769230769,17.9,2.66296093601569,268.0,PG,0,0,0,-0.3384615384615385,4.038461538461539,52.50000000000001,11.999999999999998,14.961538461538463,0.5799999999999998,24.0
davisch02,Charles Davis,1982,1990,9,8,1,415,5050,10.9875,13.9,2.3170226045509352,226.0,SF,0,0,0,-3.7125000000000004,0.7250000000000001,5.800000000000001,-1.4,21.4125,0.47125,23.0
davisda01,Dale Davis,1992,2007,16,16,0,1094,29606,14.7375,17.4,1.826839826038397,178.0,C,1,0,0,0.11249999999999999,5.41875,86.7,18.3,13.3125,0.5345,22.0
davised01,Ed Davis,2011,2022,12,12,0,722,13756,14.883333333333335,20.0,3.324112245731516,201.0,PF,0,0,0,-0.8916666666666666,3.6,43.2,6.1000000000000005,12.508333333333335,0.5708333333333333,21.0
davisem01,Emanual Davis,1997,2003,7,6,1,226,3934,9.233333333333333,11.8,1.6699966733167133,230.0,PG,0,0,0,-2.5500000000000003,0.41666666666666674,2.5000000000000004,-0.5,15.766666666666666,0.505,28.0
davisgl01,Glen Davis,2008,2015,8,8,0,514,10865,12.299999999999999,15.0,1.3892443989449803,904.0,PF,0,0,0,-2.7875,2.325,18.6,-1.7000000000000002,19.9375,0.49762500000000004,22.0
davishu01,Hubert Davis,1993,2003,11,11,0,685,15143,11.20909090909091,14.8,2.395622729993771,328.0,SG,0,0,0,-1.2454545454545454,2.527272727272727,27.799999999999997,4.4,16.44545454545454,0.5486363636363637,22.0
davisjo01,Johnny Davis,1980,1986,7,7,0,510,14590,14.799999999999999,16.8,1.0014275524755363,1014.0,PG,0,0,0,-0.5999999999999999,3.8142857142857145,26.700000000000003,4.800000000000001,21.24285714285714,0.5137142857142858,24.0
davisma02,Mark Davis,1996,2000,5,4,1,230,3681,11.325,13.7,1.442870403050807,464.0,SF,0,0,0,-2.8,0.575,2.3,-0.3,18.875,0.48425,22.0
davispa01,Paul Davis,2007,2009,3,3,0,82,702,10.299999999999999,11.2,0.9416297927883686,180.0,PF,0,0,0,-4.466666666666667,0.13333333333333333,0.4,-0.5,17.666666666666668,0.4383333333333333,22.0
davisri01,Ricky Davis,1999,2010,12,11,1,736,21927,13.672727272727274,16.1,3.062705550531458,499.0,SG,0,0,0,-1.5090909090909093,2.5454545454545454,28.0,6.1,22.01818181818182,0.5161818181818183,19.0
daviste01,Terry Davis,1990,2001,12,10,2,480,10369,10.03,12.4,1.6673631877908304,228.0,PF,0,0,0,-4.029999999999999,1.21,12.1,-4.8,12.72,0.5064,22.0
daviswa03,Walter Davis,1980,1992,13,13,0,873,23832,17.90769230769231,21.3,1.6131486356532865,570.0,SG,4,0,0,0.6076923076923076,4.415384615384616,57.4,17.900000000000002,27.17692307692308,0.545,25.0
dawkida01,Darryl Dawkins,1980,1987,8,8,0,482,12629,15.225000000000001,19.5,2.3268809595679794,106.0,C,0,0,0,-0.8875,4.175,33.4,5.199999999999999,21.037499999999998,0.627,23.0
dawkijo01,Johnny Dawkins,1987,1995,9,9,0,541,14859,15.266666666666667,22.8,3.0011109054259673,124.0,PG,0,0,0,-0.46666666666666656,2.4222222222222225,21.8,4.4,19.18888888888889,0.5387777777777778,23.0
dayeau01,Austin Daye,2010,2015,6,6,0,293,4132,10.833333333333334,13.0,2.3711225658371657,148.0,SF,0,0,0,-2.6166666666666667,0.75,4.5,2.7755575615628914e-17,20.316666666666666,0.4861666666666667,21.0
dayeda01,Darren Daye,1984,1988,5,5,0,328,5208,13.5,16.4,2.477902338672773,655.0,SF,0,0,0,-0.6399999999999999,1.8599999999999999,9.299999999999999,2.0999999999999996,20.02,0.5344,23.0
dayto01,Todd Day,1993,2001,9,7,2,483,12214,13.528571428571428,15.5,1.5790723187223257,345.0,SG,0,0,0,-0.9571428571428573,2.485714285714286,17.400000000000002,3.4000000000000004,22.557142857142857,0.5128571428571429,23.0
declean01,Andrew DeClercq,1996,2004,9,9,0,587,9847,12.11111111111111,15.0,1.4003526892611688,203.0,C,0,0,0,-2.9444444444444446,2.1333333333333333,19.2,-2.5,14.32222222222222,0.5331111111111111,22.0
deherte01,Terry Dehere,1994,1999,6,6,0,402,7305,11.616666666666667,16.7,2.6251454986131506,291.0,PG,0,0,0,-3.233333333333334,1.2166666666666666,7.3,-1.1,21.383333333333336,0.5111666666666667,22.0
delebi01,Bison Dele,1992,1999,8,8,0,413,10004,15.625,18.1,1.7711225254058516,138.0,C,0,0,0,-1.3625,2.825,22.6,3.5,21.9,0.5519999999999999,22.0
delfica01,Carlos Delfino,2005,2013,9,8,1,507,11580,12.075,13.6,1.5998046755776159,459.0,SF,0,0,0,-0.11250000000000004,2.825,22.6,7.299999999999999,17.5625,0.5078750000000001,22.0
delkto01,Tony Delk,1997,2006,10,10,0,545,11702,13.829999999999998,16.1,1.143721994192645,385.0,PG,0,0,0,-0.41999999999999993,1.9600000000000002,19.6,4.699999999999999,21.43,0.4997999999999999,23.0
delnevi01,Vinny Del Negro,1989,2001,13,11,2,771,19211,13.154545454545456,15.6,1.4810092605220493,922.0,SG,0,0,0,-0.9454545454545457,3.6818181818181817,40.5,6.1000000000000005,16.736363636363635,0.526090909090909,22.0
demicla01,Larry Demic,1980,1982,3,3,0,206,3192,7.833333333333333,10.4,1.9430788855719563,356.0,PF,0,0,0,-5.566666666666666,0.4666666666666666,1.4,-2.9,15.133333333333333,0.48666666666666675,22.0
denglu01,Luol Deng,2005,2019,15,14,1,902,30941,15.114285714285714,18.7,1.8050948304559447,392.0,SF,2,0,0,0.7000000000000002,5.292857142857144,74.10000000000001,22.899999999999995,20.13571428571429,0.5275000000000001,19.0
dennake01,Kenny Dennard,1982,1984,3,3,0,95,1244,8.766666666666666,11.1,1.649915822768611,224.0,PF,0,0,0,-1.6666666666666667,0.5000000000000001,1.5000000000000002,0.2,10.566666666666668,0.4403333333333333,23.0
derozde01,DeMar DeRozan,2010,2026,17,17,0,1264,43634,18.758823529411767,24.0,3.393082725284316,1664.0,SG,6,3,0,0.7000000000000001,6.7176470588235295,114.2,30.500000000000007,26.711764705882352,0.5572941176470587,20.0
diawaya01,Yakhouba Diawara,2007,2009,3,3,0,187,2614,6.599999999999999,8.1,1.151810169544733,542.0,SG,0,0,0,-3.9,0.5666666666666667,1.7,-1.3,12.966666666666669,0.4803333333333333,24.0
diawbo01,Boris Diaw,2004,2017,14,14,0,1064,28768,12.507142857142856,17.3,2.2085755867637813,1201.0,PF,0,0,0,-0.18571428571428575,3.6785714285714284,51.5,15.6,16.064285714285713,0.5405714285714286,21.0
dickada01,Dan Dickau,2003,2008,6,6,0,300,4617,11.483333333333333,14.9,1.960796323492632,234.0,PG,0,0,0,-2.466666666666667,0.9666666666666667,5.8,0.7000000000000001,19.4,0.5098333333333334,24.0
dickemi01,Michael Dickerson,1999,2002,4,4,0,212,7490,11.475,15.6,3.302555828445599,124.0,SG,0,0,0,-2.2750000000000004,2.35,9.4,1.3,21.05,0.5025,23.0
dienetr01,Travis Diener,2006,2009,4,4,0,179,2660,12.524999999999999,13.7,0.766077672302228,246.0,PG,0,0,0,0.17500000000000002,1.4249999999999998,5.699999999999999,1.1,15.175,0.55725,23.0
dietrco01,Coby Dietrick,1980,1982,3,3,0,243,4106,11.566666666666668,12.1,0.5557777333511019,999.0,C,0,0,0,0.5,2.2333333333333334,6.7,2.5999999999999996,13.666666666666666,0.49766666666666665,31.0
dioguik01,Ike Diogu,2006,2011,6,5,1,225,2795,16.380000000000003,20.3,2.269273011340857,215.0,PF,0,0,0,-2.96,1.3,6.5,-0.6000000000000001,22.12,0.5798,22.0
diopde01,DeSagana Diop,2002,2013,12,12,0,601,8403,8.125,12.5,2.6699328955362653,109.0,C,0,0,0,-3.491666666666667,1.0666666666666669,12.800000000000002,0.4000000000000001,10.141666666666667,0.4074166666666666,20.0
divacvl01,Vlade Divac,1990,2005,16,16,0,1134,33838,17.206249999999997,20.5,2.101924341526117,130.0,C,1,0,0,1.6875,6.01875,96.3,36.2,19.106250000000003,0.538,21.0
dixonju01,Juan Dixon,2003,2009,7,7,0,436,8509,12.385714285714286,15.2,1.9649998701770734,647.0,SG,0,0,0,-2.3999999999999995,0.9000000000000001,6.300000000000001,-0.4,22.742857142857144,0.49371428571428577,24.0
doleami01,Michael Doleac,1999,2008,10,10,0,587,8789,10.510000000000002,13.7,1.942910188351484,257.0,C,0,0,0,-3.79,1.27,12.7,-3.5999999999999996,16.830000000000002,0.47339999999999993,21.0
donalja01,James Donaldson,1981,1995,15,13,2,957,26222,13.523076923076921,16.0,2.2583703607669254,613.0,C,1,0,0,-0.26923076923076916,4.761538461538461,61.89999999999999,12.4,12.907692307692306,0.6112307692307692,23.0
doolike01,Keyon Dooling,2001,2012,12,12,0,728,14134,10.908333333333331,14.1,2.148432891409198,155.0,PG,0,0,0,-2.541666666666667,1.5250000000000001,18.3,-0.20000000000000012,18.908333333333335,0.5086666666666667,20.0
dorsejo01,Joey Dorsey,2010,2015,6,3,3,130,1488,11.700000000000001,14.2,1.8457157599876164,106.0,PF,0,0,0,-3.3000000000000003,0.9333333333333332,2.8,-0.2,12.9,0.49700000000000005,26.0
doubyqu01,Quincy Douby,2007,2009,3,3,0,143,1535,9.633333333333333,10.2,0.49216076867444636,300.0,PG,0,0,0,-3.5666666666666664,0.0,0.0,-0.6,19.866666666666664,0.4766666666666666,22.0
douglch01,Chris Douglas-Roberts,2009,2015,7,5,2,222,4381,10.14,12.2,3.434297599218798,103.0,SF,0,0,0,-2.88,1.06,5.3,-0.19999999999999998,16.419999999999998,0.507,22.0
douglle01,Leon Douglas,1980,1982,3,3,0,217,4277,10.133333333333333,12.5,2.608107018935807,1093.0,C,0,0,0,-3.1666666666666665,2.1,6.300000000000001,-1.1,12.666666666666666,0.5343333333333334,25.0
douglsh01,Sherman Douglas,1990,2001,12,12,0,765,21148,14.600000000000001,18.0,2.2052966542697456,309.0,PG,0,0,0,-0.6583333333333333,2.741666666666667,32.900000000000006,9.2,19.40833333333333,0.5294166666666668,23.0
douglto01,Toney Douglas,2010,2017,8,8,0,394,7511,12.0375,15.2,2.7914769836056323,177.0,PG,0,0,0,-1.4125,1.5374999999999999,12.299999999999999,2.3,19.3125,0.49575,23.0
dragigo01,Goran Dragić,2009,2023,15,15,0,946,25604,15.166666666666668,21.4,3.383423644114871,498.0,PG,1,1,0,-0.38000000000000006,3.766666666666666,56.49999999999999,15.9,22.673333333333332,0.5433333333333333,22.0
dreilgr01,Greg Dreiling,1987,1997,11,9,2,474,4241,7.144444444444444,8.7,1.2561945276739683,128.0,C,0,0,0,-5.666666666666668,0.4555555555555556,4.1000000000000005,-3.3,12.844444444444445,0.5014444444444445,24.0
drewbr01,Bryce Drew,1999,2002,4,4,0,243,3970,9.45,12.4,2.3092206477510984,441.0,PG,0,0,0,-3.125,0.625,2.5,-1.1,15.575,0.47875,24.0
drewjo01,John Drew,1980,1985,6,6,0,361,9887,18.400000000000002,20.5,1.6921386861996077,463.0,SF,1,0,0,-0.6666666666666666,4.25,25.5,4.3,30.816666666666666,0.5365000000000001,25.0
drewla01,Larry Drew,1981,1991,11,10,1,714,18370,13.290000000000001,18.1,2.7678330874530714,496.0,PG,0,0,0,-1.24,2.44,24.4,4.8999999999999995,19.95,0.512,22.0
drexlcl01,Clyde Drexler,1984,1998,15,15,0,1086,37537,20.73333333333333,24.1,2.3550418727110194,1408.0,SG,10,5,2,5.16,9.04,135.6,70.39999999999999,25.186666666666664,0.5428666666666667,21.0
drobnpr01,Predrag Drobnjak,2002,2005,4,4,0,278,5542,12.625,12.7,0.0829156197588847,949.0,C,0,0,0,-3.05,1.425,5.7,-1.3000000000000003,20.95,0.477,26.0
duckwke01,Kevin Duckworth,1987,1997,11,10,1,684,17462,11.0,14.9,2.6244999523718806,384.0,C,2,0,0,-4.25,2.5,25.0,-7.5,20.119999999999997,0.5043,22.0
dudlech02,Chris Dudley,1988,2002,15,14,1,886,16321,9.907142857142855,13.2,2.083425848285972,327.0,C,0,0,0,-3.521428571428572,1.8714285714285717,26.200000000000003,-4.1,12.614285714285714,0.42800000000000005,22.0
dudleja01,Jared Dudley,2008,2020,13,13,0,904,20117,11.884615384615387,15.6,2.7371647750760566,364.0,PF,0,0,0,-0.13846153846153844,3.2846153846153836,42.69999999999999,11.1,13.623076923076923,0.5704615384615385,22.0
duerote01,Terry Duerod,1980,1982,3,3,0,143,1977,12.666666666666666,13.8,0.8653836657164786,146.0,SG,0,0,0,-2.766666666666667,0.36666666666666664,1.0999999999999999,-0.4,23.3,0.47533333333333333,23.0
duhonch01,Chris Duhon,2005,2013,9,9,0,606,15526,10.066666666666666,12.9,2.223110933404409,774.0,PG,0,0,0,-1.511111111111111,2.7777777777777777,25.0,3.0999999999999996,12.966666666666667,0.5152222222222221,22.0
dumarjo01,Joe Dumars,1986,1999,14,14,0,1018,35139,15.164285714285713,18.0,1.7834986254378713,1116.0,SG,6,3,0,0.807142857142857,6.157142857142858,86.20000000000002,25.3,20.75,0.5552142857142858,22.0
dumasri02,Richard Dumas,1993,1996,4,3,1,102,2226,15.1,18.6,2.987752778706208,167.0,SF,0,0,0,-1.0,1.5,4.5,1.0,21.333333333333332,0.5303333333333334,23.0
dumasto01,Tony Dumas,1995,1997,3,3,0,156,2222,9.733333333333333,15.2,4.135483311805553,278.0,SG,0,0,0,-4.666666666666667,0.43333333333333335,1.3,-0.7000000000000001,23.400000000000002,0.4573333333333333,22.0
duncati01,Tim Duncan,1998,2016,19,19,0,1392,47368,23.931578947368422,27.1,2.424882554199698,1536.0,C,15,15,9,5.463157894736842,10.857894736842104,206.29999999999998,91.2,26.652631578947368,0.5484210526315789,21.0
dunlemi01,Mike Dunleavy,1980,1985,6,6,0,317,6464,13.966666666666667,16.4,1.3840359661351125,404.0,PG,0,0,0,-0.21666666666666665,2.0833333333333335,12.5,2.3,18.8,0.562,25.0
dunlemi02,Mike Dunleavy,2003,2017,15,15,0,986,27340,13.446666666666664,17.3,2.1206497955946326,495.0,SF,0,0,0,-0.05999999999999999,3.9,58.5,15.799999999999999,18.279999999999998,0.5531333333333334,22.0
dunntr01,T.R. Dunn,1980,1991,12,12,0,850,20484,9.933333333333334,12.5,1.5891996588080288,217.0,SG,0,0,0,-0.3416666666666666,2.8833333333333333,34.6,10.0,8.833333333333334,0.4939166666666667,24.0
duprero01,Ronald Dupree,2004,2006,3,3,0,157,1758,10.633333333333333,11.8,0.8730533902472535,265.0,SF,0,0,0,-3.2999999999999994,0.6,1.8,-0.6,17.633333333333333,0.48466666666666663,23.0
duranke01,Kevin Durant,2008,2026,19,18,1,1201,44077,24.76111111111111,29.8,3.437075450775119,913.0,SF,16,12,6,6.472222222222222,10.344444444444443,186.2,92.5,29.883333333333333,0.6255,19.0
durenjo01,John Duren,1981,1983,3,3,0,201,2947,5.933333333333333,8.2,2.4073960113690385,458.0,PG,0,0,0,-5.866666666666667,-0.26666666666666666,-0.7999999999999999,-2.4000000000000004,13.299999999999999,0.4323333333333334,22.0
eacklle01,Ledell Eackles,1989,1998,10,7,3,441,8917,13.5,15.3,1.297249838256742,547.0,SG,0,0,0,-2.2,1.5285714285714285,10.7,-0.7999999999999999,23.74285714285714,0.5202857142857142,22.0
earlac01,Acie Earl,1994,1997,4,4,0,193,2512,10.149999999999999,14.1,2.7115493725912496,208.0,C,0,0,0,-6.25,0.075,0.3,-2.5,21.75,0.44725,23.0
eatonma01,Mark Eaton,1983,1993,11,11,0,875,25169,10.745454545454544,13.6,1.4430798102818068,1104.0,C,1,0,0,-0.23636363636363636,4.0636363636363635,44.699999999999996,11.700000000000001,10.509090909090908,0.5069090909090909,26.0
ebankde01,Devin Ebanks,2011,2013,3,3,0,63,711,11.333333333333334,19.4,5.7621369492769094,118.0,SG,0,0,0,-4.633333333333334,0.19999999999999998,0.6,-0.5,20.166666666666664,0.461,21.0
edneyty01,Tyus Edney,1996,2001,6,4,2,226,4743,14.950000000000001,17.8,2.289650628371063,263.0,PG,0,0,0,-0.8250000000000001,1.7,6.8,0.7,21.15,0.5042500000000001,22.0
edwarbl01,Blue Edwards,1990,1999,10,10,0,704,18409,12.43,16.4,1.8952836199366043,283.0,SF,0,0,0,-1.5699999999999998,2.42,24.2,1.8999999999999995,19.44,0.531,24.0
edwardo01,Doug Edwards,1994,1996,3,3,0,85,838,9.0,10.1,1.098483803552272,107.0,PF,0,0,0,-5.633333333333333,0.10000000000000002,0.30000000000000004,-0.7,18.3,0.452,23.0
edwarfr01,Franklin Edwards,1982,1988,7,7,0,296,4436,11.900000000000002,18.7,4.190124444111756,122.0,PG,0,0,0,-2.585714285714286,0.5571428571428572,3.9000000000000004,0.09999999999999998,20.057142857142857,0.48171428571428576,22.0
edwarja01,James Edwards,1980,1996,17,17,0,1003,23405,13.082352941176469,18.2,4.0369230120036095,266.0,C,0,0,0,-2.9470588235294115,2.8352941176470585,48.199999999999996,0.9000000000000001,22.323529411764707,0.5294705882352941,24.0
edwarke01,Kevin Edwards,1989,2001,13,11,2,604,15332,11.972727272727274,17.1,2.4420896078753054,466.0,SG,0,0,0,-1.6545454545454545,1.1454545454545455,12.6,3.3,21.254545454545454,0.4780909090909091,23.0
ehlocr01,Craig Ehlo,1985,1997,13,13,0,873,21071,13.284615384615384,17.5,2.184154881041795,189.0,SG,0,0,0,0.4076923076923077,3.161538461538461,41.099999999999994,14.2,17.946153846153845,0.5143076923076924,23.0
eisleho01,Howard Eisley,1995,2006,12,12,0,786,16013,10.708333333333334,14.1,2.1952442283769296,394.0,PG,0,0,0,-2.4166666666666665,1.625,19.5,1.1999999999999997,17.94166666666667,0.49316666666666675,22.0
ekeziob01,Obinna Ekezie,2000,2005,6,4,2,143,1516,11.4,12.4,0.761577310586391,152.0,PF,0,0,0,-5.1,0.45,1.8,-1.3,18.35,0.50375,24.0
eliema01,Mario Elie,1991,2001,11,11,0,732,18654,13.081818181818182,14.6,1.6369695847777999,644.0,SF,0,0,0,0.6363636363636364,4.4363636363636365,48.8,12.6,14.69090909090909,0.5945454545454545,27.0
ellinwa01,Wayne Ellington,2010,2022,13,13,0,770,16100,10.86153846153846,12.6,1.4788449034705127,393.0,SG,0,0,0,-1.5692307692307692,1.6230769230769229,21.099999999999998,2.1999999999999997,16.72307692307692,0.5425384615384616,22.0
elliose01,Sean Elliott,1990,2001,12,12,0,742,24502,13.125,16.3,2.3076412921711498,391.0,SF,2,0,0,-0.225,4.633333333333333,55.599999999999994,13.499999999999998,19.083333333333336,0.5381666666666667,21.0
ellisda01,Dale Ellis,1984,2000,17,17,0,1209,34778,15.4,19.7,2.785255295089398,564.0,SF,1,1,0,0.1823529411764706,4.976470588235294,84.6,22.9,22.011764705882356,0.5595882352941175,23.0
ellisha01,Harold Ellis,1994,1998,5,3,2,145,1923,16.566666666666666,18.1,1.5755069730795301,344.0,SF,0,0,0,0.46666666666666673,1.5333333333333332,4.6,1.3,19.333333333333332,0.5693333333333334,23.0
ellisla01,LaPhonso Ellis,1993,2003,11,10,1,624,17616,13.9,18.2,2.7118259531171978,539.0,PF,0,0,0,-1.4100000000000001,3.28,32.8,4.7,20.580000000000002,0.5008999999999999,22.0
ellismo01,Monta Ellis,2006,2017,12,12,0,833,29011,15.458333333333334,19.0,2.6719089097913167,886.0,SG,0,0,0,-0.6749999999999999,3.5083333333333333,42.1,12.5,24.549999999999997,0.519,20.0
ellispe01,Pervis Ellison,1990,2000,11,10,1,474,11593,13.029999999999998,19.9,3.9648581311315536,125.0,C,0,0,0,-1.53,2.1900000000000004,21.900000000000002,4.6000000000000005,15.520000000000001,0.5245,22.0
elmorle01,Len Elmore,1980,1984,5,5,0,350,5747,9.06,11.8,1.9794948850653797,832.0,C,0,0,0,-1.8399999999999999,1.8,9.0,0.4000000000000001,13.84,0.457,27.0
elsonfr01,Francisco Elson,2004,2011,8,7,1,472,7207,9.900000000000002,11.2,1.4252819269985046,610.0,C,0,0,0,-2.871428571428571,1.6857142857142857,11.8,-1.3,13.057142857142855,0.5117142857142857,27.0
elyme01,Melvin Ely,2003,2011,9,8,1,375,6005,9.4,14.3,2.753179979587241,309.0,C,0,0,0,-4.5,0.47500000000000003,3.8000000000000003,-3.0,16.925,0.494625,24.0
englech01,Chris Engler,1983,1988,6,4,2,195,1405,7.300000000000001,11.0,2.234949663862701,195.0,C,0,0,0,-5.6,0.125,0.5,-1.3,13.625,0.45725,23.0
englial01,Alex English,1980,1991,12,12,0,970,33167,19.908333333333335,24.1,2.9221733730602337,1748.0,SF,8,3,0,1.8583333333333332,7.374999999999999,88.49999999999999,34.300000000000004,27.03333333333333,0.5459999999999999,26.0
ervinju01,Julius Erving,1980,1987,8,8,0,602,20506,22.1,25.9,3.3256578296631782,1918.0,SF,8,5,4,5.3125,9.7,77.6,38.9,26.700000000000003,0.558875,29.0
eschmev01,Evan Eschmeyer,2000,2003,4,4,0,153,2138,9.975,11.8,1.6315253599009734,135.0,C,0,0,0,-3.05,0.9750000000000001,3.9000000000000004,-0.5,11.0,0.48375,24.0
evansje01,Jeremy Evans,2011,2016,6,6,0,250,2626,17.933333333333334,20.5,2.7517671090087226,215.0,SF,0,0,0,2.0333333333333337,1.3499999999999999,8.1,1.9000000000000004,13.383333333333333,0.626,23.0
evansma01,Maurice Evans,2005,2012,8,8,0,562,10918,11.6875,14.0,1.7716076738375233,343.0,SF,0,0,0,-1.475,2.7125000000000004,21.700000000000003,2.1,15.899999999999999,0.532125,26.0
evansmi01,Mike Evans,1980,1988,9,9,0,591,9858,11.422222222222222,15.6,2.4827304761661,270.0,PG,0,0,0,-2.5777777777777775,1.0333333333333332,9.299999999999999,-1.2,19.933333333333337,0.5056666666666667,24.0
evansre01,Reggie Evans,2003,2015,13,13,0,809,15572,11.530769230769229,13.5,1.2510823716253523,311.0,PF,0,0,0,-2.9384615384615382,2.1000000000000005,27.300000000000004,-2.9999999999999996,12.361538461538462,0.5014615384615386,22.0
evansty01,Tyreke Evans,2010,2019,10,10,0,594,18242,16.919999999999998,21.1,2.4955159787106154,765.0,SG,0,0,0,0.82,2.84,28.4,13.1,25.7,0.5172,20.0
ewingpa01,Patrick Ewing,1986,2002,17,17,0,1183,40594,20.42941176470588,25.8,3.3061021488582476,848.0,C,11,7,6,2.4058823529411764,7.441176470588236,126.50000000000001,50.10000000000001,27.682352941176468,0.5443529411764706,23.0
farmajo01,Jordan Farmar,2007,2016,10,9,1,504,9840,13.111111111111112,17.4,2.467767522115865,291.0,PG,0,0,0,-0.6888888888888889,1.5333333333333332,13.799999999999999,3.6,19.72222222222222,0.5275555555555556,20.0
farmeji01,Jim Farmer,1988,1991,4,4,0,136,1454,10.125,15.5,4.151731566467177,157.0,SG,0,0,0,-4.95,0.19999999999999998,0.7999999999999999,-0.7,23.6,0.477,23.0
favorde01,Derrick Favors,2011,2022,12,12,0,790,19202,18.258333333333333,21.8,2.7063069342227655,653.0,PF,0,0,0,0.6083333333333333,5.008333333333334,60.1,13.9,18.825000000000003,0.5685833333333333,19.0
feickja01,Jamie Feick,1997,2001,5,5,0,201,4316,11.98,14.2,1.3407460609675494,149.0,C,0,0,0,-2.7,1.6599999999999997,8.299999999999999,-0.7,12.180000000000001,0.45899999999999996,22.0
feitlda01,Dave Feitl,1987,1992,6,5,1,275,3001,9.959999999999999,11.9,1.3499629624548968,175.0,C,0,0,0,-6.14,0.30000000000000004,1.5000000000000002,-3.0,20.74,0.47620000000000007,24.0
feltora01,Raymond Felton,2006,2019,14,14,0,971,28829,13.421428571428573,16.6,1.5204222023732052,281.0,PG,0,0,0,-0.7285714285714286,2.8785714285714294,40.30000000000001,10.0,20.035714285714285,0.49607142857142855,21.0
fernaru01,Rudy Fernández,2009,2012,4,4,0,249,5965,13.825,15.5,0.9730750228014281,710.0,SG,0,0,0,1.5250000000000001,3.5249999999999995,14.099999999999998,5.6,18.15,0.5497500000000001,23.0
fernser01,Eric Fernsten,1980,1984,5,4,1,176,1314,10.775,14.4,2.330638324579771,202.0,C,0,0,0,-1.175,0.725,2.9,0.5,14.575,0.524,26.0
ferredu01,Duane Ferrell,1989,1998,10,9,1,583,8734,12.177777777777777,15.6,2.471067145891866,231.0,SF,0,0,0,-2.066666666666667,1.7666666666666666,15.9,0.7,18.655555555555555,0.5217777777777779,23.0
ferryda01,Danny Ferry,1991,2003,13,13,0,917,18133,11.284615384615384,16.0,2.6786466599747873,601.0,PF,0,0,0,-1.169230769230769,2.669230769230769,34.699999999999996,4.8999999999999995,17.03076923076923,0.5326153846153846,24.0
fesenky01,Kyrylo Fesenko,2009,2011,3,3,0,135,1107,9.5,13.0,2.9427877939124323,156.0,C,0,0,0,-4.966666666666667,0.26666666666666666,0.7999999999999999,-1.0,15.333333333333334,0.5053333333333334,22.0
fieldke01,Kenny Fields,1985,1988,4,4,0,184,2692,10.725000000000001,13.3,1.9803724397193576,154.0,SF,0,0,0,-2.95,1.05,4.2,-0.19999999999999998,18.725,0.51675,22.0
fieldla01,Landry Fields,2011,2015,5,5,0,255,6010,11.040000000000001,13.5,1.6451139778143034,216.0,SF,0,0,0,-0.62,2.1,10.5,2.7,13.12,0.5122000000000001,22.0
finlemi01,Michael Finley,1996,2010,15,15,0,1103,37996,15.326666666666666,19.3,3.2084194793629397,709.0,SF,2,0,0,0.7999999999999997,5.686666666666667,85.30000000000001,28.700000000000003,20.973333333333336,0.5273333333333333,22.0
fishede01,Derek Fisher,1997,2014,18,18,0,1287,32719,11.472222222222221,14.8,2.0980958445312994,575.0,PG,0,0,0,-1.0666666666666667,3.461111111111111,62.3,8.8,16.12777777777778,0.5097222222222222,22.0
fizerma01,Marcus Fizer,2001,2005,5,5,0,289,6032,13.62,17.9,2.4350770008359075,738.0,PF,0,0,0,-3.5,0.5399999999999999,2.6999999999999997,-2.6000000000000005,25.14,0.48119999999999996,22.0
flemive01,Vern Fleming,1985,1996,12,12,0,893,24721,14.733333333333334,17.5,2.0001388840666925,686.0,PG,0,0,0,0.18333333333333324,4.341666666666667,52.1,15.299999999999999,18.799999999999997,0.54625,22.0
floydsl01,Sleepy Floyd,1983,1995,13,13,0,957,26383,14.046153846153846,20.2,4.108642932351524,737.0,PG,1,0,0,-0.5692307692307692,3.892307692307692,50.599999999999994,16.599999999999998,20.923076923076923,0.5126153846153846,22.0
flynnjo01,Jonny Flynn,2010,2012,3,3,0,163,3738,10.433333333333334,13.0,2.4689178916188275,416.0,PG,0,0,0,-4.666666666666667,-0.36666666666666664,-1.0999999999999999,-1.9000000000000001,20.96666666666667,0.4656666666666667,20.0
fordch01,Chris Ford,1980,1982,3,3,0,231,6429,9.866666666666667,13.0,2.2528993664954404,1591.0,SG,0,0,0,-0.3,3.8000000000000003,11.4,2.8,14.166666666666666,0.4943333333333333,31.0
forddo01,Don Ford,1980,1982,3,3,0,158,2196,7.166666666666665,9.6,2.517052950487048,201.0,SF,0,0,0,-3.233333333333333,0.6666666666666666,2.0,-0.4,11.200000000000001,0.47433333333333333,27.0
fordph01,Phil Ford,1980,1985,6,6,0,403,10780,12.066666666666668,17.3,3.7672565909720324,290.0,PG,0,0,0,-1.6666666666666667,2.9499999999999997,17.7,2.0000000000000004,17.433333333333334,0.5091666666666668,23.0
fordtj01,T.J. Ford,2004,2012,9,8,1,429,11882,14.325,20.3,3.4248175133866625,191.0,PG,0,0,0,-0.7749999999999999,2.1125,16.9,4.7,21.35,0.49575,20.0
fortsda01,Danny Fortson,1998,2007,10,10,0,440,8832,14.9,24.4,5.6286765762477415,158.0,PF,0,0,0,-3.8200000000000003,2.24,22.400000000000002,-2.5999999999999996,17.88,0.5795999999999999,21.0
fostegr01,Greg Foster,1991,2003,13,11,2,656,7974,8.863636363636363,11.6,2.0676173055751996,298.0,PF,0,0,0,-5.627272727272726,0.5,5.5,-7.0,17.69090909090909,0.4743636363636364,22.0
fosteje01,Jeff Foster,2001,2012,12,12,0,764,15750,13.4,16.2,1.912677007059303,141.0,C,0,0,0,-0.7999999999999999,3.9083333333333337,46.900000000000006,6.200000000000001,11.683333333333335,0.5223333333333333,24.0
fostero01,Rod Foster,1984,1986,3,3,0,207,3446,10.200000000000001,12.1,2.546893532652409,704.0,PG,0,0,0,-3.5,0.7333333333333334,2.2,-1.1,21.066666666666666,0.48500000000000004,23.0
fowlktr01,Tremaine Fowlkes,2002,2004,3,3,0,103,1233,9.466666666666667,12.4,2.408780235351956,261.0,SF,0,0,0,-2.0,0.7000000000000001,2.1,0.2,12.6,0.4676666666666667,25.0
foxri01,Rick Fox,1992,2004,13,13,0,930,23723,13.346153846153848,16.8,2.3578397494366894,846.0,SF,0,0,0,-0.22307692307692312,3.4461538461538455,44.79999999999999,11.8,18.353846153846153,0.532076923076923,22.0
foyera01,Randy Foye,2007,2017,11,11,0,752,19279,11.763636363636364,14.0,2.2369917817025966,1087.0,SG,0,0,0,-1.4363636363636363,2.1363636363636362,23.5,3.8000000000000007,19.463636363636365,0.5192727272727272,23.0
foylead01,Adonal Foyle,1998,2008,11,11,0,733,13060,12.145454545454545,15.3,1.6724308037669091,475.0,C,0,0,0,-1.8272727272727272,1.6727272727272726,18.4,0.8000000000000003,12.454545454545455,0.4843636363636365,22.0
frahmri01,Richie Frahm,2004,2008,5,4,1,140,1473,10.75,15.7,3.7619808611953354,163.0,SG,0,0,0,-1.525,0.7,2.8,0.5000000000000001,15.875,0.524,26.0
francst01,Steve Francis,2000,2008,9,9,0,576,21632,17.08888888888889,21.6,3.570385738402457,199.0,PG,3,0,0,1.5333333333333334,6.011111111111112,54.10000000000001,22.6,24.022222222222226,0.5222222222222223,22.0
frankte01,Tellis Frank,1988,1994,7,5,2,264,4703,10.4,12.4,1.247397290361014,140.0,PF,0,0,0,-3.7399999999999998,0.82,4.1,-2.5,17.06,0.508,22.0
fredean01,Anthony Frederick,1989,1992,4,3,1,147,1640,12.033333333333333,13.0,0.7408703590297626,313.0,SF,0,0,0,-2.6333333333333333,0.2333333333333333,0.7,-0.2,22.333333333333332,0.49066666666666664,24.0
freewo01,World B. Free,1980,1988,9,9,0,583,18515,17.166666666666664,22.7,4.585484343738038,285.0,SG,1,0,0,-0.04444444444444448,5.066666666666666,45.6,15.799999999999997,28.622222222222224,0.5081111111111111,26.0
fryech01,Channing Frye,2006,2019,14,13,1,890,19772,13.023076923076925,18.1,2.602115661756749,341.0,C,0,0,0,-0.7999999999999999,2.992307692307693,38.900000000000006,8.100000000000001,18.069230769230767,0.5457692307692308,22.0
fulleto02,Todd Fuller,1997,2000,4,4,0,225,2500,10.225000000000001,11.8,1.0207227831296806,399.0,C,0,0,0,-5.6000000000000005,0.55,2.2,-2.1,18.549999999999997,0.47575,22.0
fundela01,Lawrence Funderburke,1998,2003,6,6,0,318,4726,15.733333333333334,18.5,2.3221158933658375,229.0,PF,0,0,0,-0.9333333333333332,2.15,12.9,1.7,18.783333333333335,0.5298333333333334,27.0
gadzuda01,Dan Gadzuric,2003,2011,9,9,0,527,7793,13.18888888888889,18.1,3.0834484462996388,314.0,C,0,0,0,-3.322222222222222,1.7666666666666666,15.9,-0.6999999999999998,16.322222222222223,0.4896666666666667,24.0
gaineco01,Corey Gaines,1989,1995,7,3,4,80,1002,10.499999999999998,15.2,3.41272129929572,226.0,SG,0,0,0,-2.9,0.19999999999999998,0.6,-0.2,12.833333333333334,0.49133333333333334,23.0
gainesu01,Sundiata Gaines,2010,2012,3,3,0,113,1311,14.533333333333333,17.3,2.471616654922217,217.0,PG,0,0,0,-0.49999999999999994,0.4666666666666666,1.4,0.6,22.400000000000002,0.48066666666666674,23.0
galemi01,Mike Gale,1980,1982,3,3,0,219,4379,12.633333333333333,13.7,1.2364824660660936,1112.0,PG,0,0,0,0.6,2.3333333333333335,7.0,2.9000000000000004,13.566666666666668,0.528,29.0
gallida01,Danilo Gallinari,2009,2024,16,14,2,777,22410,16.328571428571433,21.0,2.251167497553395,412.0,SF,0,0,0,1.3571428571428574,4.65,65.10000000000001,21.0,20.46428571428571,0.5904999999999999,20.0
gamblke01,Kevin Gamble,1989,1997,9,9,0,649,14508,13.822222222222223,16.3,2.506780927261884,375.0,SF,0,0,0,0.0222222222222222,3.711111111111111,33.4,8.200000000000001,18.1,0.5482222222222222,23.0
garcifr01,Francisco García,2006,2015,10,10,0,549,11853,11.169999999999998,15.1,3.0505901068481815,200.0,SF,0,0,0,-0.49000000000000005,1.83,18.3,5.6000000000000005,16.349999999999998,0.5161999999999999,24.0
garlawi01,Winston Garland,1988,1995,8,7,1,511,13391,12.285714285714286,14.7,1.6965751816346881,1004.0,PG,0,0,0,-1.8,2.028571428571429,14.200000000000001,1.3,17.942857142857143,0.4882857142857143,23.0
garnebi02,Bill Garnett,1983,1986,4,4,0,300,5260,12.125,15.0,1.8005207580030842,1123.0,PF,0,0,0,-0.9500000000000001,2.725,10.9,1.5999999999999999,14.024999999999999,0.557,22.0
garneke01,Kevin Garnett,1996,2016,21,21,0,1462,50418,21.423809523809524,29.4,4.601853121753781,556.0,PF,15,9,5,4.909523809523809,9.119047619047619,191.5,97.00000000000001,23.633333333333333,0.5393809523809525,19.0
garreca01,Calvin Garrett,1981,1984,4,3,1,166,3008,9.133333333333335,10.2,0.7717224601860145,478.0,SF,0,0,0,-2.9,0.8666666666666667,2.6,-0.5,14.733333333333334,0.4976666666666667,24.0
garrede01,Dean Garrett,1997,2002,6,6,0,359,6969,11.866666666666667,17.7,3.5752233807445126,183.0,C,0,0,0,-2.2333333333333334,2.35,14.100000000000001,1.0,12.516666666666666,0.4848333333333333,30.0
garripa01,Pat Garrity,1999,2008,10,9,1,552,11062,9.588888888888889,13.0,2.956140293033936,277.0,PF,0,0,0,-2.7333333333333334,2.0777777777777775,18.7,0.5999999999999999,16.833333333333332,0.512,22.0
garrito01,Tom Garrick,1989,1992,4,4,0,251,4718,11.475000000000001,13.3,1.271563997602952,549.0,SG,0,0,0,-1.375,1.475,5.9,0.6,14.5,0.5025000000000001,22.0
gasolma01,Marc Gasol,2009,2021,13,13,0,891,28719,17.43846153846154,21.7,2.7227074934106597,993.0,C,3,2,0,2.8923076923076922,6.56923076923077,85.4,36.800000000000004,19.83076923076923,0.5606153846153847,24.0
gasolpa01,Pau Gasol,2002,2019,18,18,0,1226,41001,20.988888888888887,24.1,2.0674431038493712,360.0,C,6,4,0,3.477777777777778,7.994444444444444,143.89999999999998,57.599999999999994,22.927777777777777,0.5614999999999999,21.0
gatlich01,Chris Gatling,1992,2002,11,11,0,700,13760,17.218181818181822,23.9,3.4342706468816715,612.0,PF,1,0,0,-1.2454545454545454,2.9181818181818184,32.1,3.2,23.636363636363637,0.5534545454545454,24.0
gattike01,Kenny Gattison,1987,1996,10,8,2,494,9927,12.2125,15.3,2.101450391991208,409.0,PF,0,0,0,-3.0125,2.125,17.0,-1.0,17.55,0.547375,22.0
gayru01,Rudy Gay,2007,2023,17,17,0,1120,34561,15.970588235294118,19.7,2.557748252773809,816.0,SF,0,0,0,0.3588235294117646,3.5823529411764703,60.9,22.5,23.652941176470588,0.5346470588235295,20.0
geeal01,Alonzo Gee,2010,2016,7,7,0,417,9071,11.52857142857143,16.2,2.5838588449472706,182.0,SF,0,0,0,-1.5999999999999999,1.3857142857142857,9.7,-0.3,15.685714285714287,0.5342857142857144,22.0
geigema01,Matt Geiger,1993,2001,9,9,0,552,12221,14.733333333333333,20.2,2.64449112937316,542.0,C,0,0,0,-2.1555555555555554,3.1666666666666665,28.5,0.8,20.08888888888889,0.5404444444444444,23.0
gelabmi01,Mickaël Gelabale,2007,2013,7,3,4,145,2348,10.700000000000001,11.8,0.8286535263104037,465.0,SF,0,0,0,-1.9666666666666668,1.0,3.0,-5.551115123125783e-17,14.066666666666668,0.5496666666666666,23.0
georgde01,Devean George,2000,2010,11,11,0,630,11682,10.1,12.6,2.1854893356783136,306.0,SF,0,0,0,-2.3000000000000003,1.663636363636364,18.300000000000004,1.4,16.290909090909093,0.48109090909090907,22.0
georgpa01,Paul George,2011,2026,16,15,1,945,31651,18.653333333333332,23.3,2.619635258750517,1077.0,SF,9,6,1,3.346666666666667,6.139999999999999,92.09999999999998,45.4,26.64,0.5679333333333333,20.0
georgta01,Tate George,1991,1993,3,3,0,177,2019,10.066666666666668,11.8,1.6213848676020415,380.0,PG,0,0,0,-3.6666666666666665,0.4666666666666666,1.4,-0.7,18.833333333333332,0.4526666666666667,22.0
gervige01,George Gervin,1980,1986,7,7,0,547,18086,20.77142857142857,24.2,2.850420663548395,2065.0,SG,6,4,2,1.457142857142857,7.757142857142858,54.300000000000004,17.0,30.78571428571428,0.5591428571428573,27.0
gibsoda01,Daniel Gibson,2007,2013,7,7,0,397,9316,10.371428571428572,13.2,1.6968157452915702,916.0,PG,0,0,0,-1.157142857142857,2.2714285714285714,15.899999999999999,2.3000000000000003,15.5,0.5401428571428571,20.0
gibsota01,Taj Gibson,2010,2025,16,16,0,1012,23166,14.225000000000001,17.8,2.8680350416269325,204.0,PF,0,0,0,-1.39375,3.7750000000000004,60.400000000000006,6.4,15.55,0.5549375000000001,24.0
gilled01,Eddie Gill,2001,2008,8,6,2,187,2033,10.266666666666666,13.2,1.456784892227477,122.0,PG,0,0,0,-2.05,0.3,1.8,-0.10000000000000003,17.2,0.49583333333333335,22.0
gilliar01,Armen Gilliam,1988,2000,13,13,0,929,26421,16.176923076923078,18.5,1.7387678423146251,668.0,PF,0,0,0,-0.8692307692307693,4.469230769230769,58.1,8.8,21.87692307692308,0.5424615384615386,23.0
gillke01,Kendall Gill,1991,2005,15,15,0,966,29481,13.886666666666663,19.6,2.920015220660483,284.0,SG,0,0,0,-0.2800000000000001,3.2000000000000006,48.00000000000001,15.799999999999997,21.073333333333334,0.4808666666666666,22.0
gilmoar01,Artis Gilmore,1980,1988,9,9,0,663,20476,18.22222222222222,22.4,4.2136755604098255,893.0,C,4,0,0,1.3777777777777775,7.900000000000001,71.10000000000001,20.400000000000002,18.11111111111111,0.6577777777777778,30.0
ginobma01,Manu Ginóbili,2003,2018,16,16,0,1057,26859,19.831249999999997,24.3,3.6953888073516703,792.0,SG,2,2,0,4.65625,6.65625,106.5,47.5,24.16875,0.580875,25.0
giricgo01,Gordan Giriček,2003,2008,6,6,0,384,8824,11.33333333333333,13.2,1.6234394215847894,831.0,SG,0,0,0,-2.733333333333334,1.3333333333333333,8.0,-1.2000000000000002,20.666666666666668,0.5219999999999999,25.0
glassge01,Gerald Glass,1991,1993,3,3,0,201,3347,13.733333333333334,15.9,1.5965240019770732,606.0,SF,0,0,0,-1.7333333333333334,0.5666666666666668,1.7000000000000002,0.2,24.400000000000002,0.45966666666666667,23.0
glennmi01,Mike Glenn,1980,1986,7,7,0,462,7499,15.057142857142859,16.6,1.354207351560465,573.0,SG,0,0,0,0.39999999999999997,2.9285714285714284,20.5,4.8,18.242857142857144,0.5785714285714285,24.0
glovedi01,Dion Glover,2000,2004,5,5,0,294,6132,12.7,13.5,0.5099019513592784,446.0,SG,0,0,0,-2.0,1.14,5.699999999999999,0.1,21.38,0.48360000000000003,21.0
gminsmi01,Mike Gminski,1981,1994,14,14,0,938,24058,15.457142857142856,19.0,2.372375026277701,251.0,C,0,0,0,-0.45,3.978571428571428,55.699999999999996,13.2,19.464285714285715,0.5174285714285715,21.0
goldwan01,Anthony Goldwire,1996,2005,10,5,5,266,4951,12.760000000000002,15.1,1.5628179676469038,201.0,PG,0,0,0,-1.6199999999999999,1.3199999999999998,6.6,0.4,18.1,0.5268,24.0
gomesry01,Ryan Gomes,2006,2012,7,7,0,487,13463,11.62857142857143,15.7,3.5180003596663036,425.0,SF,0,0,0,-2.0428571428571427,2.757142857142857,19.3,1.5,16.7,0.506,23.0
gondrgl01,Glen Gondrezick,1980,1983,4,4,0,288,4926,15.35,16.7,1.2599603168354152,1020.0,PF,0,0,0,1.1250000000000002,3.075,12.3,3.7,14.85,0.546,24.0
goodedr01,Drew Gooden,2003,2016,14,14,0,790,20127,15.114285714285716,19.7,3.625082687304652,151.0,PF,0,0,0,-1.7857142857142858,3.142857142857143,44.0,4.3999999999999995,21.357142857142858,0.49857142857142867,21.0
gordobe01,Ben Gordon,2005,2015,11,11,0,744,20366,13.69090909090909,18.2,3.107601982661973,279.0,SG,0,0,0,-1.2363636363636366,3.036363636363636,33.4,8.7,25.345454545454547,0.5332727272727272,21.0
gordoer01,Eric Gordon,2009,2025,17,17,0,931,28958,13.764705882352942,19.2,2.425099434339958,310.0,SG,0,0,0,-0.8058823529411765,2.4647058823529413,41.9,9.0,22.03529411764706,0.5643529411764705,20.0
gordola01,Lancaster Gordon,1985,1987,3,3,0,201,2581,9.1,11.3,1.5641824275533427,682.0,SG,0,0,0,-5.733333333333333,-0.9,-2.7,-2.2,23.833333333333332,0.43,22.0
gortama01,Marcin Gortat,2009,2019,11,11,0,806,20691,16.63636363636364,21.2,2.3410458918544497,751.0,C,0,0,0,0.3636363636363638,5.563636363636363,61.19999999999999,12.8,16.445454545454545,0.5730909090909091,24.0
grahagr01,Greg Graham,1994,1997,4,4,0,207,2530,11.15,12.6,1.105667219374799,197.0,SG,0,0,0,-3.8,0.37500000000000006,1.5000000000000002,-1.0,20.55,0.496,23.0
grahajo01,Joey Graham,2006,2011,6,6,0,377,6117,10.600000000000001,12.9,1.614517471774978,331.0,SF,0,0,0,-4.083333333333333,1.3166666666666667,7.9,-2.5,18.033333333333335,0.5459999999999999,23.0
grahapa01,Paul Graham,1992,1994,3,3,0,179,3354,13.5,14.7,0.8640987597877147,128.0,SG,0,0,0,-1.0999999999999999,1.9000000000000001,5.7,1.2,21.299999999999997,0.49966666666666665,24.0
grahast01,Stephen Graham,2006,2011,6,6,0,239,2915,9.716666666666667,21.9,5.872936990032235,128.0,SG,0,0,0,-3.6166666666666667,0.26666666666666666,1.6,-2.0,18.666666666666664,0.5276666666666667,23.0
grangda01,Danny Granger,2006,2015,10,9,1,586,18487,15.866666666666665,21.8,4.017738446218497,613.0,SF,1,0,0,1.1444444444444444,5.4,48.6,17.7,22.744444444444444,0.5507777777777778,22.0
grantbr01,Brian Grant,1995,2006,12,12,0,756,21417,14.083333333333334,17.5,3.1200516377493215,248.0,PF,0,0,0,-1.3916666666666666,4.550000000000001,54.60000000000001,6.2,17.883333333333333,0.5309166666666666,22.0
grantga01,Gary Grant,1989,1998,10,10,0,552,12602,13.419999999999998,16.1,1.9369047472707586,359.0,PG,0,0,0,-0.73,1.2,12.0,3.5,18.93,0.5005,23.0
grantgr01,Greg Grant,1990,1996,7,6,1,274,3350,9.566666666666666,13.0,1.6529435024289918,107.0,PG,0,0,0,-3.25,0.24999999999999997,1.4999999999999998,-0.8,14.733333333333333,0.42916666666666664,23.0
grantha01,Harvey Grant,1989,1999,11,11,0,783,20510,11.754545454545456,16.5,3.2049290550547114,798.0,PF,0,0,0,-1.2545454545454546,3.3090909090909095,36.400000000000006,5.499999999999999,16.30909090909091,0.4815454545454545,23.0
grantho01,Horace Grant,1988,2004,17,16,1,1165,38621,15.6375,20.6,2.752470481222278,1106.0,PF,1,0,0,1.19375,7.3625,117.8,32.7,15.0125,0.532125,22.0
grayaa01,Aaron Gray,2008,2014,7,7,0,318,3851,11.557142857142855,16.6,2.728085222201066,311.0,C,0,0,0,-3.5285714285714285,0.8714285714285713,6.1,-1.4000000000000001,15.014285714285714,0.5271428571428571,23.0
grayeje01,Jeff Grayer,1989,1997,9,8,1,438,8277,11.8625,13.3,1.1010648255211861,200.0,SG,0,0,0,-2.475,1.1375,9.1,-1.2000000000000002,18.95,0.496875,23.0
grayst01,Stuart Gray,1985,1990,6,6,0,386,3457,8.433333333333334,10.5,1.9040891669130298,391.0,C,0,0,0,-4.416666666666667,0.55,3.3000000000000003,-1.8,14.133333333333335,0.4951666666666667,21.0
greenac01,A.C. Green,1986,2001,16,16,0,1278,36552,14.09375,17.8,2.0550148265888497,924.0,PF,1,0,0,-0.3875,6.2125,99.4,16.7,14.637500000000001,0.5465,22.0
greenda01,Dave Greenwood,1980,1991,12,12,0,823,23370,12.65,16.6,2.698301935168363,205.0,PF,0,0,0,-1.2833333333333334,3.866666666666667,46.400000000000006,7.4,15.708333333333334,0.5266666666666667,22.0
greenda02,Danny Green,2010,2023,14,13,1,832,20899,12.338461538461539,16.5,2.0682725834110793,115.0,SG,0,0,0,1.3615384615384616,3.776923076923077,49.1,20.400000000000002,15.784615384615385,0.5628461538461539,22.0
greendo01,Donté Greene,2009,2012,4,4,0,253,4259,9.575,11.8,2.6555366689240048,725.0,SF,0,0,0,-3.2500000000000004,0.39999999999999997,1.5999999999999999,-1.0,18.3,0.47875,20.0
greenge01,Gerald Green,2006,2019,14,12,2,658,13026,12.525,16.5,2.384017966934534,362.0,SG,0,0,0,-1.9249999999999998,1.5416666666666663,18.499999999999996,2.3000000000000003,23.291666666666668,0.5266666666666665,20.0
greenje02,Jeff Green,2008,2026,19,18,1,1247,33432,12.68888888888889,15.0,1.7323358953508372,175.0,PF,0,0,0,-1.7166666666666666,3.1222222222222222,56.2,4.4,18.916666666666668,0.5585,21.0
greenli01,Litterial Green,1993,1998,6,4,2,148,1189,10.875,13.5,3.236800117399899,124.0,PG,0,0,0,-3.0250000000000004,0.4,1.6,-0.2,19.775,0.47775,22.0
greenri01,Rickey Green,1981,1992,12,12,0,843,21742,14.758333333333333,18.0,2.3027007090708844,367.0,PG,1,0,0,0.22500000000000012,3.9166666666666665,47.0,15.4,17.141666666666666,0.5164166666666667,26.0
greensi02,Sidney Green,1984,1993,10,10,0,679,13247,11.7,14.2,1.3992855319769442,329.0,PF,0,0,0,-3.47,1.7399999999999998,17.4,-3.9000000000000004,18.5,0.4973000000000001,23.0
greenwi01,Willie Green,2004,2015,12,12,0,731,14783,10.625,13.9,1.9782673395339336,153.0,SG,0,0,0,-3.0083333333333333,1.0833333333333333,13.0,-2.7,21.083333333333332,0.5020000000000001,22.0
greveke01,Kevin Grevey,1980,1985,6,6,0,394,9459,12.200000000000001,14.5,1.7387735140993301,756.0,SF,0,0,0,-1.1500000000000001,2.966666666666667,17.8,2.8,20.400000000000002,0.5006666666666667,26.0
griffad01,Adrian Griffin,2000,2008,9,9,0,477,7997,10.555555555555555,14.2,2.57341584976126,133.0,SG,0,0,0,-0.5111111111111111,1.8111111111111111,16.3,4.5,12.799999999999999,0.4517777777777778,25.0
griffbl01,Blake Griffin,2011,2023,13,13,0,765,24384,19.330769230769228,23.9,4.418559566086357,512.0,PF,6,5,1,2.3923076923076927,6.230769230769231,81.0,32.699999999999996,25.45384615384615,0.5523076923076924,21.0
griffda01,Darrell Griffith,1981,1991,11,10,1,765,21403,14.02,16.1,2.2098868749327423,1005.0,SG,0,0,0,-1.4899999999999998,2.2,22.0,3.5000000000000004,25.919999999999998,0.5050999999999999,22.0
griffed01,Eddie Griffin,2002,2006,5,4,1,303,6729,14.325,15.9,1.451507836699479,1359.0,PF,0,0,0,-0.35000000000000003,2.75,11.0,2.8000000000000003,18.099999999999998,0.44725,19.0
griffpa01,Paul Griffin,1980,1983,4,4,0,240,5157,11.1,13.8,2.413503677229434,459.0,PF,0,0,0,0.25,2.7750000000000004,11.100000000000001,3.6999999999999997,10.725,0.5774999999999999,26.0
grossbo01,Bob Gross,1980,1983,4,4,0,230,5265,12.125,14.0,2.1252940972957135,373.0,SF,0,0,0,0.17500000000000004,2.35,9.4,3.7,14.425,0.53475,26.0
grunfer01,Ernie Grunfeld,1980,1986,7,7,0,538,9877,12.114285714285714,17.2,2.892072203914186,1061.0,SF,0,0,0,-0.5,2.742857142857143,19.2,4.1000000000000005,17.1,0.5212857142857142,24.0
gudmupe01,Pétur Guðmundsson,1982,1988,7,3,4,150,2060,11.566666666666668,13.9,2.6246692913372702,128.0,C,0,0,0,-3.3333333333333335,0.7666666666666666,2.3,-0.6000000000000001,16.466666666666665,0.572,23.0
guglito01,Tom Gugliotta,1993,2005,13,13,0,763,23556,14.707692307692307,20.5,3.9734622644318525,447.0,PF,1,0,0,1.708035422500241e-16,3.099999999999999,40.29999999999999,15.2,20.00769230769231,0.49123076923076925,23.0
haddaha01,Hamed Haddadi,2009,2013,5,5,0,151,1056,14.62,19.7,5.079921259232272,120.0,C,0,0,0,-3.12,0.34,1.7000000000000002,-0.5,18.7,0.514,23.0
haislma01,Marcus Haislip,2003,2005,3,3,0,89,854,9.4,14.6,4.329742101634538,106.0,PF,0,0,0,-5.566666666666667,0.13333333333333333,0.39999999999999997,-0.5,19.533333333333335,0.46199999999999997,22.0
haleyja01,Jack Haley,1989,1995,7,5,2,341,3288,9.139999999999999,11.9,3.045389958609571,117.0,PF,0,0,0,-7.6800000000000015,0.5200000000000001,2.6000000000000005,-3.5,19.839999999999996,0.48020000000000007,25.0
hamda01,Darvin Ham,1997,2005,9,8,1,417,5178,8.712499999999999,12.8,2.237988773430287,275.0,SF,0,0,0,-3.475,0.7,5.6,-1.7999999999999998,12.0125,0.5211250000000001,23.0
hamilri01,Richard Hamilton,2000,2013,14,14,0,921,29559,15.828571428571427,18.7,2.404290382815262,697.0,SG,3,0,0,-0.7071428571428573,4.478571428571429,62.699999999999996,13.099999999999998,26.514285714285712,0.5195,21.0
hamilze01,Zendon Hamilton,2002,2005,4,3,1,134,1560,13.266666666666666,15.9,2.2514193054357707,159.0,C,0,0,0,-4.066666666666666,1.0000000000000002,3.0000000000000004,-0.7,18.400000000000002,0.5316666666666666,26.0
hammoto01,Tom Hammonds,1990,2000,11,11,0,687,10419,11.0,14.7,1.505746568076025,372.0,PF,0,0,0,-3.7818181818181817,1.3545454545454545,14.9,-4.6,16.745454545454546,0.5224545454545454,22.0
hancoda01,Darrin Hancock,1995,1997,3,3,0,133,1395,11.033333333333333,11.9,0.7845734863959881,133.0,SF,0,0,0,-3.1,0.3666666666666667,1.1,-0.4,17.7,0.539,23.0
hansbty01,Tyler Hansbrough,2010,2016,7,7,0,428,7233,14.428571428571429,16.4,1.182870945399111,343.0,PF,0,0,0,-2.2714285714285714,2.8857142857142857,20.2,0.0,18.628571428571426,0.5279999999999999,24.0
hansebo01,Bob Hansen,1984,1992,9,9,0,575,11104,9.444444444444446,12.9,2.1499928222676625,419.0,SG,0,0,0,-2.9222222222222225,1.7111111111111112,15.4,-1.2000000000000002,16.6,0.49899999999999994,23.0
hanzlbi01,Bill Hanzlik,1981,1990,10,10,0,748,15534,10.86,15.3,2.0814418079783064,701.0,SF,0,0,0,-1.6,2.4699999999999998,24.7,2.2,15.26,0.5232,23.0
hardaan01,Anfernee Hardaway,1994,2008,15,13,2,704,23711,16.000000000000004,24.6,4.4862182120527585,112.0,SG,4,3,1,1.776923076923077,4.7846153846153845,62.199999999999996,26.900000000000002,20.969230769230766,0.5133846153846154,22.0
hardati01,Tim Hardaway,1990,2003,14,13,1,867,30626,18.02307692307692,20.9,2.267209008095754,127.0,PG,5,5,1,2.746153846153846,6.538461538461539,85.00000000000001,39.800000000000004,23.984615384615385,0.5226153846153846,23.0
hardeja01,James Harden,2010,2026,17,17,0,1221,42449,23.123529411764704,30.6,4.537365057045736,1609.0,SG,11,8,6,5.964705882352941,10.723529411764705,182.29999999999998,87.9,28.741176470588236,0.6068235294117647,20.0
hardyja01,James Hardy,1980,1982,3,3,0,181,3923,11.700000000000001,11.9,0.21602468994692872,509.0,PF,0,0,0,-0.8333333333333334,1.6666666666666667,5.0,1.0,12.1,0.5103333333333334,23.0
harpede01,Derek Harper,1984,1999,16,16,0,1199,37786,15.54375,20.0,3.1360741281895748,1120.0,PG,0,0,0,1.475,5.425,86.8,35.7,19.3,0.53225,22.0
harpero01,Ron Harper,1987,2001,15,15,0,1009,31199,15.306666666666665,20.2,2.363180531026401,1107.0,SG,0,0,0,1.7866666666666664,4.386666666666667,65.8,30.400000000000002,20.959999999999997,0.5079999999999999,23.0
harprma01,Matt Harpring,1999,2009,11,10,1,665,17584,14.870000000000001,19.3,1.9328993765843065,693.0,SF,0,0,0,-0.93,4.180000000000001,41.800000000000004,6.2,20.7,0.5393,22.0
harrial01,Al Harrington,1999,2014,16,16,0,981,28009,13.131250000000001,16.8,2.843791208492635,119.0,PF,0,0,0,-2.3249999999999997,2.6625,42.6,3.5,22.9625,0.5061249999999999,18.0
harrida01,David Harrison,2005,2008,4,4,0,189,2686,10.075000000000001,12.9,2.3763154251908567,190.0,C,0,0,0,-5.15,0.7749999999999999,3.0999999999999996,-1.7,19.125,0.543,22.0
harride01,Devin Harris,2005,2019,15,15,0,985,23963,15.413333333333332,21.6,2.439635674075583,818.0,PG,1,0,0,0.3733333333333332,3.6600000000000006,54.900000000000006,15.500000000000002,20.946666666666665,0.5496000000000001,21.0
harriju01,Junior Harrington,2003,2007,5,3,2,140,3096,7.666666666666667,8.9,1.0208928554075705,543.0,PG,0,0,0,-4.533333333333333,-0.3,-0.8999999999999999,-2.3000000000000003,17.4,0.4363333333333334,22.0
harrilu01,Lucious Harris,1994,2005,12,12,0,800,15701,12.433333333333335,15.7,2.123414441151065,602.0,SG,0,0,0,-1.1749999999999998,2.3833333333333333,28.6,4.6000000000000005,17.416666666666668,0.5005833333333333,23.0
harrima01,Manny Harris,2011,2014,4,3,1,93,1594,11.0,11.7,0.5354126134736332,180.0,SG,0,0,0,-3.033333333333333,0.09999999999999999,0.3,-0.5,19.833333333333332,0.4876666666666667,21.0
harriot01,Othella Harrington,1997,2008,12,12,0,709,13924,11.383333333333335,16.1,3.199696166131334,166.0,PF,0,0,0,-4.283333333333334,1.925,23.1,-5.0,18.30833333333333,0.5440833333333334,23.0
harrist01,Steve Harris,1986,1988,3,3,0,207,2840,13.633333333333333,14.0,0.5185449728701347,482.0,SG,0,0,0,-2.3666666666666667,1.0999999999999999,3.3,-0.30000000000000004,23.7,0.48833333333333334,22.0
hartja01,Jason Hart,2004,2009,6,6,0,341,5289,10.516666666666666,16.9,3.6798626182085776,348.0,PG,0,0,0,-2.25,1.3999999999999997,8.399999999999999,0.9999999999999998,16.216666666666665,0.46199999999999997,25.0
harvean01,Antonio Harvey,1994,2000,7,4,3,187,1954,9.325000000000001,10.3,0.933742469849155,137.0,PF,0,0,0,-5.05,0.02500000000000001,0.10000000000000003,-1.4,16.875000000000004,0.45425000000000004,23.0
harvedo01,Donnell Harvey,2002,2004,3,3,0,205,3318,12.333333333333334,14.1,1.5151090903151345,783.0,PF,0,0,0,-2.766666666666667,1.5,4.5,-0.5,17.46666666666667,0.505,21.0
hasleud01,Udonis Haslem,2004,2017,14,14,0,879,21719,12.107142857142858,15.5,2.0387195861668683,130.0,PF,0,0,0,-2.4642857142857144,3.6428571428571432,51.00000000000001,0.5999999999999999,14.564285714285715,0.5235714285714286,23.0
hassejo01,Joe Hassett,1980,1983,4,4,0,189,2775,12.025,14.2,2.6479945241635225,139.0,SG,0,0,0,-1.0,1.25,5.0,1.0,19.425,0.48600000000000004,24.0
hassetr01,Trenton Hassell,2002,2010,9,9,0,644,16278,7.888888888888889,10.4,1.9393265981574603,773.0,SG,0,0,0,-3.2444444444444445,1.5333333333333334,13.8,-3.6999999999999997,12.1,0.48366666666666663,22.0
hastisc01,Scott Hastings,1983,1993,11,11,0,578,5985,9.281818181818181,15.8,2.4990246031086105,113.0,PF,0,0,0,-2.6272727272727274,0.8727272727272729,9.600000000000001,-1.2000000000000002,13.3,0.5240000000000001,22.0
hawessp01,Spencer Hawes,2008,2017,10,10,0,684,15541,13.88,18.1,2.3357225862674706,797.0,C,0,0,0,-1.0999999999999999,2.26,22.599999999999998,3.3,19.35,0.5116,19.0
hawesst01,Steve Hawes,1980,1984,5,5,0,361,8048,12.7,16.2,3.050901506112578,1153.0,PF,0,0,0,-0.22000000000000003,3.54,17.7,4.1,15.679999999999998,0.5348,29.0
hawkihe01,Hersey Hawkins,1989,2001,13,13,0,983,32034,15.892307692307694,19.4,2.022360212326767,681.0,SG,1,0,0,1.9230769230769231,6.976923076923076,90.69999999999999,32.8,18.661538461538463,0.5816923076923077,22.0
hayesch01,Chuck Hayes,2006,2015,10,10,0,644,11815,11.88,18.0,3.055094106570205,255.0,C,0,0,0,-0.51,2.87,28.7,5.2,10.440000000000001,0.5005,22.0
hayesel01,Elvin Hayes,1980,1984,5,5,0,406,12442,14.3,17.2,2.23338308402298,994.0,PF,1,0,0,-1.7399999999999998,3.7999999999999994,18.999999999999996,2.1999999999999997,22.28,0.49060000000000004,34.0
hayesja01,Jarvis Hayes,2004,2010,7,7,0,427,9898,10.985714285714286,13.0,1.184939505904441,516.0,SF,0,0,0,-2.3285714285714283,1.4571428571428573,10.200000000000001,-1.3,18.057142857142857,0.5014285714285714,22.0
hayesst01,Steve Hayes,1982,1986,5,5,0,212,2296,8.66,10.7,2.0065891457894414,101.0,C,0,0,0,-3.3200000000000003,0.58,2.9,-1.0,11.200000000000001,0.5025999999999999,26.0
haywago01,Gordon Hayward,2011,2024,14,13,1,835,25654,16.353846153846153,22.2,2.9507796582794823,1218.0,SF,1,0,0,1.1230769230769233,4.884615384615385,63.50000000000001,22.999999999999996,21.607692307692307,0.5681538461538461,20.0
haywobr01,Brendan Haywood,2002,2015,14,13,1,816,18680,13.892307692307693,18.3,2.760563359021415,119.0,C,0,0,0,-1.9846153846153847,3.3692307692307697,43.800000000000004,2.7999999999999994,14.44615384615385,0.5378461538461539,22.0
haywosp01,Spencer Haywood,1980,1983,4,3,1,190,4405,12.366666666666667,13.9,1.697710877099579,775.0,PF,0,0,0,-2.9,2.3666666666666667,7.1000000000000005,-0.5,21.966666666666665,0.5073333333333334,30.0
headlu01,Luther Head,2006,2011,6,6,0,348,7797,11.933333333333332,13.7,1.3424687043734844,498.0,SG,0,0,0,-0.4833333333333332,2.4666666666666663,14.799999999999999,4.199999999999999,18.099999999999998,0.5323333333333334,23.0
hendeal01,Alan Henderson,1996,2007,12,11,1,652,13780,14.254545454545452,18.4,1.8588186064192083,418.0,PF,0,0,0,-1.8090909090909093,2.5363636363636366,27.900000000000002,0.6,17.581818181818182,0.528909090909091,23.0
hendece02,Cedric Henderson,1998,2001,4,4,0,260,6182,8.525,10.7,1.8389874931602985,961.0,SF,0,0,0,-3.45,0.8499999999999999,3.3999999999999995,-1.4,17.575,0.45775,22.0
hendege01,Gerald Henderson,1980,1991,12,12,0,871,18856,12.816666666666665,15.7,1.6496632653026158,392.0,PG,0,0,0,-0.6,2.6666666666666665,32.0,7.200000000000001,18.925,0.5313333333333333,24.0
hendege02,Gerald Henderson,2010,2017,8,8,0,535,13854,12.9125,16.4,1.881779410557996,355.0,SG,0,0,0,-1.9875,2.2874999999999996,18.299999999999997,0.6,20.6875,0.51,22.0
hendeto01,Tom Henderson,1980,1983,4,4,0,258,5472,10.775,11.5,0.6609652033201147,789.0,SG,0,0,0,-2.025,1.3250000000000002,5.300000000000001,0.20000000000000004,13.975,0.48325,28.0
hendrma01,Mark Hendrickson,1997,1999,3,3,0,114,1508,11.066666666666668,12.3,1.222929088522943,301.0,PF,0,0,0,-4.133333333333333,0.6666666666666666,2.0,-0.7,13.533333333333333,0.49800000000000005,22.0
henryxa01,Xavier Henry,2011,2014,4,4,0,185,2905,9.024999999999999,12.3,2.0547201755956945,527.0,SF,0,0,0,-4.45,0.175,0.7,-1.5999999999999999,18.975,0.47325000000000006,19.0
hensost01,Steve Henson,1991,1995,5,4,1,238,2282,11.500000000000002,12.1,0.374165738677394,380.0,PG,0,0,0,-1.8250000000000002,0.875,3.5,0.1,16.4,0.53525,22.0
herreca01,Carl Herrera,1992,1999,8,8,0,465,8042,9.375,13.1,2.5810608284191985,307.0,PF,0,0,0,-4.2875,1.1124999999999998,8.899999999999999,-3.3,16.325000000000003,0.48325,25.0
herrmwa01,Walter Herrmann,2007,2009,3,3,0,152,1939,13.566666666666668,16.1,1.936204764194348,373.0,PF,0,0,0,-0.3,1.3666666666666665,4.1,0.9999999999999999,19.099999999999998,0.5443333333333333,27.0
hibbero01,Roy Hibbert,2009,2017,9,9,0,662,16389,15.377777777777778,19.3,2.2374478406224747,682.0,C,2,0,0,-1.3333333333333333,3.9666666666666663,35.699999999999996,3.6,20.033333333333335,0.5225555555555556,22.0
hicksjj01,J.J. Hickson,2009,2016,8,8,0,534,11925,15.65,19.7,1.953842368257992,436.0,C,0,0,0,-1.9,2.7249999999999996,21.799999999999997,0.5999999999999999,20.5125,0.5327500000000001,20.0
higgiro01,Rod Higgins,1983,1994,12,12,0,779,17189,12.924999999999999,16.3,2.4156175883888027,332.0,SF,0,0,0,-0.27499999999999997,3.141666666666666,37.699999999999996,8.9,16.51666666666667,0.5431666666666667,23.0
higgise01,Sean Higgins,1991,1996,6,5,1,220,3334,9.62,12.3,1.7080983578236943,464.0,SF,0,0,0,-4.8,0.12000000000000002,0.6000000000000001,-2.2,21.28,0.4962000000000001,22.0
highjo01,Johnny High,1980,1984,5,4,1,274,4538,8.5,10.8,2.4423349483639627,512.0,PG,0,0,0,-1.65,1.175,4.7,0.5,14.975000000000001,0.45775,22.0
hilarne01,Nenê,2003,2019,17,16,1,965,25237,16.45625,20.4,2.481423167760791,266.0,C,0,0,0,0.33125,4.58125,73.3,18.8,19.34375,0.5745,20.0
hillar01,Armond Hill,1980,1984,5,5,0,223,4903,8.36,12.6,2.467873578609731,169.0,PG,0,0,0,-3.2600000000000002,0.72,3.6,-1.2,13.26,0.4952,26.0
hillge01,George Hill,2009,2023,15,15,0,915,24501,14.453333333333331,21.5,3.03136199678553,672.0,PG,0,0,0,0.8866666666666666,4.733333333333334,71.00000000000001,19.400000000000006,17.093333333333337,0.5749333333333334,22.0
hillgr01,Grant Hill,1995,2013,19,18,1,1026,34776,17.922222222222224,25.5,4.8133559043279135,133.0,SF,7,5,1,2.2944444444444443,5.550000000000001,99.9,43.4,22.905555555555555,0.542,22.0
hilljo01,Jordan Hill,2010,2016,7,7,0,409,7692,16.32857142857143,19.3,1.9285185177927093,458.0,C,0,0,0,-2.042857142857143,2.357142857142857,16.5,0.20000000000000007,19.6,0.530142857142857,22.0
hillty01,Tyrone Hill,1991,2003,13,13,0,801,22388,13.592307692307692,18.4,2.6707710031897696,810.0,PF,1,0,0,-2.269230769230769,4.315384615384616,56.10000000000001,0.7,16.415384615384617,0.534,22.0
hinriki01,Kirk Hinrich,2004,2016,13,13,0,879,27015,12.046153846153848,17.0,2.9767342416752847,631.0,PG,0,0,0,-0.5153846153846154,4.038461538461538,52.5,13.400000000000002,17.27692307692308,0.5121538461538463,23.0
hinsoro01,Roy Hinson,1984,1990,7,7,0,507,15543,14.571428571428571,17.4,2.037305142804572,793.0,SF,0,0,0,-1.1142857142857145,4.3,30.099999999999998,3.4,19.614285714285717,0.5484285714285714,22.0
hodgecr01,Craig Hodges,1983,1992,10,10,0,695,15077,11.860000000000003,14.5,1.6280049139974977,555.0,SG,0,0,0,-1.0699999999999998,2.73,27.3,3.999999999999999,17.55,0.541,22.0
hodgedo01,Donald Hodge,1992,1996,5,5,0,249,3501,9.92,13.8,3.0320949853195565,115.0,C,0,0,0,-4.26,0.36,1.8,-1.9000000000000001,15.64,0.4734,22.0
hoibefr01,Fred Hoiberg,1997,2005,9,8,1,541,9978,13.5125,16.7,2.161271327251625,572.0,SG,0,0,0,1.2,3.4250000000000003,27.400000000000002,7.9,13.5875,0.5642499999999999,24.0
holidjr01,Jrue Holiday,2010,2026,17,17,0,1090,35720,17.01764705882353,20.0,2.2755051912558946,1143.0,PG,2,0,0,1.6117647058823528,4.594117647058823,78.1,32.7,22.68823529411765,0.547,19.0
hollabr01,Brad Holland,1980,1982,3,3,0,93,686,10.3,14.3,3.0822070014844885,194.0,SG,0,0,0,-3.3666666666666667,0.10000000000000002,0.30000000000000004,-0.30000000000000004,22.2,0.43999999999999995,23.0
hollili01,Lionel Hollins,1980,1985,6,6,0,378,9630,11.399999999999999,12.8,0.9165151389911682,216.0,PG,0,0,0,-2.233333333333333,1.5999999999999999,9.6,0.0,19.03333333333333,0.47933333333333333,26.0
holliry01,Ryan Hollins,2007,2016,10,10,0,518,6134,10.999999999999998,13.1,1.841738309315414,185.0,C,0,0,0,-4.08,1.05,10.5,-3.1,13.98,0.6220999999999999,22.0
holtomi01,Michael Holton,1985,1990,6,6,0,325,5836,9.183333333333334,12.3,3.0311805547600685,109.0,PG,0,0,0,-4.116666666666667,0.7833333333333332,4.699999999999999,-1.2,16.966666666666665,0.5026666666666667,23.0
hoppeda01,Dave Hoppen,1988,1991,4,4,0,169,2401,10.65,11.8,1.7095320997278758,135.0,C,0,0,0,-5.3,0.9000000000000001,3.6000000000000005,-1.4,16.299999999999997,0.54225,23.0
hopsode01,Dennis Hopson,1988,1992,5,5,0,334,7509,12.940000000000001,17.1,2.6318054639353576,728.0,SG,0,0,0,-1.98,1.42,7.1,0.6,22.98,0.491,22.0
horfoal01,Al Horford,2008,2026,19,19,0,1183,36887,17.636842105263156,22.0,2.599232786868542,348.0,C,5,1,0,2.878947368421053,6.2894736842105265,119.5,45.3,18.0,0.5750000000000002,21.0
hornaje01,Jeff Hornacek,1987,2000,14,14,0,1077,33964,17.464285714285715,19.6,2.0957805033846815,1435.0,SG,1,0,0,2.7785714285714285,7.778571428571428,108.89999999999999,42.1,19.45,0.5797857142857142,23.0
horryro01,Robert Horry,1993,2008,16,16,0,1107,27069,13.1875,14.9,1.4101750777828972,583.0,PF,0,0,0,1.8499999999999999,4.1625,66.6,26.5,14.45625,0.5148124999999999,22.0
houseed01,Eddie House,2001,2011,11,11,0,717,12405,13.1,15.8,1.7969671419063034,550.0,PG,0,0,0,-0.30909090909090897,1.8272727272727272,20.099999999999998,6.1,21.918181818181818,0.5055454545454545,22.0
houstal01,Allan Houston,1994,2005,12,12,0,839,28311,14.449999999999998,17.7,2.4015619917045656,532.0,SG,2,0,0,-0.32499999999999996,4.6000000000000005,55.20000000000001,14.899999999999999,24.5,0.54075,22.0
houstby01,Byron Houston,1993,1996,4,4,0,214,2674,11.25,13.8,2.470323865407125,258.0,PF,0,0,0,-4.0,0.9750000000000001,3.9000000000000004,-1.3,16.650000000000002,0.5259999999999999,23.0
howardw01,Dwight Howard,2005,2022,18,18,0,1242,39457,20.688888888888886,26.1,2.6950342996969834,230.0,C,8,8,4,1.3333333333333333,7.888888888888889,142.0,39.1,21.477777777777774,0.6092777777777777,19.0
howarjo01,Josh Howard,2004,2013,10,10,0,507,15350,14.8,20.0,3.8540887379509052,207.0,SF,1,0,0,-0.7,3.79,37.9,10.0,22.49,0.4993,23.0
howarju01,Juwan Howard,1995,2012,18,18,0,1208,36654,12.922222222222224,17.2,4.0504534115955675,190.0,PF,1,1,0,-2.3888888888888884,3.3,59.4,4.0,20.855555555555558,0.49955555555555553,21.0
hubbaph01,Phil Hubbard,1980,1989,10,10,0,665,15863,13.330000000000002,16.0,1.9748670841350313,191.0,SF,0,0,0,-2.0100000000000002,2.8999999999999995,28.999999999999996,1.4999999999999998,20.009999999999998,0.5427000000000001,23.0
hudsotr01,Troy Hudson,1999,2007,9,9,0,517,11280,12.666666666666666,15.3,1.721756209352661,503.0,PG,0,0,0,-2.3,1.1888888888888889,10.7,-0.19999999999999996,21.87777777777778,0.48944444444444446,22.0
hughela01,Larry Hughes,1999,2012,14,13,1,727,22368,13.384615384615385,21.6,5.841607544009171,114.0,SG,0,0,0,-1.0615384615384615,2.4692307692307693,32.1,10.700000000000001,23.007692307692306,0.4703846153846154,20.0
humphja01,Jay Humphries,1985,1995,11,11,0,788,23062,12.509090909090908,17.4,4.83875538945794,201.0,PG,0,0,0,-0.9545454545454546,4.09090909090909,44.99999999999999,10.9,17.145454545454545,0.5078181818181818,22.0
humphkr01,Kris Humphries,2005,2017,13,13,0,800,14232,14.615384615384613,18.2,2.617058288009695,265.0,PF,0,0,0,-2.1076923076923078,2.330769230769231,30.3,1.0999999999999999,19.10769230769231,0.5050000000000001,19.0
hunteli01,Lindsey Hunter,1994,2010,17,17,0,937,23253,10.452941176470588,14.8,3.6951665801913887,122.0,PG,0,0,0,-1.5588235294117647,1.9294117647058826,32.800000000000004,9.399999999999999,18.05294117647059,0.4512941176470588,23.0
huntest01,Steven Hunter,2002,2010,9,8,1,400,5993,12.325000000000001,14.7,1.7774630797853441,120.0,C,0,0,0,-3.275,1.325,10.6,-0.5,14.95,0.5355,20.0
hurlebo01,Bobby Hurley,1994,1998,5,5,0,269,4170,8.4,10.4,1.300769003320728,499.0,PG,0,0,0,-5.339999999999999,-0.24000000000000005,-1.2000000000000002,-3.5,16.4,0.4448,22.0
hustoge01,Geoff Huston,1980,1987,8,7,1,496,12252,11.857142857142858,14.0,2.5286117833745076,428.0,PG,0,0,0,-2.4571428571428577,1.6857142857142857,11.8,0.10000000000000003,16.614285714285714,0.5060000000000001,22.0
iavarma01,Marc Iavaroni,1983,1989,7,7,0,531,8371,7.799999999999999,8.8,1.136410388648648,796.0,PF,0,0,0,-3.7428571428571424,1.1428571428571428,7.999999999999999,-3.3000000000000003,14.171428571428573,0.5084285714285715,26.0
ibakase01,Serge Ibaka,2010,2023,14,14,0,919,25126,16.492857142857144,19.6,2.6061641998797183,185.0,PF,0,0,0,0.03571428571428571,5.214285714285715,73.00000000000001,15.6,18.8,0.5706428571428571,20.0
iguodan01,Andre Iguodala,2005,2023,19,19,0,1231,39507,14.089473684210526,19.0,3.2364526937344786,113.0,SF,1,0,0,1.6526315789473687,5.289473684210526,100.49999999999999,41.2,15.273684210526312,0.5486842105263158,21.0
ilgauzy01,Zydrunas Ilgauskas,1998,2011,14,13,1,843,22965,17.76923076923077,21.9,2.7147416976955836,171.0,C,2,0,0,-0.6230769230769232,5.107692307692308,66.4,10.300000000000002,23.007692307692306,0.5313076923076923,22.0
ilyaser01,Ersan İlyasova,2007,2021,15,13,2,825,18957,14.907692307692306,20.5,2.416119437464687,148.0,PF,0,0,0,-0.3384615384615384,3.7538461538461543,48.800000000000004,8.799999999999999,19.607692307692304,0.5427692307692308,19.0
isselda01,Dan Issel,1980,1985,6,6,0,476,14242,21.099999999999998,23.1,1.9773719933285194,1684.0,C,0,0,0,1.8666666666666663,8.433333333333334,50.6,14.499999999999998,24.883333333333336,0.5693333333333334,31.0
iversal01,Allen Iverson,1997,2010,14,14,0,914,37584,20.41428571428571,25.9,3.109399837096988,865.0,SG,11,7,3,2.9,7.064285714285715,98.9,49.699999999999996,31.442857142857143,0.517,21.0
iveyro01,Royal Ivey,2005,2013,9,9,0,492,6162,8.366666666666667,11.0,1.6006942938057294,155.0,SG,0,0,0,-3.333333333333333,0.5111111111111111,4.6,-2.5,13.755555555555555,0.4977777777777778,23.0
jackja01,Jarrett Jack,2006,2018,13,12,1,867,24140,14.108333333333333,17.9,1.8723685237924952,1027.0,PG,0,0,0,-0.9416666666666664,3.0749999999999997,36.9,6.5,19.9,0.5340833333333334,22.0
jacksbo01,Bobby Jackson,1998,2009,12,12,0,755,16790,15.350000000000001,19.2,2.1849866513703615,536.0,PG,0,0,0,0.46666666666666673,2.625,31.5,10.100000000000001,22.3,0.5059166666666667,24.0
jacksda01,Darnell Jackson,2009,2011,3,3,0,138,1039,6.466666666666668,12.3,5.088767587103537,123.0,PF,0,0,0,-6.833333333333333,0.39999999999999997,1.2,-0.8999999999999999,15.966666666666667,0.45199999999999996,23.0
jacksja01,Jaren Jackson,1990,2002,13,10,3,431,7210,9.99,12.5,1.367808466123821,114.0,SG,0,0,0,-2.06,1.14,11.399999999999999,1.3999999999999997,18.29,0.47850000000000004,22.0
jacksje01,Jermaine Jackson,2002,2006,5,4,1,135,1344,9.375,12.3,1.729703731856991,202.0,SG,0,0,0,-2.875,0.3,1.2,-0.4,11.125,0.51975,25.0
jacksji01,Jim Jackson,1993,2006,14,14,0,885,29067,12.65,18.9,3.5026010743038216,512.0,SF,0,0,0,-1.3785714285714286,2.5642857142857145,35.900000000000006,8.200000000000003,21.714285714285715,0.4989285714285715,22.0
jackslu02,Luke Jackson,2006,2008,3,3,0,73,724,9.100000000000001,10.3,0.9797958971132714,138.0,SF,0,0,0,-3.9,0.03333333333333333,0.1,-0.4,19.3,0.47700000000000004,24.0
jacksma01,Mark Jackson,1988,2004,17,17,0,1296,39121,15.670588235294117,18.3,2.357657038842327,577.0,PG,1,0,0,1.535294117647059,5.382352941176471,91.5,37.599999999999994,16.794117647058822,0.516,22.0
jacksma02,Marc Jackson,2001,2007,7,7,0,387,7572,13.442857142857145,16.1,1.7694689621926876,495.0,C,0,0,0,-3.014285714285714,1.857142857142857,12.999999999999998,-1.2999999999999998,20.842857142857145,0.5054285714285714,26.0
jacksst02,Stephen Jackson,2001,2014,14,14,0,858,27398,12.464285714285712,16.1,4.347677071536863,107.0,SF,0,0,0,-1.2357142857142855,2.5714285714285707,35.99999999999999,11.200000000000001,23.12142857142857,0.49314285714285716,22.0
jacobca01,Casey Jacobsen,2003,2008,6,4,2,287,5320,8.399999999999999,10.3,2.285825890132492,547.0,SF,0,0,0,-2.8249999999999997,1.55,6.2,-0.3,13.5,0.5137499999999999,21.0
jameshe01,Henry James,1991,1998,8,4,4,212,2703,11.375,14.7,1.9318061496951497,166.0,PF,0,0,0,-3.525,0.7999999999999999,3.1999999999999997,-1.2000000000000002,22.975,0.53475,25.0
jamesje01,Jerome James,2002,2007,6,6,0,358,4771,9.616666666666665,13.1,2.936220170370214,273.0,C,0,0,0,-5.8500000000000005,0.4833333333333334,2.9000000000000004,-3.5,18.833333333333332,0.5005,26.0
jamesle01,LeBron James,2004,2026,23,23,0,1622,61030,26.478260869565222,31.7,3.3379187113007136,1504.0,SF,22,21,14,8.226086956521739,12.039130434782608,276.9,159.5,31.321739130434782,0.5919565217391304,19.0
jamesmi01,Mike James,2002,2013,12,10,2,595,14364,12.68,19.8,3.4295189166995423,119.0,PG,0,0,0,-1.3699999999999999,2.26,22.599999999999998,4.9,21.310000000000002,0.5004,26.0
jamisan01,Antawn Jamison,1999,2014,16,16,0,1083,37638,17.3,21.2,2.9499999999999997,248.0,PF,2,0,0,0.13125000000000003,5.49375,87.9,24.4,23.893749999999997,0.5161875,22.0
jaricma01,Marko Jarić,2003,2009,7,7,0,447,11246,11.657142857142857,14.4,2.294625486315573,605.0,PG,0,0,0,-0.9714285714285714,1.7142857142857142,12.0,3.7000000000000006,16.271428571428572,0.4837142857142856,24.0
jeffeal01,Al Jefferson,2005,2018,14,14,0,915,26299,20.064285714285713,23.1,2.1449632507198757,484.0,C,0,1,0,0.8571428571428571,5.07142857142857,70.99999999999999,21.200000000000003,24.97142857142857,0.53,20.0
jefferi01,Richard Jefferson,2002,2018,17,17,0,1181,34293,13.211764705882352,18.9,3.4644212406795987,163.0,SF,0,0,0,-0.31764705882352945,4.894117647058823,83.19999999999999,19.299999999999997,18.535294117647055,0.5619411764705882,21.0
jeffrja01,Jared Jeffries,2003,2013,11,11,0,629,13579,9.054545454545455,11.6,2.457035773729888,292.0,SF,0,0,0,-2.7363636363636363,1.209090909090909,13.299999999999999,-1.4,12.390909090909092,0.45890909090909093,21.0
jennibr01,Brandon Jennings,2010,2018,9,9,0,555,16844,15.377777777777775,19.7,2.355503144071006,205.0,PG,0,0,0,0.3666666666666666,3.322222222222222,29.9,11.8,23.255555555555556,0.4942222222222222,20.0
jennike01,Keith Jennings,1993,1995,3,3,0,164,2955,16.433333333333334,18.5,1.4636332266733432,136.0,PG,0,0,0,1.9666666666666668,2.566666666666667,7.7,2.5,16.566666666666666,0.612,24.0
jerebjo01,Jonas Jerebko,2010,2019,10,9,1,635,11323,13.166666666666666,15.7,1.9641226483541643,741.0,PF,0,0,0,-0.9444444444444444,2.8666666666666667,25.8,2.9,15.766666666666667,0.5546666666666666,22.0
jianlyi01,Yi Jianlian,2008,2012,5,5,0,272,6038,11.0,12.3,0.769415362466854,203.0,PF,0,0,0,-4.56,0.62,3.1,-3.5,20.1,0.4664,20.0
johnsam01,Amir Johnson,2007,2019,13,13,0,870,18323,15.953846153846154,20.6,1.9269806532162757,124.0,PF,0,0,0,0.10769230769230773,4.2384615384615385,55.1,10.6,14.876923076923077,0.6003076923076923,19.0
johnsan02,Anthony Johnson,1998,2010,13,13,0,793,15552,11.030769230769234,14.3,1.8365455094508343,366.0,PG,0,0,0,-1.5153846153846156,1.7846153846153845,23.2,1.9000000000000001,15.976923076923079,0.48338461538461536,23.0
johnsav01,Avery Johnson,1989,2004,16,16,0,1054,26615,13.706249999999999,16.6,1.8372767721549197,291.0,PG,0,0,0,-0.49999999999999994,3.5375,56.6,13.799999999999999,17.225,0.4975625000000001,23.0
johnsbu01,Buck Johnson,1987,1993,7,7,0,505,11849,11.942857142857145,13.9,1.2703848043094694,520.0,SF,0,0,0,-1.657142857142857,2.9571428571428577,20.700000000000003,1.6999999999999997,17.885714285714283,0.5257142857142857,23.0
johnsch03,Chris Johnson,2011,2013,3,3,0,71,597,13.133333333333333,18.4,3.732142667274241,138.0,C,0,0,0,-2.6,0.4666666666666666,1.4,0.09999999999999998,15.6,0.5870000000000001,25.0
johnscl01,Clemon Johnson,1980,1988,9,9,0,687,12516,12.033333333333331,15.6,2.8952067667477954,723.0,C,0,0,0,-1.0777777777777777,2.6999999999999997,24.299999999999997,3.9000000000000004,13.355555555555556,0.520111111111111,23.0
johnsde01,Dennis Johnson,1980,1990,11,11,0,858,29361,14.30909090909091,17.0,1.679531615147804,2036.0,PG,4,2,1,0.35454545454545455,5.9818181818181815,65.8,18.099999999999998,19.636363636363633,0.5124545454545455,25.0
johnsde03,DerMarr Johnson,2001,2007,7,6,1,344,5930,10.500000000000002,14.0,2.5527762664727724,287.0,SF,0,0,0,-1.8999999999999997,1.05,6.300000000000001,0.5999999999999999,18.5,0.5085000000000001,20.0
johnsed02,Eddie Johnson,1980,1987,8,8,0,518,15687,15.725000000000001,18.0,1.6276900810658026,508.0,SG,2,0,0,0.03750000000000009,3.8874999999999997,31.099999999999998,9.600000000000001,23.575000000000003,0.52325,24.0
johnsed03,Eddie Johnson,1982,1998,17,16,1,1199,32604,15.6125,19.4,1.7312838444345284,913.0,SF,0,0,0,-0.825,4.10625,65.7,11.100000000000001,25.00625,0.5302500000000001,22.0
johnser02,Ervin Johnson,1994,2005,12,12,0,845,16989,11.825000000000001,16.1,2.7884060560351203,280.0,C,0,0,0,-2.1,3.149999999999999,37.79999999999999,2.8000000000000007,11.333333333333334,0.5258333333333334,26.0
johnsfr01,Frank Johnson,1982,1994,13,10,3,596,12897,12.569999999999999,15.0,1.358712625980932,399.0,PG,0,0,0,-1.52,1.72,17.2,2.5000000000000004,19.48,0.49750000000000005,23.0
johnsge02,George Johnson,1980,1986,7,6,1,381,7157,10.950000000000001,13.5,1.5521490478258415,264.0,C,0,0,0,0.35000000000000003,2.0833333333333335,12.5,4.3,9.0,0.5286666666666666,31.0
johnsge03,George Johnson,1980,1985,6,6,0,397,8721,13.766666666666667,17.4,2.426016396390501,720.0,PF,0,0,0,-1.7833333333333332,1.9166666666666667,11.5,0.9999999999999998,20.866666666666664,0.4981666666666667,23.0
johnsja01,James Johnson,2010,2023,14,14,0,786,15561,13.150000000000004,18.5,3.1169467661250074,162.0,PF,0,0,0,-0.2642857142857144,1.9714285714285715,27.6,9.200000000000001,18.128571428571426,0.53,22.0
johnsjo01,John Johnson,1980,1982,3,3,0,175,5044,11.466666666666669,13.3,1.4337208778404378,187.0,SF,0,0,0,-1.4333333333333336,2.1,6.300000000000001,1.3,17.933333333333334,0.5196666666666667,32.0
johnsjo02,Joe Johnson,2002,2018,17,17,0,1277,44236,15.058823529411763,19.5,3.091555638020409,1205.0,SG,7,1,0,0.24705882352941172,4.882352941176471,83.0,26.599999999999998,22.052941176470586,0.5265294117647058,20.0
johnske02,Kevin Johnson,1988,2000,13,12,1,735,25061,20.058333333333334,23.7,2.736621497800202,113.0,PG,3,5,0,3.591666666666667,7.75,93.0,37.3,21.741666666666664,0.5856666666666667,21.0
johnsla02,Larry Johnson,1992,2001,10,10,0,707,25685,15.929999999999998,19.8,2.7550136115816195,1639.0,PF,2,1,0,1.24,6.969999999999999,69.69999999999999,22.0,20.240000000000002,0.5463,22.0
johnsli01,Linton Johnson,2004,2007,4,3,1,151,2111,11.233333333333334,14.0,1.966949132257591,524.0,SF,0,0,0,-2.433333333333333,0.9,2.7,-0.09999999999999998,15.733333333333334,0.47266666666666673,23.0
johnsma01,Marques Johnson,1980,1987,8,8,0,534,18150,18.7125,22.0,2.958224763265969,302.0,SF,4,2,0,2.6125000000000003,7.112499999999999,56.89999999999999,23.5,24.05,0.541625,23.0
johnsma02,Magic Johnson,1980,1996,17,13,4,906,33245,23.984615384615388,27.0,2.035396825360202,958.0,PG,11,10,9,7.423076923076923,11.976923076923075,155.7,80.19999999999999,22.33076923076923,0.6090000000000001,20.0
johnsmi01,Mickey Johnson,1980,1986,7,7,0,541,14013,16.157142857142855,20.3,2.3353538385050796,1565.0,PF,0,0,0,0.5142857142857143,4.314285714285715,30.200000000000003,9.5,23.5,0.5184285714285713,27.0
johnsol01,Ollie Johnson,1980,1982,3,3,0,145,2057,13.799999999999999,16.7,2.0510160083886873,150.0,SF,0,0,0,-0.6666666666666666,1.2666666666666666,3.8,0.7,19.46666666666667,0.5519999999999999,30.0
johnsre01,Reggie Johnson,1981,1984,4,4,0,305,5979,12.225000000000001,14.2,1.4306903927824492,818.0,PF,0,0,0,-2.4,2.725,10.9,-0.5,18.325,0.541,23.0
johnsst03,Steve Johnson,1982,1991,10,10,0,626,13618,14.3,18.1,2.8400704216621113,228.0,C,1,0,0,-2.31,2.68,26.8,1.1,22.060000000000002,0.5906,24.0
johnsvi01,Vinnie Johnson,1980,1992,13,13,0,984,24308,14.753846153846156,17.6,2.3571871713860033,325.0,SG,0,0,0,0.3923076923076923,3.8999999999999995,50.699999999999996,16.4,21.96923076923077,0.5015384615384615,23.0
johnswe01,Wesley Johnson,2011,2019,9,9,0,609,13472,9.47777777777778,11.1,1.7554852306589561,534.0,SF,0,0,0,-1.9777777777777779,1.1888888888888889,10.7,1.4,15.277777777777779,0.4917777777777778,23.0
jonesan01,Anthony Jones,1987,1990,4,3,1,164,1704,10.566666666666668,13.4,2.3697163449568297,196.0,SG,0,0,0,-2.0,0.26666666666666666,0.8,-0.3,18.933333333333334,0.446,24.0
jonesbo01,Bobby Jones,1980,1986,7,7,0,537,13014,16.857142857142858,20.1,2.611434823374823,1519.0,PF,2,0,0,3.4285714285714284,6.557142857142857,45.9,18.1,16.75714285714286,0.6061428571428571,28.0
jonesca01,Caldwell Jones,1980,1990,11,11,0,828,20644,9.236363636363636,12.3,1.7823746811858139,885.0,C,0,0,0,-2.0636363636363635,2.890909090909091,31.8,0.8,11.018181818181818,0.5315454545454545,29.0
jonesch01,Charles Jones,1985,1998,14,12,2,726,14095,9.208333333333332,14.9,2.052826642028552,127.0,C,0,0,0,-1.2166666666666666,2.0333333333333337,24.400000000000002,4.2,6.5249999999999995,0.5119166666666667,27.0
jonesch02,Charles Jones,1985,1989,5,4,1,201,3009,10.25,14.4,3.0170349683091175,186.0,PF,0,0,0,-2.025,1.125,4.5,0.8999999999999999,14.225,0.5097499999999999,23.0
jonesda01,Damon Jones,1999,2009,11,11,0,657,13461,11.745454545454544,15.5,2.4684789708952484,108.0,PG,0,0,0,-0.5,2.5454545454545454,28.0,7.0,15.91818181818182,0.531909090909091,22.0
jonesda02,Dahntay Jones,2004,2015,12,11,1,624,9799,8.663636363636364,13.7,3.657687477895072,123.0,SG,0,0,0,-4.009090909090909,0.8909090909090908,9.799999999999999,-4.1,17.063636363636363,0.4931818181818182,23.0
jonesdo02,Dominique Jones,2011,2013,3,3,0,80,741,11.6,12.4,0.7483314773547886,135.0,SG,0,0,0,-2.0666666666666664,0.06666666666666667,0.2,-0.1,21.666666666666668,0.44366666666666665,22.0
jonesdw01,Dwight Jones,1980,1983,4,4,0,314,6226,12.474999999999998,14.2,1.9330998422223309,1164.0,PF,0,0,0,-2.1,2.4499999999999997,9.799999999999999,0.10000000000000009,17.85,0.5395000000000001,27.0
jonesed01,Edgar Jones,1981,1986,6,6,0,363,6960,15.233333333333333,17.6,2.0588562088909685,769.0,PF,0,0,0,-0.6666666666666666,2.5,15.0,2.1,19.883333333333333,0.5636666666666666,24.0
jonesed02,Eddie Jones,1995,2008,14,14,0,954,32778,16.221428571428568,19.9,3.142378210261542,922.0,SG,3,1,0,2.9285714285714293,7.178571428571428,100.49999999999999,42.3,19.52857142857143,0.5488571428571428,23.0
jonesfr01,Fred Jones,2003,2009,7,7,0,430,10299,10.414285714285715,13.3,2.2408088918504223,115.0,SG,0,0,0,-1.4285714285714286,2.342857142857143,16.400000000000002,2.6,15.342857142857142,0.5177142857142857,23.0
jonesja02,James Jones,2005,2017,13,13,0,709,11098,11.030769230769229,15.4,2.0253716146709455,221.0,SF,0,0,0,-0.2692307692307692,1.9307692307692308,25.1,5.4,14.415384615384616,0.5722307692307693,24.0
jonesju01,Jumaine Jones,2000,2007,8,8,0,471,9780,11.0375,14.2,3.4881719782717133,138.0,SF,0,0,0,-2.2625,1.8875,15.1,2.2,17.825000000000003,0.48175,20.0
jonesma01,Major Jones,1980,1985,6,6,0,374,5063,11.566666666666665,13.4,1.1249691353790803,418.0,PF,0,0,0,-2.5,0.9166666666666666,5.5,-0.7000000000000001,15.516666666666666,0.5286666666666667,26.0
jonespo01,Popeye Jones,1994,2003,10,10,0,535,12579,12.6,14.4,2.0064894716892985,206.0,PF,0,0,0,-3.41,2.2,22.000000000000004,-2.0,15.579999999999998,0.4696000000000001,23.0
jonesso01,Solomon Jones,2007,2012,6,6,0,281,3092,9.766666666666667,12.3,1.9267128022157904,145.0,C,0,0,0,-4.583333333333333,0.85,5.1,-1.4,14.350000000000001,0.522,22.0
jordade01,DeAndre Jordan,2009,2026,18,18,0,1123,28066,17.33333333333333,21.8,2.5475478405713994,199.0,C,1,3,0,0.2666666666666666,5.527777777777777,99.49999999999999,22.2,13.783333333333333,0.6455,20.0
jordaed01,Eddie Jordan,1980,1984,5,5,0,265,5034,9.9,14.4,3.305752561823102,210.0,PG,0,0,0,-2.62,0.9,4.5,1.3,19.2,0.4332,25.0
jordami01,Michael Jordan,1985,2003,19,15,4,1072,41011,27.37333333333333,31.7,3.8777083725084616,451.0,SG,14,11,10,8.806666666666667,14.26,213.9,116.1,33.6,0.5594666666666668,21.0
jordare01,Reggie Jordan,1994,2000,7,6,1,186,1662,14.116666666666667,20.1,4.513836751835652,130.0,SG,0,0,0,0.7166666666666669,0.5166666666666666,3.0999999999999996,1.0,16.55,0.476,26.0
judkije01,Jeff Judkins,1980,1983,4,4,0,191,1900,10.95,14.1,2.2643983748448506,251.0,SF,0,0,0,-2.125,0.8250000000000001,3.3000000000000003,0.09999999999999998,17.45,0.503,23.0
kamanch01,Chris Kaman,2004,2016,13,13,0,735,19642,14.746153846153847,17.5,2.352941002436471,112.0,C,1,0,0,-2.0461538461538464,1.9000000000000001,24.700000000000003,0.4000000000000001,22.076923076923077,0.5219230769230769,21.0
kaponja01,Jason Kapono,2004,2012,9,9,0,509,9068,8.777777777777779,13.8,3.5038955393415034,112.0,SF,0,0,0,-3.355555555555556,1.1444444444444444,10.299999999999999,-1.4,16.244444444444444,0.5026666666666667,22.0
keefead01,Adam Keefe,1993,2001,9,9,0,617,10334,12.244444444444445,15.1,2.258372625051111,604.0,PF,0,0,0,-1.7999999999999998,2.7666666666666666,24.9,1.6,14.433333333333334,0.5442222222222223,22.0
kelleri01,Rich Kelley,1980,1986,7,7,0,501,10036,11.814285714285715,14.4,2.0739393650239437,324.0,C,0,0,0,-0.6142857142857144,2.6142857142857143,18.3,3.8,14.2,0.568,26.0
kellocl01,Clark Kellogg,1983,1986,4,4,0,260,8514,19.125,20.3,0.7562241731127093,568.0,PF,0,0,0,1.35,5.199999999999999,20.799999999999997,7.3,25.45,0.5375,21.0
kelsegr01,Greg Kelser,1980,1985,6,6,0,305,6032,13.666666666666666,16.1,1.595479725836576,114.0,SF,0,0,0,-2.266666666666667,1.45,8.7,0.39999999999999997,23.55,0.5205,22.0
kempsh01,Shawn Kemp,1990,2003,14,14,0,1051,29293,18.349999999999998,23.6,4.123408784003837,1083.0,PF,6,3,0,0.10714285714285728,6.385714285714286,89.4,19.500000000000004,24.599999999999998,0.5455,20.0
kemptti01,Tim Kempton,1987,1994,8,5,3,280,3758,9.120000000000001,10.7,1.8583863968507732,136.0,PF,0,0,0,-4.74,0.72,3.5999999999999996,-1.4,16.7,0.5054000000000001,23.0
kenonla01,Larry Kenon,1980,1983,4,4,0,263,6765,13.974999999999998,17.2,2.366828046141079,770.0,PF,0,0,0,-1.575,2.65,10.6,1.3000000000000003,21.349999999999998,0.505,27.0
kerrst01,Steve Kerr,1989,2003,15,15,0,910,16207,12.4,15.6,1.912764142979125,157.0,PG,0,0,0,0.45333333333333325,3.146666666666667,47.2,11.700000000000001,14.100000000000001,0.5751333333333333,23.0
kerseje01,Jerome Kersey,1985,2001,17,17,0,1153,28115,14.211764705882352,18.5,2.6590317461417454,243.0,SF,0,0,0,0.15882352941176472,4.094117647058823,69.6,19.3,18.84705882352941,0.4901764705882353,22.0
kesslal01,Alec Kessler,1991,1993,3,3,0,210,2937,10.033333333333333,11.5,1.2710450643291744,415.0,PF,0,0,0,-5.166666666666667,0.6333333333333333,1.9,-2.8000000000000003,18.26666666666667,0.49266666666666675,24.0
keysra01,Randolph Keys,1989,1996,8,4,4,241,3318,10.125,11.5,1.6528384676065597,331.0,SF,0,0,0,-4.175,0.575,2.3,-1.5,20.099999999999998,0.47025000000000006,22.0
khryavi01,Viktor Khryapa,2005,2008,4,4,0,143,2351,9.925,11.5,0.9443913383762051,105.0,PF,0,0,0,-3.2,0.5,2.0,-0.9,16.875,0.46725,22.0
kiddja01,Jason Kidd,1995,2013,19,19,0,1391,50111,17.757894736842104,22.5,2.530095856198189,1379.0,PG,10,6,2,3.7421052631578946,7.300000000000001,138.70000000000002,73.4,18.92105263157895,0.5104736842105264,21.0
kingal01,Albert King,1982,1989,8,8,0,534,12836,12.8375,17.7,3.337265909393496,791.0,SF,0,0,0,-1.975,2.0374999999999996,16.299999999999997,1.0000000000000004,23.400000000000002,0.497375,22.0
kingbe01,Bernard King,1980,1993,14,12,2,713,23466,18.60833333333333,25.2,3.434010855480156,214.0,SF,4,4,1,1.05,5.233333333333333,62.8,23.000000000000004,27.525000000000002,0.5649166666666666,23.0
kingre01,Reggie King,1980,1985,6,6,0,438,11345,12.083333333333334,16.9,3.043253010988223,860.0,SF,0,0,0,-0.8333333333333334,4.133333333333334,24.8,4.6,14.08333333333333,0.5435,22.0
kingst01,Stacey King,1990,1997,8,8,0,438,7406,10.125,13.8,3.637564432419033,103.0,PF,0,0,0,-4.5625,1.3625,10.9,-2.6000000000000005,17.924999999999997,0.514625,23.0
kirilan01,Andrei Kirilenko,2002,2014,13,12,1,797,23916,18.391666666666666,24.4,3.2546014434267607,857.0,SF,1,0,0,4.6000000000000005,6.283333333333332,75.39999999999999,41.699999999999996,18.383333333333336,0.5710000000000001,20.0
kitegr01,Greg Kite,1984,1994,11,11,0,680,10080,5.863636363636363,7.7,1.6338870147165943,197.0,C,0,0,0,-5.309090909090909,0.5454545454545454,6.0,-6.4,10.945454545454545,0.44236363636363635,22.0
kittlke01,Kerry Kittles,1997,2005,9,8,1,507,16929,15.275000000000002,18.3,2.4314347616170995,243.0,SG,0,0,0,1.8125,5.625,45.0,18.1,19.225,0.511625,22.0
kleinjo01,Joe Kleine,1986,1999,14,14,0,965,14712,9.749999999999998,13.5,2.3678652229984953,374.0,C,0,0,0,-4.214285714285714,1.3642857142857143,19.1,-6.8,14.964285714285714,0.4854285714285715,24.0
kleizli01,Linas Kleiza,2006,2013,8,7,1,409,8185,11.799999999999999,14.4,1.9777331901519406,376.0,SF,0,0,0,-2.9571428571428577,1.9428571428571426,13.599999999999998,-0.7,20.32857142857143,0.5272857142857142,21.0
knighbi01,Billy Knight,1980,1985,6,6,0,461,11045,16.55,19.9,2.785528076804588,800.0,SF,0,0,0,0.10000000000000002,4.683333333333333,28.099999999999998,7.1,22.416666666666668,0.5668333333333334,27.0
knighbr01,Brevin Knight,1998,2009,12,12,0,729,18176,14.308333333333335,18.0,2.613573011968269,928.0,PG,0,0,0,-0.15833333333333335,2.716666666666667,32.6,10.4,17.10833333333333,0.46858333333333335,22.0
knighne01,Negele Knight,1991,1995,5,5,0,276,4513,11.040000000000001,13.8,1.8084247288731703,631.0,PG,0,0,0,-3.1,0.8400000000000001,4.2,-1.0,19.84,0.4812,23.0
knightr01,Travis Knight,1997,2003,7,7,0,371,4566,9.214285714285714,14.1,4.493305678269324,256.0,C,0,0,0,-4.257142857142857,1.1142857142857143,7.800000000000001,-0.9999999999999999,15.057142857142859,0.4374285714285714,22.0
kofoeba01,Bart Kofoed,1988,1992,5,3,2,111,702,5.133333333333334,9.8,3.3806639716021603,176.0,SG,0,0,0,-5.3,0.03333333333333333,0.1,-0.5,13.366666666666667,0.44533333333333336,23.0
koncajo01,Jon Koncak,1986,1996,11,11,0,784,16409,9.80909090909091,13.0,1.8332556958266872,943.0,C,0,0,0,-1.2545454545454544,2.6454545454545455,29.1,3.3999999999999995,10.6,0.4993636363636364,22.0
kopicjo01,Joe Kopicki,1983,1985,3,3,0,118,1187,14.6,15.3,0.8524474568362947,201.0,PF,0,0,0,-0.4666666666666666,1.1666666666666665,3.4999999999999996,0.5,15.433333333333332,0.5856666666666667,22.0
korveky01,Kyle Korver,2004,2020,17,17,0,1232,31183,12.629411764705884,14.8,1.3795842109692724,882.0,SG,1,0,0,0.5647058823529412,4.323529411764706,73.5,20.8,16.452941176470585,0.6016470588235293,22.0
koufoko01,Kosta Koufos,2009,2019,11,11,0,686,11271,14.490909090909092,17.5,2.767491330512674,172.0,C,0,0,0,-2.0818181818181816,2.5636363636363635,28.2,1.8999999999999997,16.509090909090904,0.5352727272727273,19.0
kramejo01,Joel Kramer,1980,1983,4,4,0,246,2783,10.25,11.8,1.0712142642814275,458.0,C,0,0,0,-0.975,1.525,6.1,0.8,12.799999999999999,0.51,24.0
krstine01,Nenad Krstić,2005,2011,7,7,0,419,10547,13.37142857142857,16.9,2.3137565532603257,812.0,C,0,0,0,-2.757142857142857,3.0714285714285716,21.5,-1.5999999999999996,19.7,0.5275714285714286,21.0
krystla01,Larry Krystkowiak,1987,1995,9,8,1,420,9097,10.925,14.2,2.033316256758894,287.0,PF,0,0,0,-3.1875,1.9499999999999997,15.599999999999998,-1.5000000000000002,17.0,0.508625,22.0
kukocto01,Toni Kukoč,1994,2006,13,13,0,846,22212,16.892307692307693,20.4,2.595398750588474,1018.0,SF,0,0,0,2.5615384615384613,4.6,59.8,27.400000000000006,21.499999999999996,0.5283076923076923,25.0
kunneke01,Kevin Kunnert,1980,1982,3,3,0,94,1381,10.866666666666667,13.5,3.1752515210959618,237.0,C,0,0,0,-3.0,0.7000000000000001,2.1,-0.2,16.633333333333336,0.47500000000000003,28.0
kupchmi01,Mitch Kupchak,1980,1986,7,6,1,295,5029,11.950000000000001,16.6,3.2561480310329878,324.0,PF,0,0,0,-3.683333333333333,1.7166666666666668,10.3,-0.7000000000000001,19.21666666666667,0.5258333333333334,25.0
laceysa01,Sam Lacey,1980,1983,4,4,0,279,6542,10.575,14.9,3.6724480935746384,670.0,C,0,0,0,0.025000000000000022,2.525,10.1,5.4,14.200000000000001,0.47425,31.0
laettch01,Christian Laettner,1993,2005,13,13,0,868,25760,16.46923076923077,19.1,1.5968163592621105,337.0,PF,1,0,0,0.9461538461538462,4.992307692307692,64.9,19.400000000000002,20.053846153846152,0.5489230769230768,23.0
lafrera01,Raef LaFrentz,1999,2008,10,10,0,563,14545,15.24,18.9,3.348492197990015,291.0,C,0,0,0,-0.12999999999999998,3.95,39.5,9.799999999999999,17.400000000000002,0.5272,22.0
lagarto01,Tom LaGarde,1980,1982,3,3,0,212,4751,10.633333333333333,13.5,2.4115462996914565,909.0,C,0,0,0,-3.6,1.4666666666666668,4.4,-1.0,18.366666666666664,0.49833333333333335,24.0
laimbbi01,Bill Laimbeer,1981,1994,14,14,0,1068,33956,15.9,19.2,1.7246117575517441,248.0,C,4,0,0,1.2285714285714284,7.542857142857144,105.60000000000001,29.2,16.928571428571427,0.5520714285714285,23.0
lambejo01,John Lambert,1980,1982,3,3,0,183,2571,9.0,10.4,0.9933109617167563,483.0,PF,0,0,0,-3.8333333333333335,0.9333333333333335,2.8000000000000003,-0.9,15.1,0.45766666666666667,27.0
lampje01,Jeff Lamp,1982,1989,8,5,3,291,3471,10.5,13.2,2.3047776465420693,176.0,SF,0,0,0,-3.54,1.04,5.2,-0.5000000000000001,19.419999999999998,0.5054000000000001,22.0
landrca01,Carl Landry,2008,2016,9,9,0,513,11524,17.455555555555556,22.4,3.26125780476426,233.0,PF,0,0,0,-0.3888888888888889,3.9777777777777783,35.800000000000004,4.9,20.055555555555557,0.5953333333333334,24.0
landsma01,Mark Landsberger,1980,1984,5,5,0,295,4421,11.360000000000001,15.7,2.5780612870915225,335.0,PF,0,0,0,-3.84,1.6,8.0,-1.7000000000000002,14.9,0.4704,24.0
laneje01,Jerome Lane,1989,1993,5,5,0,218,3215,12.520000000000001,18.1,3.6438441239987207,149.0,PF,0,0,0,-3.3600000000000003,0.44000000000000006,2.2,-1.2,19.279999999999998,0.4244,22.0
langan01,Andrew Lang,1989,2000,12,12,0,737,15344,11.174999999999999,13.8,2.0478138750058967,244.0,C,0,0,0,-1.8583333333333334,2.3749999999999996,28.499999999999996,0.4999999999999999,13.683333333333335,0.5076666666666667,22.0
langdtr01,Trajan Langdon,2000,2002,3,3,0,119,1738,12.066666666666668,13.5,1.078064108586415,145.0,SG,0,0,0,-1.0,0.9666666666666667,2.9,0.4,18.0,0.5466666666666667,23.0
langhda01,Dan Langhi,2001,2003,3,3,0,133,1253,9.1,9.4,0.4242640687119287,241.0,SF,0,0,0,-4.833333333333333,0.10000000000000002,0.30000000000000004,-0.8,18.833333333333332,0.4163333333333333,23.0
laniebo01,Bob Lanier,1980,1984,5,5,0,315,8855,17.94,20.4,2.065526567246231,978.0,C,1,0,0,2.6,5.959999999999999,29.799999999999997,10.8,20.9,0.5804,31.0
larueru01,Rusty LaRue,1998,2002,5,4,1,98,1565,8.4,10.0,1.120267825120404,129.0,PG,0,0,0,-4.15,0.15000000000000002,0.6000000000000001,-0.7,18.575,0.45025,24.0
lawac01,Acie Law,2008,2011,4,4,0,188,2385,11.049999999999999,16.0,3.0516389039334255,234.0,PG,0,0,0,-3.275,0.4,1.6,-1.1,17.55,0.508,23.0
lawsoty01,Ty Lawson,2010,2017,8,8,0,551,16088,16.775,19.4,2.9460779012103533,1318.0,PG,0,0,0,1.0375,5.262500000000001,42.10000000000001,13.6,19.849999999999998,0.5535000000000001,22.0
leaveal01,Allen Leavell,1980,1989,10,10,0,700,16248,13.809999999999999,16.4,2.5800968974052116,536.0,PG,0,0,0,-0.21999999999999992,2.9799999999999995,29.799999999999997,9.799999999999999,19.02,0.5119,22.0
leckner01,Eric Leckner,1989,1997,9,8,1,449,5448,9.375,12.2,2.248193719411207,126.0,C,0,0,0,-5.9,0.7750000000000001,6.200000000000001,-4.699999999999999,16.2875,0.5511250000000001,22.0
leeco01,Courtney Lee,2009,2020,12,12,0,811,21938,11.958333333333336,13.8,1.0095034532988099,345.0,SG,0,0,0,-0.6666666666666666,3.2750000000000004,39.300000000000004,8.0,15.81666666666667,0.5515,23.0
leeda02,David Lee,2006,2017,12,12,0,829,24293,18.875,22.2,1.5674421839417232,903.0,PF,2,1,0,1.1000000000000003,6.325,75.9,19.199999999999996,19.975,0.5821666666666667,22.0
leeke01,Keith Lee,1986,1989,4,3,1,182,2907,12.200000000000001,13.8,1.2328828005937953,840.0,PF,0,0,0,-3.0,1.2666666666666666,3.8,-0.7000000000000001,19.0,0.49,23.0
leero01,Ron Lee,1980,1982,3,3,0,224,4463,9.966666666666667,10.3,0.24944382578492996,1167.0,PG,0,0,0,-0.7666666666666666,1.2666666666666668,3.8000000000000003,1.4,12.799999999999999,0.44533333333333336,27.0
legleti01,Tim Legler,1991,2000,10,8,2,310,5253,11.037500000000001,16.1,4.501093617111291,148.0,SG,0,0,0,-2.4,1.5375,12.3,2.8,16.9,0.526875,24.0
lenarvo01,Voshon Lenard,1996,2006,11,10,1,565,15349,13.63,15.9,1.3468852957843143,190.0,SG,0,0,0,-0.26,2.96,29.599999999999998,7.999999999999999,22.21,0.5216000000000001,22.0
lesji01,Jim Les,1989,1995,7,6,1,321,4222,11.950000000000001,14.7,2.370478151484773,169.0,PG,0,0,0,-1.2000000000000002,1.3333333333333333,8.0,1.6,14.283333333333331,0.5403333333333333,25.0
lestero01,Ronnie Lester,1982,1986,5,5,0,250,4959,11.66,13.8,2.5679563859224714,222.0,PG,0,0,0,-2.48,1.26,6.3,0.9000000000000001,18.119999999999997,0.5208,23.0
leverfa01,Fat Lever,1983,1994,12,10,2,752,23814,17.29,20.8,2.72266413646634,884.0,PG,2,1,0,2.97,6.119999999999999,61.199999999999996,32.1,19.470000000000002,0.48860000000000003,22.0
levincl01,Cliff Levingston,1983,1995,13,11,2,830,16962,13.4,15.5,1.4881348912465746,469.0,PF,0,0,0,-0.6909090909090909,4.018181818181818,44.199999999999996,7.699999999999999,15.118181818181817,0.5390909090909091,22.0
lewisqu01,Quincy Lewis,2000,2002,3,3,0,159,1853,6.8999999999999995,7.1,0.21602468994692872,402.0,SG,0,0,0,-4.8,0.2333333333333333,0.7,-1.4000000000000001,17.633333333333333,0.4613333333333333,22.0
lewisra02,Rashard Lewis,1999,2014,16,16,0,1049,33541,15.10625,20.7,4.316895404975663,145.0,SF,2,0,0,0.6437500000000002,5.68125,90.9,33.0,20.549999999999997,0.544125,19.0
lewisre01,Reggie Lewis,1988,1993,6,6,0,450,14676,16.700000000000003,17.9,1.2083045973594568,405.0,SG,1,0,0,0.6499999999999999,6.483333333333334,38.900000000000006,12.4,23.71666666666667,0.5336666666666666,22.0
liberma01,Marcus Liberty,1991,1994,4,4,0,267,4568,11.25,14.1,2.2896506283710623,285.0,SF,0,0,0,-3.6,1.0,4.0,-0.7,21.175,0.45025,22.0
lichtto01,Todd Lichti,1990,1994,5,5,0,237,4240,12.739999999999998,14.5,1.3807244475274565,126.0,SG,0,0,0,-2.5200000000000005,1.1,5.5,-0.49999999999999994,19.6,0.5067999999999999,23.0
linje01,Jeremy Lin,2011,2019,9,8,1,480,12218,15.75,19.9,2.284184756100083,285.0,PG,0,0,0,0.575,2.925,23.4,6.199999999999999,22.175,0.539625,22.0
listeal01,Alton Lister,1982,1997,16,14,2,953,18965,11.62142857142857,16.4,2.9909813419269438,174.0,C,0,0,0,-2.4142857142857146,2.6071428571428568,36.49999999999999,3.1000000000000005,14.94285714285714,0.5283571428571427,23.0
livinra01,Randy Livingston,1997,2005,9,4,5,203,2684,11.25,13.3,1.8364367672206956,176.0,PG,0,0,0,-1.65,0.6,2.4,-0.10000000000000003,16.95,0.46225,21.0
livinsh01,Shaun Livingston,2005,2019,15,14,1,833,17188,12.292857142857143,14.5,1.45379517407483,231.0,PG,0,0,0,-1.2357142857142858,2.1357142857142857,29.900000000000002,4.4,15.557142857142853,0.5315,19.0
lloydle01,Lewis Lloyd,1983,1990,8,6,2,388,9406,15.616666666666667,17.7,1.9726603582190447,123.0,SG,0,0,0,-0.2333333333333334,3.3000000000000003,19.8,6.6000000000000005,23.25,0.5619999999999999,23.0
lloydsc01,Scott Lloyd,1981,1983,3,3,0,161,3439,8.766666666666667,11.1,2.15612821717283,206.0,C,0,0,0,-3.6666666666666665,0.39999999999999997,1.2,-1.9,14.1,0.45566666666666666,28.0
loderke01,Kevin Loder,1982,1984,3,3,0,148,2094,11.1,12.9,1.3952299690970902,137.0,SF,0,0,0,-1.9666666666666668,0.8333333333333334,2.5,0.2,18.833333333333332,0.4963333333333333,22.0
lohaubr01,Brad Lohaus,1988,1998,11,10,1,656,10378,11.44,15.0,2.6963679274164347,102.0,PF,0,0,0,-1.02,1.5299999999999998,15.299999999999999,3.4999999999999996,16.93,0.5114,23.0
longgr01,Grant Long,1989,2003,15,15,0,1003,28514,12.426666666666666,16.2,2.943120037571617,488.0,PF,0,0,0,-0.98,4.006666666666667,60.1,10.2,15.180000000000001,0.5231333333333333,22.0
longjo01,John Long,1980,1997,18,13,5,811,20182,13.323076923076922,17.4,2.6027068294828526,256.0,SG,0,0,0,-1.6615384615384614,2.1923076923076925,28.5,3.6999999999999997,22.65384615384615,0.5081538461538462,23.0
longllu01,Luc Longley,1992,2001,10,10,0,567,12006,11.139999999999999,13.5,2.9299146745255227,301.0,C,0,0,0,-3.1,1.7500000000000004,17.500000000000004,-1.9000000000000001,18.02,0.49470000000000003,23.0
lopezbr01,Brook Lopez,2009,2026,18,18,0,1180,35157,18.438888888888886,25.4,3.694912251083897,136.0,C,1,0,0,1.1277777777777778,5.25,94.5,28.5,22.666666666666668,0.5782222222222222,20.0
lopezfe01,Felipe López,1999,2002,4,4,0,249,4145,11.0,12.5,1.8668154702594473,581.0,SG,0,0,0,-2.9,0.7749999999999999,3.0999999999999996,-0.5,18.875,0.48575,24.0
lopezro01,Robin Lopez,2009,2023,15,15,0,992,20937,15.059999999999997,18.9,2.4584005640524356,299.0,C,0,0,0,-1.6866666666666668,3.2933333333333334,49.4,4.700000000000002,17.533333333333335,0.5799333333333334,20.0
loveke01,Kevin Love,2009,2026,18,18,0,989,28118,19.41111111111111,26.9,3.5546352975749045,251.0,PF,5,2,0,2.416666666666667,5.338888888888889,96.1,36.5,23.84444444444445,0.5616666666666665,20.0
lowesi01,Sidney Lowe,1984,1990,7,4,3,193,3422,11.05,13.7,1.9981241202688085,190.0,PG,0,0,0,-1.0,1.0,4.0,0.3000000000000001,9.475,0.43000000000000005,24.0
lowryky01,Kyle Lowry,2007,2026,20,20,0,1187,36798,15.985,22.9,4.695133118453619,118.0,PG,6,1,0,1.7600000000000002,5.615,112.3,43.0,19.330000000000002,0.55255,20.0
lucasjo01,John Lucas,1980,1990,11,11,0,682,16997,15.727272727272727,19.4,2.3882633131404423,386.0,PG,0,0,0,1.3909090909090909,3.2545454545454544,35.8,14.300000000000002,19.09090909090909,0.5042727272727273,26.0
lucasjo02,John Lucas III,2006,2015,10,6,4,242,2927,11.133333333333333,16.3,3.6604492741860106,107.0,PG,0,0,0,-1.9333333333333336,0.5666666666666668,3.4000000000000004,0.6,20.78333333333333,0.4546666666666666,23.0
lucasma01,Maurice Lucas,1980,1988,9,9,0,639,17343,15.066666666666666,18.1,1.9658190263715642,1120.0,PF,1,0,0,-0.9888888888888887,4.222222222222222,38.0,5.5,21.1,0.5264444444444445,27.0
luety01,Tyronn Lue,1999,2009,11,11,0,554,12564,12.318181818181818,15.5,1.9234524744551404,146.0,PG,0,0,0,-1.9636363636363632,1.781818181818182,19.6,0.7,18.19090909090909,0.5334545454545454,21.0
lynchge01,George Lynch,1994,2005,12,12,0,774,17683,12.541666666666666,16.8,2.645895668557037,893.0,SF,0,0,0,-0.725,2.6749999999999994,32.099999999999994,7.4,15.491666666666667,0.47941666666666677,23.0
maccuto01,Todd MacCulloch,2000,2003,4,4,0,223,3439,16.750000000000004,18.3,1.3369741957120935,528.0,C,0,0,0,0.09999999999999998,3.0,12.0,2.0999999999999996,17.7,0.5685,24.0
mackol01,Ollie Mack,1980,1982,3,3,0,128,2513,10.533333333333333,12.8,2.0171487027209696,150.0,SG,0,0,0,-2.233333333333333,0.8333333333333334,2.5,0.30000000000000004,17.266666666666666,0.4543333333333333,22.0
macksa01,Sam Mack,1993,2002,10,7,3,259,5028,10.842857142857142,15.4,3.8710859099804256,159.0,SF,0,0,0,-2.7142857142857144,1.042857142857143,7.3,0.49999999999999994,19.61428571428571,0.49657142857142855,22.0
macledo01,Don MacLean,1993,2000,8,7,1,319,6679,13.085714285714287,17.8,3.8849263907086438,143.0,PF,0,0,0,-3.885714285714286,1.3285714285714285,9.299999999999999,-0.8999999999999999,24.47142857142857,0.4918571428571428,23.0
maconma01,Mark Macon,1992,1996,5,5,0,251,5018,9.42,12.5,1.6216041440499587,287.0,SG,0,0,0,-3.12,0.059999999999999984,0.29999999999999993,-2.1999999999999997,18.440000000000005,0.44939999999999997,22.0
macyky01,Kyle Macy,1981,1987,7,7,0,551,14246,13.9,16.1,1.5278369396914433,1250.0,PG,0,0,0,0.6142857142857141,5.142857142857143,36.0,9.6,15.542857142857143,0.5565714285714286,23.0
madsema01,Mark Madsen,2001,2009,9,9,0,453,5335,6.377777777777777,12.7,4.091937269470775,116.0,C,0,0,0,-5.411111111111111,0.9111111111111112,8.200000000000001,-2.9000000000000004,9.866666666666667,0.42900000000000005,25.0
maggeco01,Corey Maggette,2000,2013,14,14,0,827,23358,16.842857142857145,20.3,3.273206004977445,257.0,SF,0,0,0,-0.5142857142857142,4.442857142857142,62.199999999999996,13.3,25.29285714285714,0.5669285714285716,20.0
magloja01,Jamaal Magloire,2001,2012,12,12,0,680,14621,11.366666666666665,18.8,4.874480029249844,158.0,C,1,0,0,-3.9166666666666674,2.308333333333334,27.700000000000006,-3.0,16.14166666666667,0.5016666666666666,22.0
mahinia01,Ian Mahinmi,2010,2020,11,11,0,618,10353,13.590909090909092,21.6,3.112279067136419,165.0,C,0,0,0,-2.0909090909090904,2.3454545454545452,25.799999999999997,0.10000000000000014,15.436363636363636,0.5753636363636363,23.0
mahorri01,Rick Mahorn,1981,1999,19,18,1,1117,25779,10.422222222222224,13.9,2.9043177733152863,127.0,PF,0,0,0,-2.488888888888889,2.8666666666666663,51.599999999999994,4.5,13.988888888888889,0.5121666666666667,22.0
majerda01,Dan Majerle,1989,2002,14,14,0,955,30206,13.25,17.8,2.49162884188522,1180.0,SG,3,0,0,1.7499999999999998,5.599999999999999,78.39999999999998,29.800000000000004,15.62142857142857,0.5294285714285715,23.0
malonje01,Jeff Malone,1984,1996,13,13,0,905,29660,14.792307692307691,18.5,2.4609133821726052,510.0,SG,2,0,0,-1.7307692307692308,4.1692307692307695,54.2,3.9,24.60769230769231,0.5291538461538463,22.0
malonka01,Karl Malone,1986,2004,19,19,0,1476,54852,23.642105263157898,28.9,3.830805300726932,1373.0,PF,14,14,9,5.021052631578947,12.34736842105263,234.6,99.10000000000001,29.115789473684213,0.5735263157894737,22.0
malonma01,Matt Maloney,1997,2003,7,6,1,295,7470,9.0,12.3,3.202603107889997,103.0,PG,0,0,0,-2.6166666666666667,1.5833333333333333,9.5,1.4000000000000004,14.200000000000001,0.4795,25.0
malonmo01,Moses Malone,1980,1995,16,16,0,1106,37068,21.1375,26.8,3.4876344060121904,104.0,C,10,7,4,0.8375,8.6375,138.2,34.8,25.256249999999998,0.5534374999999999,24.0
mannida01,Danny Manning,1989,2002,14,14,0,883,24202,16.021428571428572,19.8,2.8680950799712175,552.0,PF,2,0,0,0.3571428571428572,3.9214285714285717,54.900000000000006,18.300000000000004,22.39285714285714,0.5409999999999999,22.0
mannipa01,Pace Mannion,1984,1988,5,5,0,216,2125,9.64,12.5,1.735050431543706,190.0,SF,0,0,0,-1.6800000000000002,0.32,1.6,-0.1,16.46,0.4554,23.0
marbust01,Stephon Marbury,1997,2009,13,13,0,846,31891,17.469230769230773,22.7,4.6207532878033595,414.0,PG,2,2,0,1.1153846153846154,5.96923076923077,77.60000000000001,30.700000000000006,24.584615384615386,0.5168461538461538,19.0
marcisa01,Šarūnas Marčiulionis,1990,1997,8,7,1,363,8123,15.714285714285714,20.4,3.6470843820503958,255.0,SG,0,0,0,-0.1857142857142857,2.8714285714285714,20.1,4.7,23.842857142857138,0.582,25.0
mariosh01,Shawn Marion,2000,2015,16,16,0,1163,40097,18.112499999999997,23.6,3.2982713275290134,1101.0,SF,4,2,0,2.2875,7.8125,125.0,47.6,19.8125,0.5373749999999999,21.0
marksse01,Sean Marks,2002,2011,10,7,3,230,2275,9.92857142857143,17.9,4.8939362730728275,130.0,C,0,0,0,-4.642857142857143,0.35714285714285715,2.5,-1.5,17.628571428571426,0.4841428571428571,26.0
marshdo01,Donyell Marshall,1995,2009,15,15,0,957,25027,16.26666666666667,19.9,2.982541794435671,189.0,PF,0,0,0,1.0666666666666667,3.9266666666666663,58.89999999999999,19.799999999999997,20.566666666666666,0.5187333333333334,21.0
marshdo02,Donny Marshall,1996,2002,7,3,4,119,919,9.1,10.5,1.1430952132988164,118.0,SF,0,0,0,-4.166666666666667,0.3333333333333333,1.0,-0.30000000000000004,18.833333333333332,0.44799999999999995,23.0
martica01,Cartier Martin,2009,2015,7,7,0,243,3351,9.285714285714286,12.8,3.3900815714705876,198.0,SF,0,0,0,-2.7857142857142856,0.5428571428571428,3.8,-0.1,17.285714285714285,0.4934285714285714,24.0
martida01,Darrick Martin,1995,2008,14,12,2,514,9165,11.158333333333337,17.0,3.421125139807403,141.0,PG,0,0,0,-3.100000000000001,0.8166666666666668,9.8,-1.1,19.908333333333335,0.46466666666666673,23.0
martike01,Kenyon Martin,2001,2015,15,14,1,757,23134,14.25,18.7,2.4907686707979466,104.0,PF,1,0,0,-0.21428571428571427,3.457142857142858,48.40000000000001,12.200000000000001,18.29285714285714,0.5097857142857143,23.0
martike02,Kevin Martin,2005,2016,12,12,0,714,21559,16.599999999999998,21.4,3.578873193245792,455.0,SG,0,0,0,0.2999999999999999,5.108333333333333,61.300000000000004,16.099999999999998,23.758333333333336,0.5705833333333333,21.0
mashbja01,Jamal Mashburn,1994,2004,11,11,0,611,22762,15.381818181818181,18.0,1.7314304027795695,669.0,SF,1,1,0,0.027272727272727296,3.972727272727273,43.7,13.5,26.0,0.5009999999999999,21.0
masonan01,Anthony Mason,1990,2003,14,12,2,882,30605,13.658333333333337,18.9,3.1857647782317855,108.0,PF,1,1,0,0.1416666666666667,7.366666666666667,88.4,23.1,15.466666666666667,0.5464166666666668,23.0
masonde01,Desmond Mason,2001,2009,9,9,0,643,19641,12.11111111111111,15.7,2.7738639093607893,1064.0,SF,0,0,0,-2.6555555555555554,2.5777777777777775,23.2,-2.0,19.566666666666666,0.5026666666666668,23.0
masonro01,Roger Mason,2003,2014,12,10,2,518,9147,9.510000000000002,13.8,2.273521497589148,113.0,SG,0,0,0,-2.38,1.29,12.9,1.6000000000000003,16.69,0.5066,22.0
masseto01,Tony Massenburg,1991,2005,15,12,3,683,12291,12.158333333333333,16.3,2.5437696218189436,109.0,PF,0,0,0,-4.458333333333333,1.3,15.6,-7.5,18.291666666666664,0.516,23.0
matthwe01,Wes Matthews,1981,1988,8,8,0,465,9305,12.675,15.5,1.14755174175285,388.0,PG,0,0,0,-1.6875,1.375,11.0,1.8,19.65,0.5198750000000001,21.0
matthwe02,Wesley Matthews,2010,2024,15,15,0,986,28579,11.313333333333333,16.1,3.191210150118952,413.0,SG,0,0,0,-0.7066666666666667,3.700000000000001,55.500000000000014,12.7,16.206666666666667,0.5495333333333333,23.0
maxieja01,Jason Maxiell,2006,2015,10,10,0,618,11379,11.98,16.7,2.9562814480356905,159.0,PF,0,0,0,-3.3,2.03,20.299999999999997,-1.6,16.240000000000002,0.5014,22.0
maxwece01,Cedric Maxwell,1980,1988,9,9,0,683,19587,15.333333333333334,19.0,1.9607254893136992,848.0,SF,0,0,0,1.222222222222222,6.966666666666667,62.7,17.099999999999998,16.555555555555557,0.6177777777777778,24.0
maxweve01,Vernon Maxwell,1989,2001,13,13,0,855,24309,12.215384615384615,14.1,1.7767066135219243,636.0,SG,0,0,0,-1.5000000000000002,2.115384615384616,27.500000000000004,5.2,22.476923076923075,0.49346153846153845,23.0
maybele01,Lee Mayberry,1993,1999,7,7,0,496,10337,9.72857142857143,11.2,1.242939241951783,126.0,PG,0,0,0,-3.3000000000000003,1.1142857142857143,7.800000000000001,-2.3000000000000003,13.085714285714287,0.5102857142857142,22.0
maynoer01,Eric Maynor,2010,2014,5,5,0,267,3896,9.620000000000001,11.8,2.0565991344936427,137.0,PG,0,0,0,-3.3600000000000003,0.66,3.3000000000000003,-0.7,17.46,0.45760000000000006,22.0
mayooj01,O.J. Mayo,2009,2016,8,8,0,547,16919,12.799999999999999,14.7,2.211334438749598,1090.0,SG,0,0,0,-1.2,2.7375,21.9,4.800000000000001,21.925,0.5221250000000001,21.0
maysc01,Scott May,1980,1983,4,4,0,191,3455,14.674999999999999,17.2,2.886498744153546,155.0,SF,0,0,0,-0.675,2.225,8.9,1.7,21.375,0.53375,25.0
mayse01,Sean May,2006,2010,5,4,1,119,1868,13.075000000000003,19.1,4.754142930118951,301.0,PF,0,0,0,-2.9250000000000003,0.65,2.6,0.19999999999999993,22.375,0.488,21.0
mbahalu01,Luc Mbah a Moute,2009,2018,10,10,0,689,16038,10.53,13.9,1.8617464918726179,1003.0,PF,0,0,0,-1.6199999999999999,2.6,26.0,2.0,13.440000000000001,0.5197999999999999,22.0
mbengdj01,D.J. Mbenga,2006,2011,6,5,1,234,1566,11.6,13.9,1.842823919966311,181.0,C,0,0,0,-3.0799999999999996,0.45999999999999996,2.3,-0.5,15.059999999999999,0.4992000000000001,25.0
mcadobo01,Bob McAdoo,1980,1986,7,7,0,327,7502,15.600000000000003,20.6,2.3922493897704613,321.0,C,0,0,0,-1.9142857142857144,1.9285714285714286,13.5,0.6000000000000001,24.942857142857143,0.523,28.0
mccanbo01,Bob McCann,1992,1996,5,3,2,178,2385,9.1,10.9,1.4696938456699071,129.0,SF,0,0,0,-4.166666666666667,0.6666666666666666,2.0,-1.0,15.766666666666667,0.47100000000000003,27.0
mccanra01,Rashad McCants,2006,2009,4,4,0,249,5037,11.85,14.6,2.7870235018743563,554.0,SG,0,0,0,-2.35,0.9,3.6,0.3999999999999999,23.775,0.51175,21.0
mccarwa01,Walter McCarty,1997,2006,10,10,0,593,10374,9.06,11.6,2.003097601216676,192.0,PF,0,0,0,-2.54,1.38,13.799999999999999,0.9999999999999998,15.89,0.48630000000000007,22.0
mccasam01,Amal McCaskill,1997,2004,8,3,5,114,968,7.866666666666666,10.2,1.7211107524567446,109.0,C,0,0,0,-5.5,0.13333333333333333,0.39999999999999997,-0.6000000000000001,18.133333333333333,0.4146666666666667,23.0
mccloge01,George McCloud,1990,2002,13,12,1,766,17429,12.049999999999999,17.0,3.3087006513131403,413.0,SF,0,0,0,-1.2750000000000001,2.0583333333333336,24.700000000000003,5.3999999999999995,19.250000000000004,0.5050833333333334,22.0
mccorti01,Tim McCormick,1985,1992,8,8,0,483,10390,11.4375,14.7,3.664675122026508,108.0,C,0,0,0,-3.1125,2.6874999999999996,21.499999999999996,0.09999999999999998,16.9625,0.5447500000000001,22.0
mccoyje01,Jelani McCoy,1999,2003,5,5,0,260,3824,13.459999999999999,21.1,4.020248748522907,104.0,C,0,0,0,-1.9799999999999998,1.02,5.1,-0.5999999999999999,15.419999999999998,0.5670000000000001,21.0
mccraro01,Rodney McCray,1984,1993,10,10,0,768,24876,13.889999999999997,16.7,2.4068444071023785,1019.0,SF,0,0,0,0.56,5.59,55.9,19.2,15.559999999999999,0.5483,22.0
mcdanxa01,Xavier McDaniel,1986,1998,13,12,1,870,25201,14.79166666666667,18.7,3.943657002777442,180.0,SF,1,0,0,-1.1916666666666667,3.9916666666666667,47.9,9.600000000000001,22.900000000000002,0.5024166666666667,22.0
mcdonbe01,Ben McDonald,1986,1989,4,4,0,176,3692,8.725,12.0,2.0753011829611623,103.0,PF,0,0,0,-3.7,0.625,2.5,-2.0,12.125,0.5395,23.0
mcdowha01,Hank McDowell,1982,1986,5,5,0,206,1857,10.040000000000001,10.5,0.32619012860600194,132.0,PF,0,0,0,-3.2199999999999998,0.36000000000000004,1.8000000000000003,-0.8,15.24,0.5174,22.0
mcdyean01,Antonio McDyess,1996,2011,16,15,1,1015,28053,16.986666666666665,22.0,3.2358134817830417,236.0,PF,1,1,0,-0.019999999999999973,4.653333333333334,69.80000000000001,13.0,20.62666666666667,0.5311333333333332,21.0
mcelrji01,Jim McElroy,1980,1982,3,3,0,141,2557,8.6,10.6,1.9815818596935797,349.0,PG,0,0,0,-4.2,0.06666666666666667,0.2,-1.3,19.233333333333334,0.4726666666666666,26.0
mcgeeja01,JaVale McGee,2009,2024,16,15,1,909,14676,19.386666666666667,25.2,2.72662591656591,256.0,C,0,0,0,-0.43333333333333335,2.926666666666667,43.900000000000006,7.2,20.586666666666662,0.5960666666666667,21.0
mcgeemi01,Mike McGee,1982,1990,9,9,0,520,9271,13.177777777777779,17.3,2.4683677817887753,280.0,SF,0,0,0,-1.9888888888888887,1.6777777777777778,15.1,1.7000000000000002,22.67777777777778,0.5233333333333333,22.0
mcginge01,George McGinnis,1980,1982,3,3,0,218,5394,13.800000000000002,15.2,1.7720045146669345,1341.0,PF,0,0,0,-1.0666666666666667,1.3333333333333333,3.9999999999999996,1.2,22.5,0.4546666666666666,29.0
mcgratr01,Tracy McGrady,1998,2012,15,15,0,938,30658,20.466666666666665,30.3,4.860544093914681,673.0,SG,7,7,2,4.086666666666667,6.486666666666665,97.29999999999997,55.7,27.286666666666672,0.5102666666666666,18.0
mcguido01,Dominic McGuire,2008,2013,6,6,0,342,5348,8.516666666666667,11.8,2.7727343103073467,307.0,SF,0,0,0,-2.9333333333333336,0.7000000000000001,4.2,-0.10000000000000003,10.9,0.4283333333333334,22.0
mchalke01,Kevin McHale,1981,1993,13,13,0,971,30118,19.638461538461538,24.0,2.59690302580666,1398.0,PF,7,1,1,2.246153846153846,8.7,113.1,34.300000000000004,22.346153846153847,0.5970769230769231,23.0
mcilvji01,Jim McIlvaine,1995,2001,7,7,0,401,5927,9.428571428571429,11.1,1.4119027543549527,193.0,C,0,0,0,-2.6857142857142855,1.342857142857143,9.4,-0.10000000000000003,10.171428571428573,0.4692857142857143,22.0
mcinnje01,Jeff McInnis,1997,2008,12,11,1,576,15927,11.627272727272727,15.6,2.921733890281563,117.0,PG,0,0,0,-2.563636363636363,2.090909090909091,23.0,-0.3999999999999998,18.1,0.4881818181818181,22.0
mckenke01,Kevin McKenna,1982,1988,7,6,1,243,3460,9.450000000000001,12.1,3.091251095160879,237.0,SG,0,0,0,-2.8666666666666667,0.6833333333333332,4.1,-0.30000000000000004,17.733333333333334,0.48750000000000004,23.0
mckeyde01,Derrick McKey,1988,2002,15,15,0,937,27229,12.973333333333331,15.7,2.4222487256450127,244.0,SF,0,0,0,0.6133333333333334,4.113333333333333,61.699999999999996,20.300000000000004,16.12666666666667,0.5324666666666668,21.0
mckieaa01,Aaron McKie,1995,2007,13,13,0,793,19156,11.73076923076923,15.8,2.969689083799493,121.0,SG,0,0,0,0.015384615384615398,3.076923076923077,40.0,13.000000000000002,14.346153846153843,0.49876923076923074,22.0
mckinbi01,Billy McKinney,1980,1984,5,5,0,398,7947,13.2,14.4,0.8648699324175865,843.0,PG,0,0,0,-1.6199999999999999,2.52,12.6,0.9000000000000001,17.24,0.5292,24.0
mcleoke01,Keith McLeod,2004,2007,4,4,0,200,3723,9.325,10.4,0.9934158243152765,391.0,PG,0,0,0,-3.625,0.47500000000000003,1.9000000000000001,-1.4000000000000001,17.2,0.465,24.0
mcleoro01,Roshown McLeod,1999,2001,3,3,0,113,2130,10.299999999999999,11.3,0.9092121131323909,348.0,SF,0,0,0,-4.5,0.09999999999999999,0.3,-1.2,23.166666666666668,0.45199999999999996,23.0
mcmilna01,Nate McMillan,1987,1998,12,12,0,796,20462,14.225,15.9,0.9514243707900978,279.0,PG,0,0,0,3.233333333333334,4.183333333333334,50.2,27.099999999999998,12.533333333333333,0.5061666666666667,22.0
mcmilto01,Tom McMillen,1980,1986,7,7,0,453,9495,11.828571428571431,14.2,1.3445278360974215,863.0,C,0,0,0,-2.028571428571429,2.442857142857143,17.1,5.551115123125783e-17,17.928571428571427,0.5318571428571429,27.0
mcnamma01,Mark McNamara,1983,1990,8,7,1,278,2707,10.357142857142856,12.9,1.8368117897651923,113.0,C,0,0,0,-5.700000000000001,0.4,2.8000000000000003,-1.9,19.142857142857142,0.5144285714285715,23.0
mcneach01,Chris McNealy,1986,1988,3,3,0,108,1864,10.033333333333333,13.7,2.62466929133727,265.0,PF,0,0,0,-1.7,0.8666666666666668,2.6000000000000005,0.0,13.733333333333334,0.47766666666666674,24.0
mcrobjo01,Josh McRoberts,2009,2017,9,9,0,433,8271,12.28888888888889,16.0,2.1283506626516875,279.0,PF,0,0,0,-0.7777777777777778,2.0444444444444447,18.400000000000002,4.5,14.222222222222221,0.5227777777777778,21.0
medvest01,Stanislav Medvedenko,2002,2005,4,4,0,263,3340,12.85,15.6,1.9704060495238027,423.0,PF,0,0,0,-4.475,1.425,5.7,-1.5000000000000002,21.25,0.48225,22.0
meeksjo01,Jodie Meeks,2010,2019,10,9,1,539,12110,12.944444444444445,16.0,1.6104596383994165,104.0,SG,0,0,0,-0.7333333333333334,2.6777777777777776,24.099999999999998,4.199999999999999,17.988888888888887,0.5661111111111112,22.0
mercero01,Ron Mercer,1998,2005,8,8,0,432,13418,11.662500000000001,14.8,2.1982592545011608,390.0,SG,0,0,0,-3.0625,1.175,9.4,-2.3,22.775,0.458875,21.0
meriwjo01,Joe Meriweather,1980,1985,6,6,0,384,7727,11.783333333333331,12.8,0.9172725270544677,380.0,C,0,0,0,-1.9666666666666668,2.35,14.100000000000001,0.10000000000000003,14.716666666666669,0.5681666666666667,26.0
mihmch01,Chris Mihm,2001,2009,9,8,1,436,8758,12.3875,15.7,2.7025161886656663,105.0,C,0,0,0,-4.7,1.6875,13.5,-4.3,19.7625,0.483625,21.0
milescj01,C.J. Miles,2006,2020,15,15,0,849,17284,12.433333333333334,16.0,3.126801702840922,161.0,SF,0,0,0,-0.9133333333333332,2.0,30.0,6.800000000000001,21.073333333333338,0.5191333333333332,18.0
milesda01,Darius Miles,2001,2009,9,7,2,446,11730,14.142857142857142,16.1,2.1486588128126702,298.0,SF,0,0,0,-0.9,1.3571428571428574,9.500000000000002,3.1000000000000005,21.442857142857143,0.501,19.0
milicda01,Darko Miličić,2004,2012,9,9,0,468,8638,10.955555555555556,15.2,3.4267286346897197,159.0,C,0,0,0,-3.6333333333333337,0.7888888888888889,7.1,-0.7999999999999998,18.77777777777778,0.4603333333333333,18.0
millean01,Anthony Miller,1995,2000,6,5,1,181,1637,13.1,16.4,2.8879058156387303,123.0,PF,0,0,0,-2.92,0.76,3.8,-0.1,15.7,0.529,23.0
millean02,Andre Miller,2000,2016,17,17,0,1304,40268,16.870588235294118,21.8,2.303900709125428,461.0,PG,0,0,0,0.9529411764705882,5.935294117647059,100.9,33.3,19.941176470588236,0.5358235294117647,23.0
millebr01,Brad Miller,1999,2012,14,14,0,868,24537,17.17142857142857,21.2,2.990085658454948,146.0,C,2,0,0,1.385714285714286,5.457142857142856,76.39999999999999,23.0,18.214285714285715,0.5643571428571429,22.0
millemi01,Mike Miller,2001,2017,17,17,0,1032,27812,12.805882352941175,17.2,3.595498916248954,151.0,SF,0,0,0,0.25882352941176473,3.5705882352941174,60.699999999999996,19.7,16.435294117647057,0.5677058823529412,20.0
milleol01,Oliver Miller,1993,2004,12,8,4,493,11338,14.787499999999998,18.2,2.041101112145108,506.0,C,0,0,0,0.5125,2.6625,21.3,7.3,15.475,0.556125,22.0
millere01,Reggie Miller,1988,2005,18,18,0,1389,47619,18.194444444444446,21.2,2.0581740079287707,1787.0,SG,5,3,0,3.4055555555555554,9.694444444444445,174.5,66.0,21.444444444444443,0.6105,22.0
millsch01,Chris Mills,1994,2003,10,10,0,568,17282,13.0,16.2,1.7504285189632849,262.0,SF,0,0,0,-0.9400000000000001,3.7699999999999996,37.699999999999996,6.8,19.099999999999998,0.4993,24.0
millspa01,Paul Millsap,2007,2022,16,16,0,1085,30499,18.025,21.8,2.5185561339783558,376.0,PF,4,0,0,1.4125,5.95,95.2,30.099999999999998,21.11875,0.5551250000000001,21.0
millspa02,Patty Mills,2011,2025,15,15,0,921,18316,13.22,21.5,3.5223477019359306,261.0,PG,0,0,0,-0.47333333333333333,2.4,36.0,8.7,19.98,0.5548,22.0
millste01,Terry Mills,1991,2001,11,10,1,678,16422,12.76,17.7,4.73290608400378,113.0,PF,0,0,0,-1.6299999999999997,3.34,33.4,5.8,19.68,0.5096999999999999,23.0
minerha01,Harold Miner,1993,1996,4,4,0,200,3748,11.1,14.3,3.068387198513252,136.0,SG,0,0,0,-4.625,1.05,4.2,-0.9000000000000001,23.9,0.518,21.0
mingya01,Yao Ming,2003,2009,7,7,0,486,15818,23.285714285714285,26.5,1.9193961635506782,1624.0,C,7,5,0,3.3285714285714287,9.385714285714284,65.69999999999999,20.6,27.27142857142857,0.5954285714285714,22.0
minnidi01,Dirk Minniefield,1986,1988,3,3,0,222,3801,11.6,14.1,1.7682382946499788,1070.0,PG,0,0,0,-1.4000000000000001,1.3666666666666665,4.1,0.4,16.2,0.519,25.0
minorgr01,Greg Minor,1995,1999,5,5,0,277,5144,12.680000000000001,14.7,1.7747112441183213,547.0,SG,0,0,0,-1.56,1.64,8.2,0.5999999999999999,17.080000000000002,0.5144,23.0
mitchmi01,Mike Mitchell,1980,1988,9,9,0,679,22961,16.27777777777778,19.1,1.8365292010128342,922.0,SF,1,0,0,-1.5222222222222221,5.166666666666667,46.5,4.3999999999999995,25.15555555555555,0.5256666666666666,24.0
mitchsa01,Sam Mitchell,1990,2002,13,13,0,994,22257,12.192307692307692,15.8,1.8967427701443005,726.0,SF,0,0,0,-2.5846153846153843,3.2076923076923074,41.699999999999996,-2.9999999999999996,18.107692307692307,0.5103076923076922,26.0
mixst01,Steve Mix,1980,1983,4,4,0,286,4914,17.525,19.7,2.0909029150106417,809.0,SF,0,0,0,1.8,4.2749999999999995,17.099999999999998,4.8999999999999995,21.225,0.5652499999999999,32.0
moblecu01,Cuttino Mobley,1999,2009,11,11,0,747,27618,13.981818181818182,17.7,2.18915433311927,365.0,SG,0,0,0,-0.5363636363636364,4.745454545454545,52.199999999999996,12.900000000000002,20.963636363636365,0.5324545454545455,23.0
mobleer01,Eric Mobley,1995,1997,3,3,0,113,1570,10.000000000000002,14.3,3.293427798915086,307.0,C,0,0,0,-4.8999999999999995,0.3666666666666667,1.1,-0.9,14.833333333333334,0.5326666666666666,24.0
mohamna01,Nazr Mohammed,1999,2015,17,17,0,1005,15891,13.305882352941175,19.6,3.790618541522695,121.0,C,0,0,0,-3.429411764705882,2.01764705882353,34.300000000000004,-2.3000000000000003,18.7235294117647,0.4898235294117647,21.0
moisoje01,Jérôme Moïso,2001,2005,5,4,1,145,1392,10.575,14.5,4.351651985166093,120.0,C,0,0,0,-4.075,0.55,2.2,-0.3,15.725000000000001,0.515,22.0
mokespa01,Paul Mokeski,1980,1991,12,12,0,694,9739,8.108333333333333,10.3,1.500254608021215,113.0,C,0,0,0,-3.941666666666667,1.1333333333333335,13.600000000000001,-3.3,14.175000000000002,0.4768333333333334,23.0
moncrsi01,Sidney Moncrief,1980,1991,12,11,1,767,23150,17.745454545454546,22.6,3.044626753169542,992.0,SG,5,5,1,3.0727272727272723,8.218181818181819,90.4,33.3,19.79090909090909,0.5883636363636363,22.0
monrogr01,Greg Monroe,2011,2022,12,10,2,646,17670,19.839999999999996,22.0,1.8757398540309367,195.0,C,0,0,0,1.0500000000000003,5.050000000000001,50.50000000000001,15.3,21.92,0.5564,20.0
montrer01,Eric Montross,1995,2002,8,8,0,465,8479,7.5,12.1,3.4615747861341952,332.0,C,0,0,0,-5.15,1.075,8.6,-5.299999999999999,12.2625,0.45237499999999997,23.0
moonja01,Jamario Moon,2008,2012,5,5,0,286,6451,10.879999999999999,15.0,4.0582754958233185,123.0,SF,0,0,0,-0.6799999999999999,2.8600000000000003,14.3,5.0,12.780000000000001,0.5046,27.0
moorejo01,Johnny Moore,1981,1990,10,8,2,520,13430,15.7375,18.3,3.254588107579821,516.0,PG,0,0,0,1.6375000000000002,3.775,30.2,14.400000000000002,17.6875,0.49912500000000004,22.0
mooremi01,Mikki Moore,2000,2012,13,11,2,564,10257,12.245454545454548,19.6,3.449469955689804,118.0,C,0,0,0,-2.5454545454545454,2.036363636363637,22.400000000000006,-0.8999999999999999,14.690909090909093,0.5804545454545454,24.0
mooretr01,Tracy Moore,1992,1997,6,4,2,119,1729,12.549999999999999,14.8,1.3518505834595778,190.0,SG,0,0,0,-2.5250000000000004,0.42500000000000004,1.7000000000000002,-0.1,22.574999999999996,0.5115000000000001,26.0
morriad01,Adam Morrison,2007,2010,4,3,1,161,3278,7.0,7.9,0.941629792788369,241.0,SF,0,0,0,-4.866666666666666,-0.5,-1.5,-2.5,19.400000000000002,0.4386666666666667,22.0
morrich01,Chris Morris,1989,1999,11,11,0,747,18748,14.827272727272726,17.8,1.8419806084710753,535.0,SF,0,0,0,0.5454545454545455,3.390909090909091,37.300000000000004,13.500000000000002,20.272727272727277,0.5149999999999999,23.0
morrite01,Terence Morris,2002,2006,5,3,2,139,1934,8.833333333333334,11.9,2.8158282775923835,192.0,SF,0,0,0,-3.0,0.3333333333333333,1.0,-0.4,14.666666666666666,0.42366666666666664,23.0
morroan01,Anthony Morrow,2009,2017,9,9,0,564,12280,12.822222222222221,14.8,1.604699887329423,383.0,SG,0,0,0,-0.8666666666666667,2.5666666666666664,23.099999999999998,4.3,18.211111111111112,0.560111111111111,23.0
mortojo01,John Morton,1990,1992,3,3,0,128,1879,9.266666666666667,12.2,2.590152290674988,270.0,SG,0,0,0,-4.333333333333333,0.16666666666666666,0.5,-0.5,21.099999999999998,0.46799999999999997,22.0
mournal01,Alonzo Mourning,1993,2008,16,15,1,838,25975,20.279999999999998,25.8,3.5297214243242108,215.0,C,7,2,2,1.6066666666666667,5.98,89.7,27.2,24.71333333333333,0.5756666666666667,22.0
mozgoti01,Timofey Mozgov,2011,2018,8,8,0,454,8181,13.600000000000001,16.7,2.0211382931407735,359.0,C,0,0,0,-2.75,2.225,17.8,-0.10000000000000003,16.7,0.571125,24.0
mulleby01,Byron Mullens,2012,2014,3,3,0,189,3446,12.700000000000001,13.0,0.29439202887759464,414.0,C,0,0,0,-3.233333333333333,0.26666666666666666,0.8,-1.5,21.7,0.494,22.0
mullich01,Chris Mullin,1986,2001,16,16,0,986,32163,17.79375,22.7,2.996136835576773,374.0,SF,5,4,0,2.7,5.81875,93.1,41.6,21.462500000000002,0.587,22.0
murdoer01,Eric Murdock,1992,2000,9,9,0,508,11882,16.144444444444446,20.3,2.730938426870519,114.0,PG,0,0,0,1.4666666666666666,2.8444444444444446,25.6,11.899999999999999,20.944444444444443,0.5154444444444445,23.0
muresgh01,Gheorghe Mureșan,1994,2000,7,5,2,307,6729,16.86,21.0,2.944554295644758,267.0,C,0,0,0,-1.6,3.8,19.0,2.9000000000000004,19.919999999999998,0.5744,22.0
murphca01,Calvin Murphy,1980,1983,4,4,0,280,7317,15.725000000000001,18.1,1.8726652130052512,1204.0,PG,0,0,0,-0.8999999999999999,3.8750000000000004,15.500000000000002,2.9000000000000004,25.3,0.51325,31.0
murphja01,Jay Murphy,1985,1987,3,3,0,67,436,7.0,13.5,5.961543424315552,100.0,PF,0,0,0,-7.599999999999999,-0.13333333333333333,-0.39999999999999997,-0.6,21.7,0.36200000000000004,22.0
murphto01,Tod Murphy,1990,1992,3,3,0,191,4071,11.033333333333333,13.0,1.4613540144521984,429.0,PF,0,0,0,-2.466666666666667,2.6333333333333333,7.9,0.6000000000000001,12.0,0.5016666666666667,26.0
murphtr01,Troy Murphy,2002,2013,12,12,0,729,19921,14.008333333333333,18.0,3.608891411808095,256.0,PF,0,0,0,-0.5333333333333333,4.183333333333333,50.199999999999996,10.799999999999999,17.258333333333333,0.5259166666666666,21.0
murrala01,Lamond Murray,1995,2006,12,11,1,736,18477,13.463636363636367,17.8,2.525244444431515,518.0,SF,0,0,0,-1.4454545454545453,1.7999999999999998,19.799999999999997,4.1,22.37272727272727,0.5022727272727273,21.0
murraro01,Ronald Murray,2004,2010,7,7,0,487,11077,12.457142857142857,15.4,1.8904701931055163,874.0,SG,0,0,0,-2.342857142857143,1.2428571428571427,8.7,-0.19999999999999987,23.442857142857143,0.48599999999999993,24.0
murratr01,Tracy Murray,1993,2003,11,11,0,659,12103,12.781818181818181,17.3,3.3416974951004064,193.0,SF,0,0,0,-1.4636363636363638,2.2090909090909094,24.300000000000004,5.9,22.263636363636365,0.5140909090909092,21.0
mustaje01,Jerrod Mustaf,1991,1994,4,4,0,179,1902,10.924999999999999,13.8,2.3668280461410793,196.0,PF,0,0,0,-4.725,0.42500000000000004,1.7000000000000002,-0.8999999999999999,20.5,0.4730000000000001,21.0
mutomdi01,Dikembe Mutombo,1992,2008,17,17,0,1196,36791,16.45294117647059,19.8,2.312400750699132,514.0,C,8,3,0,1.2411764705882353,6.870588235294117,116.8,33.8,14.158823529411766,0.5711176470588234,25.0
myerspe01,Pete Myers,1987,1996,10,8,2,377,6039,10.1875,14.0,2.0514857420903514,103.0,SG,0,0,0,-2.3625,0.7000000000000001,5.6000000000000005,-0.8,17.4625,0.48525,23.0
nachbbo01,Boštjan Nachbar,2004,2008,5,5,0,317,5628,10.499999999999998,14.5,2.6645825188948455,502.0,SF,0,0,0,-1.9,1.7799999999999998,8.899999999999999,0.7000000000000001,18.7,0.5208,23.0
nailole01,Lee Nailon,2001,2006,6,6,0,306,5820,13.766666666666667,14.5,1.0290232693622092,237.0,SF,0,0,0,-2.516666666666667,1.3500000000000003,8.100000000000001,0.0,22.283333333333335,0.5113333333333333,25.0
najered01,Eduardo Nájera,2001,2012,12,12,0,619,11213,11.141666666666667,14.8,2.8312124414972626,270.0,PF,0,0,0,-1.5249999999999997,2.058333333333333,24.7,2.7999999999999994,13.033333333333333,0.5139999999999999,24.0
nancela01,Larry Nance,1982,1994,13,13,0,920,30697,19.56153846153846,22.2,1.855776205646518,909.0,PF,3,0,0,3.3153846153846156,8.423076923076923,109.5,43.50000000000001,20.62307692307692,0.580923076923077,22.0
nashst01,Steve Nash,1997,2014,18,18,0,1217,38069,18.6,23.8,4.1657332287765785,313.0,PG,8,7,3,2.0888888888888886,7.222222222222222,130.0,48.199999999999996,20.26111111111111,0.5900000000000001,22.0
natersw01,Swen Nater,1980,1984,5,4,1,260,7124,15.649999999999999,18.2,2.8718460961548753,575.0,C,0,0,0,-1.225,4.449999999999999,17.799999999999997,3.0,17.7,0.5855,30.0
nattca01,Calvin Natt,1980,1990,11,10,1,599,18818,16.66,21.8,3.0083882728132023,164.0,SF,1,0,0,0.41999999999999993,5.7,57.0,15.6,20.18,0.5818,23.0
nealga01,Gary Neal,2011,2016,6,6,0,352,7507,12.65,14.2,1.0858944086174616,807.0,SG,0,0,0,-1.7166666666666668,1.8166666666666667,10.9,0.5999999999999998,22.016666666666666,0.5338333333333334,26.0
nealyed01,Ed Nealy,1983,1993,11,10,1,540,6792,10.049999999999999,12.9,1.8938056922503956,225.0,PF,0,0,0,-1.1599999999999997,1.53,15.3,2.1,9.43,0.5374,22.0
nelsoja01,Jameer Nelson,2005,2018,14,14,0,878,24539,14.214285714285714,20.6,3.221990765007858,1013.0,PG,1,0,0,-0.21428571428571436,3.4499999999999997,48.3,11.599999999999998,20.385714285714283,0.528,22.0
nesbyty01,Tyrone Nesby,1999,2002,4,4,0,255,6659,12.9,17.0,2.8696689704563485,1288.0,SF,0,0,0,-1.325,1.9,7.6,0.6,18.375,0.4885,23.0
nestera01,Rasho Nesterović,2000,2010,11,11,0,811,17983,13.4,16.1,1.9729995622724485,413.0,C,0,0,0,-1.0363636363636362,3.627272727272727,39.9,5.1,15.8,0.512909090909091,23.0
nevitch01,Chuck Nevitt,1986,1989,4,3,1,155,826,9.866666666666667,11.2,1.302134998974974,126.0,C,0,0,0,-3.966666666666667,0.2333333333333333,0.7,-0.30000000000000004,17.066666666666666,0.4793333333333334,26.0
newbiiv01,Ivano Newbill,1995,1998,4,3,1,134,1430,7.2,7.6,0.37416573867739394,249.0,PF,0,0,0,-5.3,0.3666666666666667,1.1,-0.8999999999999999,11.1,0.40599999999999997,24.0
newblir01,Ira Newble,2001,2008,8,8,0,380,7645,9.5,14.9,3.1084562084739105,129.0,SF,0,0,0,-2.7874999999999996,1.1625,9.3,-1.1,13.6125,0.48762500000000003,26.0
newlimi01,Mike Newlin,1980,1982,3,3,0,233,6928,14.933333333333332,17.7,2.5746628689770024,1507.0,SG,0,0,0,-1.0333333333333334,4.7,14.1,2.4,23.866666666666664,0.5433333333333333,31.0
newmajo01,Johnny Newman,1987,2002,16,16,0,1159,28435,12.49375,15.5,2.220773724966143,630.0,SF,0,0,0,-1.85,3.1312499999999996,50.099999999999994,3.0,19.55625,0.55375,23.0
nicksca01,Carl Nicks,1981,1983,3,3,0,156,2579,10.933333333333332,12.1,0.8339997335464536,148.0,SG,0,0,0,-3.9333333333333336,-0.13333333333333333,-0.4,-1.6,21.066666666666666,0.48299999999999993,22.0
nimphku01,Kurt Nimphius,1982,1990,9,8,1,564,11441,11.175,13.0,1.6261534367949415,314.0,C,0,0,0,-2.25,2.175,17.4,1.3000000000000003,14.5375,0.510375,23.0
nixonno01,Norm Nixon,1980,1989,10,8,2,605,21326,14.7,16.9,2.0105969262883097,1318.0,PG,2,0,0,-1.1375000000000002,4.175,33.4,6.1,20.775,0.5046250000000001,24.0
noahjo01,Joakim Noah,2008,2019,12,11,1,672,18646,17.236363636363635,20.0,1.9070551916848744,635.0,C,2,1,1,2.1090909090909093,5.609090909090909,61.7,20.9,15.818181818181818,0.5313636363636364,22.0
nocioan01,Andrés Nocioni,2005,2011,7,7,0,514,12013,12.685714285714285,16.1,2.302438813474947,931.0,SF,0,0,0,-1.0142857142857142,3.142857142857143,22.0,3.5,21.1,0.5392857142857144,25.0
normake01,Ken Norman,1988,1997,10,10,0,646,18992,13.25,16.4,3.69655244788979,220.0,SF,0,0,0,-1.7899999999999998,2.71,27.099999999999998,4.9,21.58,0.4952,23.0
norriau01,Audie Norris,1983,1985,3,3,0,187,2585,8.1,10.6,2.325224003546038,311.0,C,0,0,0,-4.033333333333334,0.9666666666666667,2.9,-1.1,14.833333333333334,0.5326666666666666,22.0
norrimo01,Moochie Norris,1999,2006,8,8,0,445,7640,11.775,18.4,3.847645383867905,140.0,PG,0,0,0,-2.025,1.2625,10.1,1.2999999999999998,18.012500000000003,0.469875,25.0
novakst01,Steve Novak,2007,2015,9,9,0,467,5657,12.38888888888889,17.8,3.694874661667443,191.0,SF,0,0,0,0.7999999999999997,1.6111111111111112,14.5,4.1,15.033333333333335,0.6043333333333334,23.0
nowitdi01,Dirk Nowitzki,1999,2019,21,21,0,1522,51368,21.31904761904762,28.1,4.5810810792732415,795.0,PF,14,12,3,3.7952380952380946,9.828571428571431,206.40000000000003,85.0,26.090476190476195,0.5679523809523809,20.0
oaklech01,Charles Oakley,1986,2003,18,18,0,1282,40280,12.983333333333334,16.5,2.641600945554713,514.0,PF,1,0,0,-0.672222222222222,4.961111111111112,89.30000000000001,15.400000000000002,15.277777777777779,0.5224444444444445,22.0
obertfa01,Fabricio Oberto,2006,2010,5,5,0,336,4871,10.260000000000002,13.8,2.722204988607581,490.0,C,0,0,0,-2.1399999999999997,2.7199999999999998,13.599999999999998,0.6,10.98,0.586,30.0
odengr01,Greg Oden,2009,2014,6,3,3,105,2028,17.866666666666667,23.1,4.371371511195187,212.0,C,0,0,0,-0.7999999999999999,2.433333333333333,7.3,0.9,18.666666666666668,0.6043333333333333,21.0
odomla01,Lamar Odom,2000,2013,14,14,0,961,32131,15.842857142857143,19.4,2.8017123044193335,999.0,PF,0,0,0,1.4428571428571428,5.5,77.0,31.499999999999996,20.021428571428572,0.5222857142857144,20.0
okafoem01,Emeka Okafor,2005,2018,14,10,4,616,19055,16.650000000000002,20.1,1.4527560015363903,353.0,C,0,0,0,-0.6900000000000001,4.529999999999999,45.3,6.8999999999999995,18.53,0.5342,22.0
okoremi01,Mike O'Koren,1981,1987,7,7,0,407,8810,11.1,13.6,2.5696025262396405,123.0,SF,0,0,0,-1.2714285714285716,2.057142857142857,14.399999999999999,3.1999999999999997,16.84285714285714,0.4982857142857142,22.0
okurme01,Mehmet Okur,2003,2012,10,10,0,634,18429,15.84,19.0,3.1727590516772626,168.0,C,1,0,0,0.20999999999999988,5.470000000000001,54.7,14.5,20.89,0.5367,23.0
olajuha01,Hakeem Olajuwon,1985,2002,18,18,0,1238,44222,22.905555555555555,27.3,3.1343034353252013,1049.0,C,12,12,6,4.216666666666666,9.033333333333333,162.6,74.29999999999998,26.355555555555554,0.5459444444444445,22.0
olberma01,Mark Olberding,1980,1987,8,8,0,624,16030,12.0625,14.8,1.8336694767596475,1002.0,PF,0,0,0,-1.175,3.8374999999999995,30.699999999999996,3.8,15.299999999999999,0.5780000000000001,23.0
oldhaja01,Jawann Oldham,1982,1988,7,7,0,329,5241,10.571428571428571,14.5,2.5234411231571894,124.0,C,0,0,0,-2.8,0.6142857142857142,4.3,-0.5,14.814285714285715,0.49300000000000005,24.0
ollieke01,Kevin Ollie,1998,2010,13,12,1,662,10297,9.983333333333336,13.7,2.253084305765962,158.0,PG,0,0,0,-2.5916666666666663,1.2166666666666666,14.6,-0.8999999999999999,12.800000000000002,0.4868333333333334,25.0
olowomi01,Michael Olowokandi,1999,2007,9,9,0,500,13129,9.944444444444445,12.4,2.214152012803653,234.0,C,0,0,0,-4.588888888888889,0.2777777777777778,2.5,-8.6,17.93333333333333,0.45355555555555555,23.0
onealje01,Jermaine O'Neal,1997,2014,18,18,0,1011,27364,16.21111111111111,22.9,3.817923939771003,311.0,C,6,3,1,-0.7333333333333334,3.6722222222222225,66.10000000000001,15.699999999999998,22.7,0.5121111111111111,18.0
onealsh01,Shaquille O'Neal,1993,2011,19,19,0,1207,41918,25.53157894736842,30.6,4.416720935571398,752.0,C,15,14,8,4.5210526315789465,9.557894736842105,181.6,75.39999999999999,29.0,0.5877894736842105,20.0
orrlo01,Louis Orr,1981,1988,8,8,0,569,13353,12.075000000000001,16.1,3.8391893675618554,180.0,SF,0,0,0,-1.2249999999999999,3.2125,25.7,5.3999999999999995,18.4625,0.5041249999999999,22.0
ostergr01,Greg Ostertag,1996,2006,11,11,0,756,14753,12.79090909090909,15.3,1.3641211259565598,556.0,C,0,0,0,-0.8636363636363638,3.0727272727272723,33.8,5.1,12.663636363636364,0.506909090909091,22.0
outlabo01,Bo Outlaw,1994,2007,14,14,0,914,20740,13.342857142857142,16.3,2.201854505934968,214.0,PF,0,0,0,1.192857142857143,3.635714285714286,50.900000000000006,20.2,11.285714285714286,0.5652857142857143,22.0
outlatr01,Travis Outlaw,2005,2014,10,10,0,622,13026,12.95,15.7,2.424561816081413,444.0,SF,0,0,0,-1.56,1.64,16.4,2.1,20.250000000000004,0.49539999999999995,20.0
overtdo01,Doug Overton,1993,2004,12,11,1,499,7275,9.200000000000001,13.2,2.6118610571426233,130.0,PG,0,0,0,-4.463636363636363,0.22727272727272727,2.5,-3.6000000000000005,17.436363636363637,0.4664545454545454,23.0
owensbi01,Billy Owens,1992,2001,10,10,0,600,17619,13.830000000000002,16.9,2.2095474649801026,451.0,SF,0,0,0,-0.6199999999999999,2.8600000000000003,28.6,7.8,19.68,0.49910000000000004,22.0
owensto01,Tom Owens,1980,1983,4,4,0,278,6504,14.2,18.1,3.4190641994557525,725.0,C,0,0,0,-1.325,3.8749999999999996,15.499999999999998,2.4,19.65,0.5285000000000001,30.0
oyedeol01,Olumide Oyedeji,2001,2003,3,3,0,93,587,10.399999999999999,11.2,0.7483314773547878,145.0,C,0,0,0,-4.233333333333333,0.3666666666666667,1.1,-0.4,11.4,0.5263333333333334,19.0
pachuza01,Zaza Pachulia,2004,2019,16,16,0,1098,22240,14.20625,17.0,1.8139972264311761,664.0,C,0,0,0,-1.725,3.2875,52.6,3.0000000000000004,16.668750000000003,0.5403125,19.0
packro01,Robert Pack,1992,2004,13,13,0,552,11462,13.76923076923077,19.3,3.4185882410916615,220.0,PG,0,0,0,-1.376923076923077,1.1,14.3,3.6999999999999997,22.25384615384616,0.4906923076923078,22.0
paddige01,Gerald Paddio,1991,1994,4,3,1,129,1625,11.366666666666667,16.3,3.5036488915922432,137.0,SF,0,0,0,-4.166666666666667,0.03333333333333332,0.09999999999999995,-1.3,23.733333333333334,0.442,25.0
padgesc01,Scott Padgett,2000,2007,8,8,0,448,5613,12.2875,17.6,3.960567352034302,127.0,PF,0,0,0,-1.05,1.6375,13.1,2.2,17.3625,0.495375,23.0
palacmi01,Milt Palacio,2000,2006,7,7,0,470,8421,9.828571428571427,12.5,1.8076933097295063,394.0,PG,0,0,0,-3.642857142857143,0.5571428571428572,3.9000000000000004,-3.4000000000000004,16.45714285714286,0.476,21.0
pargoja01,Jannero Pargo,2003,2014,12,10,2,499,7449,11.679999999999998,18.9,3.019536388255654,242.0,PG,0,0,0,-2.3500000000000005,0.4699999999999999,4.699999999999999,-0.7999999999999998,23.660000000000004,0.4821,23.0
parisro01,Robert Parish,1980,1997,18,18,0,1376,39940,18.572222222222223,25.2,3.5527462860214922,406.0,C,9,2,1,1.1777777777777776,7.283333333333333,131.1,36.50000000000001,20.822222222222223,0.5709444444444444,26.0
parkean01,Anthony Parker,1998,2012,15,8,7,494,13752,12.0,14.5,1.909842925478428,185.0,SG,0,0,0,-0.42500000000000004,3.0625,24.5,6.0,15.712499999999999,0.533375,22.0
parkesm01,Smush Parker,2003,2008,6,5,1,274,7069,9.860000000000001,13.4,2.8534890923218894,144.0,PG,0,0,0,-3.3600000000000003,1.5,7.5,0.5,19.22,0.502,21.0
parkeso01,Sonny Parker,1980,1982,3,3,0,226,5065,14.033333333333333,16.2,1.5584892970081277,899.0,SF,0,0,0,0.9333333333333332,3.5666666666666664,10.7,4.2,16.400000000000002,0.5263333333333333,24.0
parketo01,Tony Parker,2002,2019,18,18,0,1254,38279,17.849999999999998,23.4,3.4764685146472036,1003.0,PG,6,4,1,0.7222222222222221,6.177777777777778,111.2,30.3,24.86111111111111,0.5410555555555556,19.0
parksch02,Cherokee Parks,1996,2003,8,8,0,472,7459,11.5125,13.6,1.9374193531602806,234.0,C,0,0,0,-2.5500000000000003,1.45,11.6,-0.6,14.5125,0.48587500000000006,23.0
pattepa01,Patrick Patterson,2011,2021,11,11,0,719,14923,12.227272727272727,16.7,2.515439925048683,582.0,PF,0,0,0,-0.2454545454545455,2.881818181818182,31.7,7.500000000000001,14.436363636363636,0.543,21.0
patteru01,Ruben Patterson,1999,2008,10,10,0,649,15955,16.19,19.3,2.5645467435786777,144.0,SF,0,0,0,-0.06999999999999998,3.5200000000000005,35.2,11.000000000000002,21.169999999999998,0.5429999999999999,23.0
paulch01,Chris Paul,2006,2026,21,21,0,1370,45836,22.414285714285715,30.0,5.108096814002695,228.0,PG,12,11,5,5.8238095238095235,10.252380952380953,215.3,98.7,22.057142857142857,0.5717142857142856,20.0
paultbi01,Billy Paultz,1980,1985,6,6,0,396,6335,9.266666666666667,13.9,3.2273139846559022,370.0,C,0,0,0,-3.1166666666666667,1.2333333333333332,7.3999999999999995,0.4,14.433333333333335,0.45599999999999996,31.0
pavloal01,Sasha Pavlović,2004,2013,10,10,0,567,8888,7.6800000000000015,12.1,1.8755265927200284,362.0,SG,0,0,0,-3.46,0.68,6.800000000000001,-3.0,16.23,0.4791,20.0
paxsoji02,Jim Paxson,1980,1990,11,11,0,784,21357,14.863636363636362,20.1,3.720281691991696,801.0,SG,2,1,0,-0.3727272727272727,4.890909090909091,53.8,13.4,20.90909090909091,0.533,22.0
paxsojo01,John Paxson,1984,1994,11,11,0,772,17257,11.645454545454545,14.0,1.6272473334737776,343.0,PG,0,0,0,-1.4363636363636365,3.3000000000000003,36.300000000000004,3.0,13.654545454545454,0.5376363636363637,23.0
payneke01,Kenny Payne,1990,1993,4,4,0,144,1167,11.075,14.2,2.41699710384601,154.0,SF,0,0,0,-4.324999999999999,-0.024999999999999994,-0.09999999999999998,-0.9,24.199999999999996,0.45975,23.0
paytoga01,Gary Payton,1991,2007,17,17,0,1335,47117,18.25294117647059,23.6,4.464515999992257,1503.0,PG,9,9,1,2.8882352941176466,8.558823529411766,145.50000000000003,62.4,21.876470588235293,0.5214705882352941,22.0
pecheol01,Oleksiy Pecherov,2008,2010,3,3,0,111,1044,12.033333333333333,14.5,2.000555478416488,277.0,C,0,0,0,-4.833333333333333,0.19999999999999998,0.6,-0.8,21.833333333333332,0.48266666666666663,22.0
peelean01,Anthony Peeler,1993,2005,13,13,0,827,20464,12.823076923076922,15.0,1.3261592004175335,529.0,SG,0,0,0,-0.7615384615384614,2.384615384615384,30.999999999999996,6.7,18.93846153846154,0.5161538461538462,23.0
pekovni01,Nikola Peković,2011,2016,6,6,0,271,6744,16.099999999999998,21.4,5.514828495368947,156.0,C,0,0,0,-2.25,3.1333333333333333,18.8,2.3,21.549999999999997,0.5491666666666666,25.0
pellosa01,Sam Pellom,1980,1982,3,3,0,196,2911,10.466666666666667,11.7,0.9463379711052256,373.0,PF,0,0,0,-2.0,1.5666666666666667,4.7,0.2,14.800000000000002,0.4936666666666667,28.0
pendeje02,Jeff Ayres,2010,2016,7,6,1,237,2322,12.299999999999999,14.5,2.157931107951935,106.0,C,0,0,0,-2.866666666666667,1.0666666666666667,6.4,-0.1,14.91666666666667,0.5801666666666666,22.0
perduwi01,Will Perdue,1989,2000,12,12,0,792,12360,12.383333333333333,16.7,3.299705374053198,190.0,C,0,0,0,-2.816666666666667,2.175,26.099999999999998,-0.30000000000000016,15.899999999999999,0.5240833333333333,23.0
perkike01,Kendrick Perkins,2005,2016,12,12,0,782,17162,10.1,15.0,2.911471563774352,542.0,C,0,0,0,-2.466666666666667,2.308333333333333,27.7,0.5000000000000001,13.266666666666666,0.536,20.0
perkisa01,Sam Perkins,1985,2001,17,17,0,1286,36598,15.141176470588237,17.6,1.8983146777910547,789.0,PF,0,0,0,1.1588235294117646,6.194117647058825,105.30000000000001,29.099999999999998,17.841176470588238,0.5494705882352942,23.0
perryel01,Elliot Perry,1992,2001,10,9,1,549,9501,13.11111111111111,17.3,2.695858735354591,290.0,PG,0,0,0,-1.4111111111111112,1.5666666666666667,14.1,3.7000000000000006,18.988888888888894,0.4956666666666666,22.0
perryti01,Tim Perry,1989,1996,8,8,0,481,9436,12.175,14.4,2.394133454926855,254.0,PF,0,0,0,-1.3750000000000002,1.8125,14.5,1.5,15.55,0.519,23.0
persoch01,Chuck Person,1987,2000,14,13,1,943,28941,12.615384615384615,16.6,3.21937551370213,340.0,SF,0,0,0,-1.123076923076923,2.984615384615385,38.800000000000004,8.999999999999998,21.346153846153847,0.5186923076923077,22.0
persowe01,Wesley Person,1995,2005,11,11,0,733,20727,13.745454545454544,16.3,1.590519432800399,667.0,SG,0,0,0,0.5545454545454545,3.9909090909090907,43.9,15.2,17.272727272727273,0.5555454545454545,23.0
peterji01,Jim Petersen,1985,1992,8,8,0,491,9802,10.2,12.7,1.7909494688572316,169.0,PF,0,0,0,-3.15,1.6999999999999997,13.599999999999998,-1.6,15.0625,0.521,22.0
petermo01,Morris Peterson,2001,2010,10,10,0,711,19366,12.819999999999999,15.3,1.9145756710038915,515.0,SG,0,0,0,-0.6599999999999999,3.5699999999999994,35.699999999999996,7.7,18.65,0.5267999999999999,23.0
petrodr01,Dražen Petrović,1990,1993,4,4,0,290,7669,16.3,17.3,0.7035623639735147,967.0,SG,0,1,0,0.6000000000000001,5.35,21.4,5.3,23.725,0.58525,25.0
petrojo01,Johan Petro,2006,2013,8,8,0,473,7262,10.25,11.6,0.9630680142129111,352.0,C,0,0,0,-4.6125,0.7000000000000001,5.6000000000000005,-4.7,16.424999999999997,0.483625,20.0
pheglro01,Roger Phegley,1980,1983,4,4,0,316,5650,13.625,14.3,0.6259992012774458,599.0,SG,0,0,0,-1.975,2.1750000000000003,8.700000000000001,0.30000000000000004,22.6,0.518,23.0
phillbo01,Bobby Phills,1993,2000,8,8,0,467,13426,14.087499999999999,16.8,1.3157103594636628,139.0,SG,0,0,0,-0.5999999999999999,3.4,27.2,7.5,21.987499999999997,0.5189999999999999,23.0
piatker01,Eric Piatkowski,1995,2008,14,13,1,789,14613,12.930769230769231,18.2,3.2739965263325903,113.0,SG,0,0,0,-0.19230769230769226,2.384615384615385,31.000000000000004,7.800000000000001,17.79230769230769,0.5566923076923076,24.0
piercpa01,Paul Pierce,1999,2017,19,19,0,1343,45880,18.557894736842105,23.6,4.502901496108539,277.0,SF,10,4,0,2.9894736842105263,7.905263157894736,150.2,65.6,25.705263157894734,0.5656315789473684,21.0
piercri01,Ricky Pierce,1983,1998,16,16,0,969,23665,16.39375,21.9,4.046212542304223,265.0,SG,1,0,0,0.2749999999999999,4.50625,72.1,18.5,24.1375,0.5558125,23.0
pietrmi01,Mickaël Piétrus,2004,2013,10,10,0,557,11950,11.059999999999999,14.2,2.3572017308664948,386.0,SF,0,0,0,-1.27,1.97,19.7,3.2,18.0,0.5306000000000001,21.0
pincked01,Ed Pinckney,1986,1997,12,12,0,793,15698,13.991666666666669,17.2,2.1461043518172382,151.0,PF,0,0,0,-0.016666666666666625,3.5583333333333336,42.7,9.200000000000001,13.483333333333333,0.594,22.0
pippesc01,Scottie Pippen,1988,2004,17,17,0,1178,41069,17.941176470588236,23.2,3.3633069901563553,412.0,SF,7,7,2,3.5764705882352943,7.358823529411765,125.10000000000001,63.20000000000001,22.08823529411765,0.5280588235294118,22.0
pittmch01,Charles Pittman,1983,1986,4,4,0,234,3292,9.375,11.3,1.6783548492497053,170.0,PF,0,0,0,-3.4499999999999997,1.05,4.2,-0.6,15.55,0.5945,24.0
planizo01,Zoran Planinić,2004,2006,3,3,0,148,1584,9.799999999999999,12.5,2.290560339014597,473.0,PG,0,0,0,-3.366666666666667,0.5333333333333333,1.6,-0.7,20.46666666666667,0.492,21.0
pollasc01,Scot Pollard,1998,2008,11,11,0,506,8372,12.79090909090909,18.0,3.127140589174527,109.0,C,0,0,0,-1.4363636363636365,2.4090909090909096,26.500000000000004,2.9,12.545454545454545,0.5265454545454545,22.0
polynol01,Olden Polynice,1988,2001,14,14,0,1058,24884,12.821428571428571,15.8,2.001134882092291,835.0,C,0,0,0,-2.4928571428571433,3.357142857142857,47.0,-1.7,15.75,0.5167857142857144,23.0
pondequ01,Quincy Pondexter,2011,2019,9,7,2,355,5530,9.471428571428572,13.2,2.618458808271049,196.0,SF,0,0,0,-2.4,1.3857142857142861,9.700000000000003,0.30000000000000004,14.442857142857141,0.5247142857142858,22.0
popema01,Mark Pope,1998,2002,5,3,2,153,1634,5.966666666666666,7.3,1.8153665072253469,193.0,PF,0,0,0,-4.8999999999999995,0.46666666666666673,1.4000000000000001,-0.7,11.833333333333334,0.4386666666666667,25.0
poquebe01,Ben Poquette,1980,1987,8,8,0,590,13800,12.1125,14.0,1.5078440735036232,604.0,PF,0,0,0,-0.65,3.4000000000000004,27.200000000000003,5.1000000000000005,12.8125,0.5385,24.0
porteke01,Kevin Porter,1980,1983,4,3,1,162,4281,12.566666666666665,16.2,3.2065904356843298,210.0,PG,0,0,0,-0.8333333333333334,2.8000000000000003,8.4,2.6,16.366666666666667,0.5420000000000001,29.0
portete01,Terry Porter,1986,2002,17,17,0,1274,35354,16.69411764705882,21.7,2.0302044487701796,770.0,PG,2,0,0,2.5294117647058822,6.494117647058823,110.39999999999999,43.300000000000004,19.005882352941175,0.5716470588235294,22.0
poseyja01,James Posey,2000,2011,12,12,0,864,23260,11.891666666666666,18.8,2.7472587347309605,839.0,SF,0,0,0,0.15,4.3083333333333345,51.70000000000001,13.899999999999999,15.075000000000001,0.5403333333333332,23.0
potapvi01,Vitaly Potapenko,1997,2006,10,10,0,610,11608,11.34,14.5,2.284381754435979,335.0,C,0,0,0,-4.14,1.56,15.6,-5.700000000000001,17.57,0.5199,21.0
powele01,Leon Powe,2007,2011,5,5,0,239,3320,15.580000000000002,20.9,3.497656358191868,236.0,C,0,0,0,-2.62,2.4,12.0,0.3999999999999999,20.160000000000004,0.5616,23.0
poweljo01,Josh Powell,2006,2011,6,6,0,316,3966,9.016666666666667,10.7,1.3158225142050461,353.0,PF,0,0,0,-5.75,0.4166666666666667,2.5,-3.8,17.450000000000003,0.49066666666666664,23.0
pressha01,Harold Pressley,1987,1990,4,4,0,299,6802,13.475000000000001,15.7,1.4497844667397972,913.0,SF,0,0,0,0.125,2.5,10.0,3.9000000000000004,18.425,0.50075,23.0
presspa01,Paul Pressey,1983,1993,11,11,0,724,19659,14.172727272727274,18.6,3.4443869778078886,268.0,SG,0,0,0,1.581818181818182,4.472727272727273,49.199999999999996,22.900000000000002,17.763636363636365,0.5319090909090909,24.0
priceaj01,A.J. Price,2010,2015,6,5,1,261,3929,12.120000000000001,14.0,1.0979981785048645,324.0,PG,0,0,0,-1.28,0.9400000000000001,4.7,0.7,20.72,0.47800000000000004,23.0
pricebr01,Brent Price,1993,2000,8,7,1,418,7007,12.485714285714286,17.5,2.7720176104514667,390.0,PG,0,0,0,-1.5714285714285714,1.7285714285714284,12.1,2.4,18.057142857142857,0.5565714285714287,24.0
pricema01,Mark Price,1987,1998,12,12,0,722,21560,18.508333333333336,22.7,4.1923458694254805,127.0,PG,4,4,0,2.966666666666667,5.925,71.1,31.200000000000003,23.025000000000002,0.5674166666666667,22.0
pricero01,Ronnie Price,2006,2017,12,12,0,544,7293,8.841666666666667,12.3,1.9968551663942873,134.0,PG,0,0,0,-3.0749999999999997,0.3166666666666667,3.8000000000000003,-1.6000000000000003,16.275,0.44533333333333336,22.0
princta01,Tayshaun Prince,2003,2016,14,14,0,1017,31576,13.178571428571429,16.2,2.917968611264784,435.0,SF,0,0,0,3.172065784643304e-17,4.499999999999999,62.99999999999999,18.100000000000005,17.264285714285716,0.5095,22.0
pritcke01,Kevin Pritchard,1991,1995,5,3,2,94,1125,9.200000000000001,12.6,2.453568829277059,136.0,PG,0,0,0,-3.1999999999999997,0.06666666666666667,0.2,-0.6,15.133333333333333,0.5146666666666667,23.0
profila01,Laron Profit,2000,2006,7,4,3,135,1537,9.850000000000001,11.8,3.1484122982862326,225.0,SG,0,0,0,-2.625,0.175,0.7,0.0,16.95,0.47375,22.0
przybjo01,Joel Przybilla,2001,2012,12,12,0,592,11733,10.000000000000002,15.5,3.6921087019028387,270.0,C,0,0,0,-3.0333333333333337,1.9249999999999998,23.099999999999998,0.7000000000000001,9.675,0.5158333333333334,21.0
quinnbr01,Brian Quinnett,1990,1992,3,3,0,138,1530,7.333333333333333,9.1,2.4280765135299087,193.0,SG,0,0,0,-4.366666666666667,0.26666666666666666,0.8,-0.6,16.599999999999998,0.4206666666666667,23.0
quinnch01,Chris Quinn,2007,2011,5,5,0,241,3303,11.16,13.8,2.372846391994223,223.0,PG,0,0,0,-2.04,1.1,5.5,0.49999999999999994,16.82,0.49639999999999995,23.0
radjadi01,Dino Radja,1994,1997,4,4,0,224,7308,16.674999999999997,18.2,2.3551804601770963,874.0,PF,0,0,0,-0.7749999999999999,3.5500000000000003,14.200000000000001,2.9999999999999996,23.174999999999997,0.5265000000000001,26.0
radmavl01,Vladimir Radmanović,2002,2013,12,12,0,737,16164,11.766666666666667,15.1,2.38059282999471,144.0,PF,0,0,0,-0.7916666666666666,2.208333333333334,26.500000000000007,7.5,17.508333333333333,0.517,21.0
rambiku01,Kurt Rambis,1982,1995,14,14,0,880,16299,12.542857142857143,16.1,1.7528402607173985,195.0,PF,0,0,0,-0.4071428571428571,2.7428571428571433,38.400000000000006,8.0,12.171428571428573,0.5680714285714286,23.0
randama01,Mark Randall,1992,1994,3,3,0,127,883,11.800000000000002,12.3,0.4546060565661958,155.0,PF,0,0,0,-3.0,0.3333333333333333,1.0,-0.2,19.1,0.5013333333333334,24.0
randoan01,Anthony Randolph,2009,2014,6,6,0,252,3841,16.2,18.7,2.0436894741292444,329.0,PF,0,0,0,-1.5999999999999999,0.9666666666666667,5.8,0.5,22.916666666666668,0.5161666666666667,19.0
randosh01,Shavlik Randolph,2006,2015,10,4,6,146,1202,12.75,15.9,3.43693177121688,126.0,PF,0,0,0,-3.1500000000000004,0.55,2.2,-0.2,15.75,0.46775,22.0
randoza01,Zach Randolph,2002,2018,17,17,0,1116,34616,19.05294117647059,22.8,1.725626108729243,238.0,PF,2,1,0,-0.0705882352941176,4.782352941176471,81.30000000000001,19.0,26.37058823529412,0.519235294117647,20.0
ranseke01,Kelvin Ransey,1981,1986,6,6,0,474,11586,14.699999999999998,16.5,1.502220578565833,1504.0,PG,0,0,0,-0.8666666666666667,2.983333333333333,17.9,3.4,21.61666666666667,0.5001666666666668,22.0
rasmubl01,Blair Rasmussen,1986,1993,8,8,0,532,11409,11.987499999999999,16.0,3.663822286902027,283.0,C,0,0,0,-4.2625,2.3875,19.1,-3.4000000000000004,19.125,0.48550000000000004,23.0
ratlith01,Theo Ratliff,1996,2010,15,13,2,810,20500,13.838461538461537,16.9,2.38086553800486,437.0,C,1,0,0,-0.19999999999999998,3.6769230769230763,47.79999999999999,10.299999999999999,13.600000000000001,0.548923076923077,22.0
rayja01,James Ray,1981,1983,3,3,0,103,843,8.766666666666666,11.9,3.3028607129106864,148.0,PF,0,0,0,-5.0,-0.09999999999999999,-0.3,-0.6,20.133333333333336,0.4363333333333333,23.0
rebraze01,Željko Rebrača,2002,2006,5,5,0,215,3280,13.080000000000002,16.2,2.179357703544785,273.0,C,0,0,0,-2.5800000000000005,1.64,8.2,-0.20000000000000004,18.06,0.5772,29.0
recasel01,Eldridge Recasner,1996,2001,6,5,1,296,5121,10.82,13.0,2.401166383239612,403.0,SG,0,0,0,-1.9,1.7600000000000002,8.8,0.9999999999999998,17.16,0.5276000000000001,28.0
reddmi01,Michael Redd,2002,2012,11,11,0,629,20104,17.736363636363635,22.3,3.8826590530606793,134.0,SG,1,1,0,1.2636363636363637,5.081818181818182,55.9,21.499999999999996,25.29090909090909,0.5419090909090909,22.0
redicjj01,JJ Redick,2007,2021,15,15,0,940,23964,14.306666666666668,17.5,2.1650147548894183,276.0,SG,0,0,0,0.28666666666666674,4.246666666666667,63.7,16.099999999999998,20.219999999999995,0.5944,22.0
reedju01,Justin Reed,2005,2007,3,3,0,136,1436,9.3,13.7,3.179098404684363,121.0,SF,0,0,0,-5.0,0.16666666666666666,0.49999999999999994,-1.4,18.266666666666666,0.49466666666666664,23.0
reevebr01,Bryant Reeves,1996,2001,6,6,0,395,12071,13.133333333333333,17.3,2.3661971365228402,702.0,C,0,0,0,-3.8000000000000003,2.1666666666666665,13.0,-4.4,20.900000000000002,0.504,22.0
reevekh01,Khalid Reeves,1995,1999,5,5,0,277,5837,11.8,16.9,3.276583586603583,112.0,PG,0,0,0,-2.2199999999999998,1.6800000000000002,8.4,0.9999999999999999,18.080000000000002,0.5162000000000001,22.0
reiddo01,Don Reid,1996,2002,7,7,0,403,5374,11.77142857142857,13.1,0.9176278201572415,462.0,PF,0,0,0,-2.3714285714285714,1.9571428571428569,13.699999999999998,-0.1999999999999999,13.642857142857142,0.5625714285714285,22.0
reidjr01,J.R. Reid,1990,2000,11,10,1,672,15370,11.96,14.7,1.773245611865429,602.0,PF,0,0,0,-2.7800000000000002,2.24,22.400000000000002,-3.6000000000000005,17.859999999999996,0.5274,21.0
reidro01,Robert Reid,1980,1990,11,10,1,757,21001,12.75,16.4,2.3044522125659275,980.0,SF,0,0,0,-1.17,3.3600000000000003,33.6,6.7,19.54,0.49160000000000004,24.0
respesh01,Shawn Respert,1996,1998,3,3,0,172,2350,11.533333333333333,12.3,0.6128258770283412,495.0,SG,0,0,0,-2.2333333333333334,0.6666666666666666,2.0,-0.3,17.966666666666665,0.523,23.0
restake01,Kevin Restani,1980,1982,3,3,0,193,3448,11.366666666666667,13.9,3.5122009560324927,483.0,SF,0,0,0,-1.9333333333333336,1.8666666666666665,5.6,0.49999999999999994,15.466666666666669,0.49600000000000005,28.0
reynoje01,Jerry Reynolds,1986,1996,11,8,3,443,8379,14.537500000000001,17.8,2.114200499006658,191.0,SF,0,0,0,0.75,1.3,10.4,5.5,22.6875,0.485875,23.0
ricegl01,Glen Rice,1990,2004,15,15,0,1000,34985,14.886666666666665,19.7,3.7563930690076734,262.0,SF,3,2,1,0.09333333333333318,5.913333333333333,88.7,24.799999999999997,21.88,0.5364,22.0
richacl01,Clint Richardson,1980,1987,8,8,0,586,11818,10.9375,12.8,1.2902882429906894,988.0,SG,0,0,0,-1.5875000000000001,2.0875,16.7,1.5999999999999999,16.8125,0.49824999999999997,23.0
richaja01,Jason Richardson,2002,2015,14,13,1,857,29241,15.646153846153844,19.2,2.3160361976098414,416.0,SG,0,0,0,0.9230769230769229,4.546153846153846,59.099999999999994,23.900000000000002,22.77692307692308,0.5206923076923077,21.0
richami01,Michael Ray Richardson,1980,1986,7,7,0,484,17371,16.900000000000002,19.8,1.7784423361068369,1285.0,PG,4,0,0,2.585714285714286,4.971428571428571,34.8,20.9,21.8,0.49871428571428567,24.0
richapo01,Pooh Richardson,1990,1999,10,10,0,639,19399,13.9,18.1,2.52744930710786,130.0,PG,0,0,0,-0.6599999999999999,2.6799999999999997,26.799999999999997,10.4,18.34,0.4676,23.0
richaqu01,Quentin Richardson,2001,2012,12,12,0,783,20785,12.399999999999999,17.4,3.0315012782448236,866.0,SF,0,0,0,-0.5499999999999999,2.733333333333334,32.800000000000004,8.6,18.691666666666666,0.49924999999999997,20.0
richmmi01,Mitch Richmond,1989,2002,14,14,0,976,34309,16.97142857142857,21.6,2.504404283722285,709.0,SG,6,5,0,1.0000000000000002,5.6642857142857155,79.30000000000001,29.299999999999997,25.478571428571428,0.55,23.0
rideris01,Isaiah Rider,1994,2002,9,9,0,563,17851,14.655555555555557,16.3,1.3284168615403416,173.0,SG,0,0,0,-1.1111111111111112,2.5444444444444447,22.900000000000002,4.6,25.877777777777776,0.5223333333333334,22.0
ridnolu01,Luke Ridnour,2004,2015,12,12,0,830,21623,13.325000000000001,17.7,2.3299231031659966,683.0,PG,0,0,0,-1.0333333333333334,3.0083333333333333,36.1,7.5,18.075000000000003,0.5129166666666667,22.0
rileyer01,Eric Riley,1994,1999,6,5,1,186,1844,12.62,14.7,1.26554336156451,219.0,C,0,0,0,-3.72,0.5,2.5,-0.7999999999999999,16.8,0.5184,23.0
riverda01,David Rivers,1989,1992,4,3,1,114,1286,9.100000000000001,9.9,1.0614455552060442,122.0,PG,0,0,0,-4.033333333333333,-0.10000000000000002,-0.30000000000000004,-0.7000000000000001,18.466666666666665,0.4603333333333333,24.0
riverdo01,Doc Rivers,1984,1996,13,13,0,864,23567,15.815384615384614,20.4,3.0477851110011405,499.0,PG,1,0,0,2.746153846153846,5.246153846153846,68.2,30.700000000000003,18.038461538461537,0.5282307692307692,22.0
roberal01,Alvin Robertson,1985,1996,12,10,2,779,24669,16.779999999999994,19.5,2.4011663832396124,1685.0,SG,4,1,0,2.4,5.22,52.199999999999996,28.3,20.45,0.5277000000000001,22.0
roberan01,Anthony Roberts,1980,1984,5,3,2,68,1033,7.3999999999999995,9.3,1.358921140709301,197.0,SF,0,0,0,-6.566666666666667,-0.10000000000000002,-0.30000000000000004,-1.2000000000000002,20.8,0.4136666666666667,24.0
roberfr01,Fred Roberts,1984,1996,13,12,1,818,14703,12.35,15.5,1.6660832312142555,223.0,PF,0,0,0,-1.8833333333333335,2.1916666666666664,26.299999999999997,1.5,18.191666666666666,0.5593333333333333,23.0
roberst01,Stanley Roberts,1992,1998,7,6,1,300,5869,13.049999999999999,16.3,2.4655966147500012,350.0,C,0,0,0,-3.5666666666666664,1.366666666666667,8.200000000000001,-1.8,20.816666666666666,0.49733333333333335,21.0
robeyri01,Rick Robey,1980,1986,7,6,1,414,7061,11.4,15.4,3.4326860231214473,629.0,C,0,0,0,-2.6,2.1333333333333333,12.8,0.09999999999999987,18.266666666666666,0.5198333333333333,24.0
robinbe01,Bernard Robinson,2005,2007,3,3,0,128,1909,9.799999999999999,12.0,1.7962924780409975,278.0,SG,0,0,0,-2.3,0.7000000000000001,2.1,0.0,15.633333333333335,0.4713333333333333,24.0
robinbi01,Bill Robinzine,1980,1982,3,3,0,215,4584,13.800000000000002,15.3,1.7795130420052185,651.0,PF,0,0,0,-3.0666666666666664,2.533333333333333,7.6,-0.3,23.133333333333336,0.5233333333333333,27.0
robincl01,Cliff Robinson,1980,1989,10,10,0,629,19284,16.689999999999998,18.3,1.3307516672918358,416.0,PF,0,0,0,-0.8400000000000001,3.06,30.6,6.800000000000001,26.079999999999995,0.506,19.0
robincl02,Clifford Robinson,1990,2007,18,18,0,1380,42561,13.988888888888887,18.8,3.6103076029134025,955.0,PF,1,0,0,0.13333333333333325,4.977777777777778,89.6,26.6,21.766666666666666,0.5049444444444444,23.0
robinda01,David Robinson,1990,2003,14,14,0,987,34271,26.050000000000004,31.0,3.6566475669076213,147.0,C,10,10,5,7.092857142857143,12.77142857142857,178.79999999999998,82.10000000000001,26.08571428571429,0.5764285714285714,24.0
robined01,Eddie Robinson,2000,2004,5,5,0,278,5345,13.86,17.9,2.7702707448911914,653.0,SF,0,0,0,-0.47999999999999987,2.04,10.200000000000001,2.2999999999999994,17.68,0.529,23.0
robingl01,Glenn Robinson,1995,2005,11,11,0,688,25346,17.49090909090909,20.1,1.5102405259696192,157.0,SF,2,0,0,0.1636363636363636,3.6090909090909093,39.7,13.4,28.136363636363637,0.5268181818181819,22.0
robinja02,James Robinson,1994,1999,6,6,0,381,6935,11.149999999999999,12.7,1.0177589760514685,506.0,PG,0,0,0,-2.0500000000000003,0.9500000000000001,5.7,0.2,21.7,0.4861666666666667,23.0
robinna01,Nate Robinson,2006,2015,10,10,0,618,13878,14.99,18.9,2.8682573106330604,591.0,PG,0,0,0,0.029999999999999936,2.79,27.900000000000002,8.5,23.419999999999998,0.5239,21.0
robinru01,Rumeal Robinson,1991,1997,7,6,1,336,6098,11.450000000000001,14.9,2.789115749958518,396.0,PG,0,0,0,-2.5500000000000003,0.85,5.1,0.9,21.5,0.47350000000000003,24.0
robintr01,Truck Robinson,1980,1984,5,5,0,386,13139,13.48,16.1,2.4252010225958593,2135.0,PF,1,0,0,-1.4200000000000002,5.4,27.0,2.2,19.96,0.5278,28.0
robisda01,Dave Robisch,1980,1984,5,5,0,270,6094,13.2,17.9,4.294182110716777,257.0,C,0,0,0,-1.48,2.8,14.0,2.900000000000001,17.42,0.5069999999999999,30.0
rochejo01,John Roche,1980,1982,3,3,0,147,3398,12.933333333333332,13.9,0.8653836657164778,501.0,PG,0,0,0,-1.2666666666666666,1.8666666666666665,5.6,0.7999999999999999,15.966666666666669,0.5553333333333333,30.0
rodmade01,Dennis Rodman,1987,2000,14,14,0,911,28839,13.957142857142857,17.4,2.769918587177579,389.0,PF,2,2,0,0.46428571428571425,6.414285714285713,89.79999999999998,21.2,11.278571428571428,0.5253571428571429,25.0
rodrise01,Sergio Rodríguez,2007,2017,11,5,6,353,5281,12.3,14.8,2.0909328061896204,628.0,PG,0,0,0,-2.04,0.86,4.3,5.551115123125783e-17,19.44,0.48900000000000005,20.0
rogerca01,Carlos Rogers,1995,2002,8,7,1,298,5654,15.214285714285717,18.1,1.7074865165153235,168.0,C,0,0,0,-0.8714285714285713,1.5714285714285714,11.0,1.5,16.62857142857143,0.569,23.0
rogerro01,Rodney Rogers,1994,2005,12,12,0,866,21873,14.149999999999999,17.1,2.173898188355042,968.0,SF,0,0,0,-0.425,3.233333333333333,38.8,9.8,21.475000000000005,0.5199999999999999,22.0
rogerro02,Roy Rogers,1997,2000,4,3,1,137,2309,9.799999999999999,12.6,3.1496031496047245,106.0,PF,0,0,0,-4.766666666666667,0.5666666666666665,1.6999999999999997,-1.0,14.300000000000002,0.43333333333333335,23.0
rollitr01,Tree Rollins,1980,1995,16,16,0,995,20333,11.368749999999999,18.9,3.572065010256672,202.0,C,0,0,0,-0.3374999999999999,3.26875,52.3,15.3,10.46875,0.536625,24.0
romarlo01,Lorenzo Romar,1981,1984,4,4,0,291,5188,12.974999999999998,14.8,1.8793283374652767,726.0,PG,0,0,0,-0.6000000000000001,2.0500000000000003,8.200000000000001,1.9000000000000001,16.45,0.50225,22.0
rondora01,Rajon Rondo,2007,2022,16,16,0,957,28571,15.15625,19.1,2.478903172271963,698.0,PG,4,1,0,0.70625,3.85625,61.7,23.5,18.69375,0.49806249999999996,20.0
rooksse01,Sean Rooks,1993,2004,12,12,0,749,13560,11.375,14.7,2.739867697535777,315.0,C,0,0,0,-3.391666666666667,1.3583333333333334,16.3,-3.2,16.816666666666666,0.5034166666666667,23.0
rosede01,Derrick Rose,2009,2024,16,15,1,723,22054,16.5,23.5,4.183618848158454,311.0,PG,3,1,1,0.2133333333333333,2.973333333333333,44.599999999999994,18.199999999999996,27.14666666666667,0.5194,20.0
roseja01,Jalen Rose,1995,2007,13,13,0,923,27925,14.93846153846154,17.8,1.5224163291589923,246.0,SF,0,0,0,-0.2076923076923077,3.630769230769231,47.2,12.099999999999996,23.130769230769236,0.5352307692307693,22.0
rosema01,Malik Rose,1997,2009,13,13,0,813,13404,12.438461538461537,19.7,3.9854617455752583,429.0,PF,0,0,0,-2.8307692307692305,2.0384615384615388,26.500000000000004,-0.3999999999999999,20.376923076923074,0.49400000000000005,22.0
rossqu01,Quinton Ross,2005,2011,7,7,0,458,8458,6.857142857142857,10.5,2.4824280411709494,353.0,SF,0,0,0,-3.642857142857143,1.1,7.7,-2.0,11.685714285714285,0.45457142857142857,23.0
rothsc01,Scott Roth,1988,1990,3,3,0,160,1798,9.833333333333334,11.7,1.6438437341250602,201.0,SF,0,0,0,-3.6666666666666665,0.3666666666666667,1.1,-0.7,20.866666666666667,0.467,24.0
roundda01,Dan Roundfield,1980,1987,8,8,0,526,16836,17.099999999999998,20.7,3.3514922049737783,669.0,PF,3,1,1,0.8625,5.6875,45.5,14.3,21.55,0.535875,26.0
royaldo01,Donald Royal,1990,1998,9,8,1,504,8442,12.2875,15.2,2.3798306137202285,323.0,SF,0,0,0,-2.0,2.3875,19.1,0.8999999999999999,16.8,0.5606249999999999,23.0
roybr01,Brandon Roy,2007,2013,7,6,1,326,11561,17.483333333333334,24.0,5.134009695701359,122.0,SG,3,2,0,1.9666666666666668,6.25,37.5,16.2,23.633333333333336,0.5131666666666667,22.0
roziecl01,Clifford Rozier,1995,1997,3,3,0,173,2984,12.200000000000001,14.5,1.6673332000533065,723.0,C,0,0,0,-2.9666666666666663,1.3333333333333333,4.0,-1.0,13.799999999999999,0.513,22.0
ruddde01,Delaney Rudd,1990,1992,3,3,0,239,2357,10.133333333333333,11.8,1.3097921802925672,538.0,PG,0,0,0,-3.6999999999999997,0.3333333333333333,1.0,-1.0,20.233333333333334,0.48733333333333334,27.0
ruffimi01,Michael Ruffin,2000,2008,9,8,1,414,5966,7.95,12.1,2.286372673034735,169.0,PF,0,0,0,-3.7750000000000004,0.825,6.6,-2.0,8.587499999999999,0.410625,23.0
rulanje01,Jeff Ruland,1982,1992,11,7,4,332,11088,16.714285714285715,20.0,4.5325579568995105,116.0,C,2,0,0,1.0428571428571427,4.8999999999999995,34.3,11.700000000000001,20.228571428571428,0.6205714285714287,23.0
rushbr01,Brandon Rush,2009,2017,9,8,1,481,10564,8.25,15.2,4.109136162260871,271.0,SG,0,0,0,-2.425,1.4,11.2,1.6,13.5125,0.49287500000000006,23.0
rushka01,Kareem Rush,2003,2009,7,6,1,346,5956,8.733333333333333,10.4,1.9110788110965553,199.0,SG,0,0,0,-3.4666666666666663,0.3,1.8,-1.7000000000000002,18.900000000000002,0.47433333333333333,22.0
russebr01,Bryon Russell,1994,2005,12,12,0,841,19805,12.025,15.1,1.8570249504696121,577.0,SF,0,0,0,-0.03333333333333338,3.958333333333334,47.50000000000001,11.899999999999999,15.858333333333333,0.5345833333333333,23.0
russeca02,Campy Russell,1980,1982,3,3,0,200,6578,14.133333333333335,16.2,1.4704496666741846,1331.0,SF,0,0,0,-0.6666666666666666,3.1,9.3,1.7,22.3,0.523,28.0
russewa01,Walker Russell,1983,1987,5,4,1,155,1767,8.2,9.5,1.6867127793432999,119.0,PG,0,0,0,-3.8000000000000003,-0.175,-0.7,-1.0,16.375,0.47225,22.0
sabonar01,Arvydas Sabonis,1996,2003,8,7,1,470,11375,21.0,24.7,1.7808505191139912,1209.0,C,0,0,0,4.3,6.728571428571429,47.1,18.400000000000002,22.728571428571428,0.5685714285714286,31.0
sallejo01,John Salley,1987,2000,14,11,3,748,16524,12.263636363636364,14.7,1.794067358253422,303.0,PF,0,0,0,0.03636363636363644,3.772727272727273,41.5,10.500000000000002,14.518181818181818,0.5544545454545454,22.0
salmojo01,John Salmons,2003,2015,13,13,0,895,23672,10.976923076923075,16.0,2.8703132624945438,270.0,SG,0,0,0,-1.2538461538461538,2.607692307692308,33.900000000000006,6.6000000000000005,15.861538461538462,0.5093846153846153,23.0
sampsja01,Jamal Sampson,2004,2007,4,3,1,72,631,12.633333333333335,15.0,1.6779617264870959,125.0,C,0,0,0,-2.6666666666666665,0.3666666666666667,1.1,-0.2,11.700000000000001,0.5356666666666666,20.0
sampsra01,Ralph Sampson,1984,1992,9,9,0,456,13591,12.566666666666666,20.1,5.093568929978709,108.0,C,4,1,0,-2.5,2.2222222222222223,20.0,4.9,21.211111111111112,0.46588888888888896,23.0
samuesa01,Samardo Samuels,2011,2013,3,3,0,109,1722,9.666666666666666,11.7,2.4635114955869164,196.0,C,0,0,0,-5.766666666666667,0.19999999999999998,0.6,-1.5999999999999999,19.3,0.4753333333333334,22.0
sandeje01,Jeff Sanders,1990,1993,4,3,1,55,462,7.733333333333334,13.8,4.6506869265613755,117.0,PF,0,0,0,-5.466666666666666,-0.06666666666666667,-0.19999999999999998,-0.5,15.299999999999999,0.412,24.0
sandela01,Larry Sanders,2011,2015,5,5,0,238,4635,14.440000000000001,18.7,2.5318767742526487,584.0,C,0,0,0,-1.6800000000000002,2.0599999999999996,10.299999999999999,1.2999999999999998,16.919999999999998,0.4838,22.0
sandemi01,Mike Sanders,1983,1993,11,11,0,648,12391,12.236363636363638,16.0,2.417087927566305,393.0,SF,0,0,0,-2.190909090909091,1.6363636363636365,18.0,-0.7999999999999999,19.10909090909091,0.5245454545454545,22.0
santida01,Daniel Santiago,2001,2005,5,3,2,122,1418,7.800000000000001,11.2,2.817800560721074,105.0,C,0,0,0,-5.266666666666667,0.6,1.7999999999999998,-0.6000000000000001,14.633333333333333,0.49666666666666665,24.0
scalabr01,Brian Scalabrine,2002,2012,11,10,1,520,6772,7.57,13.5,2.9899999999999998,122.0,PF,0,0,0,-2.62,0.74,7.4,-1.1,13.49,0.47940000000000005,23.0
schayda01,Danny Schayes,1982,1999,18,18,0,1138,21975,11.944444444444445,18.4,3.646493326505194,143.0,C,0,0,0,-2.783333333333333,2.6999999999999997,48.599999999999994,5.551115123125783e-17,16.37222222222222,0.5369999999999999,22.0
schefst01,Steve Scheffler,1991,1996,6,5,1,174,918,13.920000000000002,17.7,2.65058484112469,102.0,C,0,0,0,-1.6800000000000002,0.5399999999999999,2.6999999999999997,0.0,14.62,0.6068,23.0
schindw01,Dwayne Schintzius,1991,1997,7,6,1,217,1950,9.450000000000001,11.9,1.5195942440884236,116.0,C,0,0,0,-5.083333333333334,0.16666666666666666,1.0,-1.2000000000000002,17.883333333333336,0.4275,22.0
schoeru01,Russ Schoene,1983,1989,7,4,3,290,3548,10.675,13.5,2.742603689926782,579.0,PF,0,0,0,-3.625,1.15,4.6,-1.2000000000000002,19.700000000000003,0.47424999999999995,22.0
schrede01,Detlef Schrempf,1986,2001,16,16,0,1136,33597,16.325,20.3,3.0163098315657164,397.0,SF,3,1,0,1.1812500000000001,6.84375,109.5,32.3,19.868750000000002,0.5736875,23.0
scolalu01,Luis Scola,2008,2017,10,10,0,743,19001,15.85,18.4,1.6249615380063613,461.0,PF,0,0,0,-0.9400000000000001,4.569999999999999,45.699999999999996,6.300000000000001,22.04,0.5343,27.0
scottal01,Alvin Scott,1980,1985,6,6,0,465,7578,10.4,13.4,2.101586702153082,735.0,SF,0,0,0,-0.2333333333333334,2.45,14.700000000000001,4.0,12.6,0.5221666666666667,24.0
scottby01,Byron Scott,1984,1997,14,14,0,1073,30152,15.37857142857143,19.2,1.6983935987651775,1197.0,SG,0,0,0,0.6428571428571429,5.378571428571428,75.3,21.000000000000007,21.428571428571434,0.5551428571428572,22.0
scottde01,Dennis Scott,1991,2000,10,10,0,629,17983,13.11,16.3,2.1477662815120273,608.0,SF,0,0,0,-0.09000000000000005,3.3400000000000007,33.400000000000006,9.700000000000001,20.339999999999996,0.5258,22.0
scottsh01,Shawnelle Scott,1998,2002,5,3,2,105,634,12.366666666666667,14.5,1.613140484341715,144.0,C,0,0,0,-4.166666666666667,0.3666666666666667,1.1,-0.30000000000000004,16.966666666666665,0.4713333333333334,25.0
scurrca01,Carey Scurry,1986,1988,3,3,0,180,2376,14.366666666666667,18.3,2.8110891523077357,455.0,SF,0,0,0,2.1666666666666665,1.7666666666666668,5.300000000000001,2.2,16.933333333333334,0.5296666666666667,23.0
sealyma01,Malik Sealy,1993,2000,8,8,0,493,11720,13.1625,14.7,1.135712881849986,623.0,SF,0,0,0,-1.6625,2.1375,17.1,2.3,21.925,0.49274999999999997,22.0
sefolth01,Thabo Sefolosha,2007,2020,14,14,0,869,19062,11.471428571428573,15.8,1.8664054724938797,436.0,SG,0,0,0,0.4428571428571429,2.8071428571428574,39.300000000000004,12.5,13.02857142857143,0.5366428571428572,22.0
seikaro01,Rony Seikaly,1989,1998,10,10,0,678,21395,15.38,18.3,2.232397814010756,1035.0,C,0,0,0,-2.04,3.7600000000000002,37.6,0.8,22.259999999999998,0.5392,23.0
sellebr01,Brad Sellers,1987,1993,7,6,1,398,7154,11.000000000000002,13.7,1.970617500514327,226.0,PF,0,0,0,-2.5500000000000003,1.633333333333333,9.799999999999999,-0.39999999999999997,17.833333333333336,0.49266666666666675,24.0
serapke01,Kevin Séraphin,2011,2017,7,7,0,423,6430,12.1,15.8,2.32747564050472,526.0,C,0,0,0,-4.328571428571428,0.8428571428571429,5.9,-3.7000000000000006,20.0,0.5097142857142858,21.0
sesayan01,Ansu Sesay,2002,2005,4,4,0,127,1301,12.350000000000001,15.5,3.721894678789286,128.0,SF,0,0,0,-2.475,0.35000000000000003,1.4000000000000001,-0.4,17.8,0.48075,25.0
sessira01,Ramon Sessions,2008,2018,11,11,0,691,16119,15.154545454545454,19.0,2.641405836555305,392.0,PG,0,0,0,-1.1181818181818182,2.618181818181818,28.8,5.300000000000001,21.227272727272727,0.5214545454545455,21.0
shackch01,Charles Shackleford,1989,1999,11,6,5,303,4614,13.566666666666668,16.6,1.4895935314336224,239.0,C,0,0,0,-2.716666666666667,1.2333333333333334,7.4,-1.0999999999999999,16.933333333333334,0.5288333333333334,22.0
shawbr01,Brian Shaw,1989,2003,15,13,2,943,21666,11.430769230769231,15.5,1.5953705214124136,631.0,PG,0,0,0,-1.1307692307692307,1.8153846153846158,23.600000000000005,5.4,17.00769230769231,0.4650769230769231,22.0
sheltlo01,Lonnie Shelton,1980,1986,7,7,0,433,11949,12.1,16.8,2.702379903503048,440.0,PF,1,0,0,-1.4285714285714286,3.1,21.7,3.9000000000000004,18.571428571428573,0.5052857142857143,24.0
shortpu01,Purvis Short,1980,1990,11,11,0,767,22846,16.963636363636365,19.1,2.418591899610082,950.0,SF,0,0,0,0.07272727272727275,4.409090909090909,48.5,12.3,25.345454545454547,0.5238181818181818,22.0
sichtje01,Jerry Sichting,1981,1990,10,10,0,598,12732,10.790000000000001,13.9,1.8774717041809177,390.0,PG,0,0,0,-1.9600000000000002,2.12,21.2,1.4000000000000001,13.65,0.5233000000000001,24.0
sikmaja01,Jack Sikma,1980,1991,12,12,0,943,31747,17.499999999999996,20.6,2.1594752448994026,1940.0,C,6,0,0,2.141666666666667,8.183333333333334,98.2,34.0,20.841666666666665,0.5415833333333333,24.0
silasja01,James Silas,1980,1982,3,3,0,219,5795,17.266666666666666,19.4,1.562761089297472,1447.0,PG,0,0,0,-0.06666666666666665,4.966666666666667,14.9,3.0,23.8,0.559,30.0
simmobo01,Bobby Simmons,2002,2012,11,9,2,466,11513,11.666666666666666,16.1,2.920045661743437,343.0,SF,0,0,0,-1.5444444444444445,2.2444444444444445,20.2,3.6,16.644444444444446,0.5101111111111111,21.0
simmoli01,Lionel Simmons,1991,1997,7,7,0,454,13472,13.314285714285715,16.5,2.6920138884318936,521.0,SF,0,0,0,-0.5714285714285714,2.4142857142857146,16.900000000000002,6.6000000000000005,20.199999999999996,0.484,22.0
simpkdi01,Dickey Simpkins,1995,2000,6,6,0,327,5201,9.566666666666666,13.4,2.721927421679147,395.0,PF,0,0,0,-4.55,0.7999999999999999,4.8,-3.3,16.216666666666665,0.49033333333333334,22.0
singlja01,James Singleton,2006,2012,7,5,2,243,3252,14.580000000000002,19.6,3.0583655765784443,262.0,PF,0,0,0,-0.5599999999999999,1.6199999999999999,8.1,0.7,14.419999999999998,0.5406000000000001,24.0
skilesc01,Scott Skiles,1987,1996,10,10,0,600,16789,12.66,17.8,3.3281225938958436,205.0,PG,0,0,0,-1.6,3.06,30.6,6.6000000000000005,18.02,0.5241,22.0
skinnbr01,Brian Skinner,1999,2010,12,12,0,608,10910,11.433333333333335,15.4,2.537824965507975,123.0,PF,0,0,0,-3.0083333333333333,1.3083333333333333,15.7,-1.4,13.966666666666667,0.5061666666666668,22.0
slatere01,Reggie Slater,1995,2003,9,6,3,259,3513,14.883333333333333,19.2,2.7960786032505514,141.0,PF,0,0,0,-3.3666666666666667,0.8666666666666667,5.2,-1.7,22.41666666666667,0.547,24.0
smithch01,Charles Smith,1989,1997,9,9,0,564,16378,14.811111111111112,19.5,3.1263910484221777,329.0,SF,0,0,0,-0.5777777777777777,4.544444444444445,40.900000000000006,8.200000000000001,21.466666666666665,0.5255555555555556,23.0
smithch03,Chris Smith,1993,1995,3,3,0,224,3956,10.833333333333334,11.2,0.4496912521077348,1073.0,SG,0,0,0,-2.1333333333333333,1.0666666666666667,3.2,-0.3,14.933333333333335,0.5146666666666667,22.0
smithch04,Charles Smith,1998,2006,9,4,5,142,1973,10.524999999999999,13.2,2.3231175174751706,210.0,SG,0,0,0,-2.4999999999999996,0.375,1.5,0.4,20.174999999999997,0.46875000000000006,22.0
smithcr01,Craig Smith,2007,2012,6,6,0,403,6826,15.866666666666665,16.9,1.1699952516522825,464.0,PF,0,0,0,-1.1833333333333333,2.6666666666666665,16.0,1.5000000000000002,19.716666666666665,0.5823333333333334,23.0
smithde02,Derek Smith,1983,1990,8,8,0,408,9825,14.275,21.8,4.22573958023918,154.0,SG,0,0,0,-1.1875,2.2875,18.3,3.1,22.224999999999998,0.542875,21.0
smithdo03,Doug Smith,1992,1995,4,4,0,296,5833,11.675,13.5,1.1966097943774319,826.0,PF,0,0,0,-3.4749999999999996,0.7999999999999999,3.1999999999999997,-2.1999999999999997,20.8,0.45875000000000005,22.0
smithis01,Ish Smith,2011,2024,14,14,0,805,15494,11.592857142857143,15.4,2.957910528375994,234.0,PG,0,0,0,-2.5214285714285714,0.9857142857142857,13.799999999999999,0.7000000000000001,18.935714285714287,0.45121428571428573,22.0
smithja01,Jabari Smith,2002,2005,4,3,1,108,1063,10.233333333333333,13.1,2.0531818125912653,168.0,C,0,0,0,-4.733333333333333,0.39999999999999997,1.2,-0.6000000000000001,19.599999999999998,0.454,24.0
smithja02,Jason Smith,2008,2019,12,11,1,616,10029,12.427272727272726,16.8,2.555596677914042,190.0,C,0,0,0,-3.254545454545455,1.2818181818181815,14.099999999999998,-2.2,18.954545454545453,0.5093636363636365,21.0
smithjo02,Joe Smith,1996,2010,15,15,0,1030,27022,15.08,17.2,1.4774753241030232,592.0,PF,0,0,0,-1.74,4.02,60.3,3.2,19.746666666666666,0.5132666666666666,20.0
smithjo03,Josh Smith,2005,2016,12,12,0,894,29000,16.999999999999996,21.1,2.9220426645299575,880.0,PF,0,0,0,1.3999999999999997,4.266666666666667,51.199999999999996,27.200000000000003,23.599999999999998,0.5008333333333334,19.0
smithjr01,J.R. Smith,2005,2019,15,15,0,977,26275,13.500000000000002,18.1,3.2990907838372685,222.0,SG,0,0,0,0.013333333333333345,3.0933333333333333,46.4,14.700000000000001,21.42666666666667,0.5280666666666667,19.0
smithke01,Kenny Smith,1988,1997,10,10,0,737,22213,14.65,18.3,1.8964440408301009,765.0,PG,0,0,0,-0.19,4.6899999999999995,46.9,11.1,18.87,0.5744,22.0
smithla01,Larry Smith,1981,1993,13,13,0,883,22879,11.815384615384618,15.1,2.3906375570115355,499.0,PF,0,0,0,-1.9615384615384612,3.553846153846154,46.2,2.4000000000000004,11.230769230769228,0.5253076923076924,23.0
smithla02,LaBradford Smith,1992,1994,3,3,0,183,3131,10.700000000000001,11.6,0.8286535263104037,708.0,SG,0,0,0,-3.6,0.5,1.5,-1.2,19.599999999999998,0.48333333333333334,22.0
smithmi01,Michael Smith,1990,1995,6,3,3,141,1328,13.933333333333332,14.3,0.4496912521077344,319.0,PF,0,0,0,-3.6666666666666665,0.43333333333333335,1.3,-0.6000000000000001,24.8,0.518,24.0
smithmi02,Michael Smith,1995,2001,7,7,0,449,10552,14.014285714285714,14.5,0.41551541634997097,1053.0,PF,0,0,0,-0.09999999999999996,3.3571428571428577,23.500000000000004,5.1,11.87142857142857,0.5557142857142857,22.0
smithot01,Otis Smith,1987,1992,6,6,0,375,7720,13.966666666666667,18.4,4.283560305270475,168.0,SG,0,0,0,-1.4000000000000004,2.05,12.299999999999999,4.300000000000001,22.7,0.4948333333333333,23.0
smithph01,Phil Smith,1980,1983,4,4,0,280,7210,13.675,16.2,1.8239723133863628,1238.0,SG,0,0,0,-1.25,2.5749999999999997,10.299999999999999,1.5,21.325000000000003,0.51125,27.0
smithra01,Randy Smith,1980,1983,4,4,0,326,8315,14.725000000000001,17.0,1.7195566289017645,1406.0,SG,0,0,0,-0.775,3.1,12.4,2.8,21.9,0.51175,31.0
smithst01,Steve Smith,1992,2005,14,14,0,942,28855,15.507142857142858,18.8,2.2294984335733727,750.0,SG,1,0,0,1.0571428571428572,5.978571428571429,83.7,24.6,21.24285714285714,0.5527857142857143,22.0
smithto02,Tony Smith,1991,1997,7,7,0,457,7295,11.585714285714287,15.2,1.7867996701433795,695.0,SG,0,0,0,-1.8428571428571432,0.9999999999999999,6.999999999999999,0.10000000000000003,18.285714285714285,0.4874285714285714,22.0
smitsri01,Rik Smits,1989,2000,12,12,0,867,23100,17.84166666666667,20.2,1.8692504439539988,1271.0,C,1,0,0,-0.2833333333333333,4.708333333333333,56.49999999999999,10.399999999999999,25.858333333333334,0.54625,22.0
smrekmi01,Mike Smrek,1986,1990,5,5,0,194,1890,7.06,9.0,1.3215142829345432,107.0,C,0,0,0,-6.24,0.12000000000000002,0.6000000000000001,-1.7999999999999998,15.2,0.46959999999999996,23.0
snower01,Eric Snow,1996,2008,13,13,0,846,23132,11.315384615384614,15.6,3.2637510637175073,305.0,PG,0,0,0,-1.4923076923076921,3.346153846153846,43.49999999999999,6.100000000000001,14.015384615384615,0.46699999999999997,22.0
snydeki01,Kirk Snyder,2005,2008,4,4,0,211,3540,12.175,14.6,2.232011424701944,563.0,SG,0,0,0,-1.35,1.125,4.5,0.7,18.975,0.5255000000000001,21.0
soberri01,Ricky Sobers,1980,1986,7,7,0,504,13245,13.0,15.6,1.2409673645990855,1279.0,SG,0,0,0,-1.8857142857142861,2.1142857142857143,14.8,0.4000000000000001,23.157142857142855,0.5185714285714286,27.0
songada01,Darius Songaila,2004,2010,7,7,0,495,9229,13.428571428571429,14.9,1.184078044862977,700.0,PF,0,0,0,-2.1,2.2714285714285714,15.9,1.1102230246251565e-16,18.014285714285712,0.5408571428571428,25.0
spanaji01,Jim Spanarkel,1980,1983,4,4,0,259,5290,14.350000000000001,17.3,2.948304597561114,442.0,SG,0,0,0,-0.42500000000000004,3.0250000000000004,12.100000000000001,3.6999999999999997,19.85,0.5607500000000001,22.0
sparrro01,Rory Sparrow,1981,1992,12,12,0,836,22550,11.083333333333334,14.3,2.386012480175985,212.0,PG,0,0,0,-2.108333333333333,2.341666666666667,28.1,3.0,16.65,0.48275000000000007,22.0
speigma01,Marreese Speights,2009,2018,10,10,0,705,10640,16.52,19.5,1.7577258034175867,675.0,C,0,0,0,-2.29,2.58,25.8,-0.6000000000000001,25.080000000000002,0.5269999999999999,21.0
spencel01,Elmore Spencer,1993,1995,3,3,0,157,2641,9.366666666666665,10.7,1.2472191289246468,280.0,C,0,0,0,-5.1,0.03333333333333336,0.10000000000000009,-1.5,18.933333333333334,0.5206666666666667,23.0
spencfe01,Felton Spencer,1991,2002,12,12,0,640,12298,10.25,13.8,3.4094232161271303,113.0,C,0,0,0,-4.691666666666667,1.758333333333333,21.099999999999998,-7.1,14.116666666666667,0.5253333333333333,23.0
splitti01,Tiago Splitter,2011,2016,6,6,0,355,6812,17.383333333333333,20.5,2.236378520932646,579.0,C,0,0,0,0.7666666666666666,4.183333333333333,25.099999999999998,5.300000000000001,18.03333333333333,0.592,26.0
sprewla01,Latrell Sprewell,1993,2005,13,13,0,913,35270,15.12307692307692,19.7,1.7620590429965495,547.0,SF,4,1,0,0.3,4.330769230769231,56.300000000000004,21.0,24.192307692307693,0.5118461538461538,22.0
sprigla01,Larry Spriggs,1984,1986,3,3,0,169,2202,10.666666666666666,11.9,0.9463379711052263,363.0,SF,0,0,0,-2.8333333333333335,1.1333333333333333,3.4,-0.2,18.3,0.565,24.0
stackje01,Jerry Stackhouse,1996,2013,18,17,1,970,30222,14.523529411764706,21.8,4.230912766457168,162.0,SG,2,0,0,-0.7882352941176471,3.0823529411764703,52.4,17.5,25.570588235294114,0.5077647058823529,21.0
stanste01,Terence Stansbury,1985,1987,3,3,0,192,2984,9.833333333333334,10.3,0.3399346342395194,375.0,SG,0,0,0,-3.6999999999999997,0.7999999999999999,2.4,-1.2,19.900000000000002,0.5016666666666667,23.0
starkjo01,John Starks,1989,2002,14,13,1,866,23514,13.31538461538462,16.4,2.9765354547879093,316.0,SG,1,0,0,0.09230769230769233,3.8461538461538463,50.0,16.499999999999996,22.66923076923077,0.5036923076923078,23.0
stepavl01,Vladimir Stepania,1999,2004,6,6,0,270,3726,11.65,13.9,2.3837994882120435,202.0,C,0,0,0,-4.783333333333334,0.8666666666666667,5.2,-1.3000000000000003,20.016666666666666,0.43816666666666676,22.0
stephla01,Lance Stephenson,2011,2022,12,10,2,554,12680,10.87,14.7,2.8778637910783753,115.0,SG,0,0,0,-2.58,1.7500000000000004,17.500000000000004,2.2,19.990000000000002,0.49160000000000004,20.0
steppbr01,Brook Steppe,1983,1989,7,5,2,238,2858,12.379999999999999,13.9,0.9703607576566563,244.0,SG,0,0,0,-1.78,0.9400000000000001,4.7,0.1,19.080000000000002,0.5572000000000001,23.0
stevede01,DeShawn Stevenson,2001,2013,13,13,0,824,18396,8.492307692307692,12.9,3.0266664928881077,293.0,SG,0,0,0,-3.576923076923077,0.9461538461538462,12.3,-3.3,16.846153846153847,0.46546153846153854,19.0
stewala01,Larry Stewart,1992,1997,6,4,2,270,5415,12.425,14.5,1.4166421566507188,346.0,SF,0,0,0,-2.125,2.425,9.7,0.2,16.5,0.54325,23.0
stewami01,Michael Stewart,1998,2005,8,7,1,286,3303,8.071428571428571,12.9,2.865416591858496,123.0,C,0,0,0,-5.371428571428572,0.6428571428571429,4.5,-1.3,10.1,0.4580000000000001,22.0
stipast01,Steve Stipanovich,1984,1988,5,5,0,403,12591,15.059999999999999,15.9,1.2784365451597512,2315.0,C,0,0,0,0.64,6.08,30.4,8.4,18.52,0.5471999999999999,23.0
stithbr01,Bryant Stith,1993,2002,10,10,0,586,16417,12.290000000000001,14.4,1.7563883397472217,665.0,SG,0,0,0,-1.26,2.95,29.500000000000004,4.8999999999999995,17.139999999999997,0.5233000000000001,22.0
stockjo01,John Stockton,1985,2003,19,19,0,1504,47764,21.468421052631577,23.9,2.476638773052777,1410.0,PG,10,11,0,6.4526315789473685,10.926315789473684,207.6,106.39999999999999,18.678947368421053,0.6041052631578947,22.0
stojape01,Peja Stojaković,1999,2011,13,13,0,804,26966,16.5,21.8,2.6961511028187517,425.0,SF,3,1,1,1.7000000000000002,6.346153846153846,82.5,26.1,21.307692307692307,0.5674615384615385,21.0
stoudam01,Amar'e Stoudemire,2003,2016,14,13,1,846,26254,21.161538461538463,27.6,3.28786544304928,682.0,PF,6,5,0,0.9307692307692308,7.107692307692307,92.39999999999999,22.2,25.36923076923077,0.5954615384615385,20.0
stoudda01,Damon Stoudamire,1996,2008,13,13,0,878,29106,14.730769230769228,18.1,2.362978763986942,862.0,PG,0,0,0,-0.06923076923076915,4.26923076923077,55.50000000000001,16.8,21.0,0.49746153846153857,22.0
stoudsa01,Salim Stoudamire,2006,2008,3,3,0,157,2672,11.666666666666666,12.5,0.6018490028422596,402.0,SG,0,0,0,-3.033333333333333,0.7666666666666666,2.3,-0.6,23.599999999999998,0.5193333333333334,23.0
stricer01,Erick Strickland,1997,2005,9,9,0,501,10189,12.666666666666666,18.0,3.064129385141706,567.0,SG,0,0,0,-1.2444444444444445,1.4888888888888887,13.399999999999999,2.0,20.17777777777778,0.4971111111111111,23.0
stricma01,Mark Strickland,1997,2002,6,6,0,281,3415,13.950000000000003,17.4,2.641180291713031,153.0,PF,0,0,0,-2.4,1.1833333333333333,7.1,0.49999999999999994,19.7,0.5088333333333334,26.0
stricro02,Rod Strickland,1989,2005,17,17,0,1094,33634,16.970588235294116,21.6,3.6423594011190628,196.0,PG,0,1,0,1.6352941176470583,5.047058823529412,85.8,36.4,21.123529411764707,0.4994705882352941,22.0
stronde01,Derek Strong,1993,2001,9,9,0,456,8548,13.622222222222224,20.0,3.0084243856129436,148.0,PF,0,0,0,-2.0,2.055555555555556,18.500000000000004,-0.4,17.466666666666665,0.5145555555555555,24.0
stuckro01,Rodney Stuckey,2008,2017,10,10,0,651,17890,14.469999999999999,18.4,2.41911140710799,696.0,PG,0,0,0,-1.1400000000000001,2.86,28.599999999999998,5.1000000000000005,23.19,0.5101,21.0
summeda01,DaJuan Summers,2010,2012,3,3,0,83,820,6.966666666666666,9.0,1.9154343864744854,199.0,SF,0,0,0,-5.966666666666666,-0.033333333333333326,-0.09999999999999998,-0.7999999999999999,19.066666666666666,0.4753333333333334,22.0
sundvjo01,Jon Sundvold,1984,1991,8,8,0,502,8811,12.237499999999999,14.5,1.3350444749146,225.0,PG,0,0,0,-2.425,1.1125,8.9,-0.8999999999999999,20.4375,0.5038750000000001,22.0
surabo01,Bob Sura,1996,2005,10,10,0,657,15597,13.91,17.1,2.3445468645348084,841.0,SG,0,0,0,0.050000000000000044,2.82,28.2,9.4,19.66,0.5016,22.0
suttogr01,Greg Sutton,1992,1996,5,3,2,168,1946,9.666666666666666,10.6,1.3199326582148887,601.0,PG,0,0,0,-3.6999999999999997,0.30000000000000004,0.9000000000000001,-0.8999999999999999,21.266666666666666,0.51,24.0
sweetmi01,Mike Sweetney,2004,2007,4,4,0,233,3610,14.599999999999998,17.2,2.4586581706288486,385.0,C,0,0,0,-2.825,1.9249999999999998,7.699999999999999,-0.7,21.35,0.526,21.0
swiftst01,Stromile Swift,2001,2009,9,9,0,547,10804,14.955555555555556,19.2,3.4325601430714165,185.0,PF,0,0,0,-2.5444444444444443,2.3777777777777778,21.4,1.0,21.11111111111111,0.5192222222222223,21.0
szczewa02,Wally Szczerbiak,2000,2009,10,10,0,651,20052,15.65,17.7,1.6650825805346716,622.0,SF,1,0,0,0.45999999999999996,5.34,53.4,13.600000000000001,20.73,0.5673,22.0
tabakza01,Žan Tabak,1995,2001,7,6,1,247,3607,11.65,13.6,1.3175102782647783,114.0,C,0,0,0,-4.8,0.4000000000000001,2.4000000000000004,-2.6999999999999997,19.166666666666668,0.5088333333333334,24.0
tarplro01,Roy Tarpley,1987,1995,9,6,3,280,7476,19.383333333333333,23.6,2.8180469990560644,171.0,PF,0,0,0,0.5333333333333333,3.3000000000000003,19.8,3.3,22.916666666666668,0.5363333333333333,22.0
taylobr01,Brian Taylor,1980,1982,3,3,0,199,6340,14.5,15.9,0.9933109617167563,1274.0,PG,0,0,0,0.8333333333333331,5.0,15.0,4.8,14.866666666666667,0.5786666666666668,28.0
tayloma01,Maurice Taylor,1998,2007,10,9,1,534,13324,12.1,16.1,3.190959451673152,103.0,PF,0,0,0,-4.133333333333334,1.1,9.9,-5.3,22.700000000000003,0.48355555555555557,21.0
teaglte01,Terry Teagle,1983,1992,10,10,0,687,14509,13.680000000000001,16.7,1.7622712617528546,349.0,SG,0,0,0,-2.8600000000000003,1.35,13.5,-3.2,24.609999999999996,0.5117,22.0
teaguje01,Jeff Teague,2010,2021,12,12,0,826,22164,15.975000000000001,20.6,2.5823519641339883,719.0,PG,1,0,0,0.09166666666666663,4.375,52.5,14.299999999999999,21.525000000000002,0.5421666666666668,21.0
telfase01,Sebastian Telfair,2005,2015,11,10,1,564,12149,10.88,13.2,1.3212115651930996,327.0,PG,0,0,0,-3.17,0.49000000000000005,4.9,-4.200000000000001,19.73,0.4801,19.0
templga01,Garrett Temple,2010,2025,16,15,1,793,15534,9.186666666666667,11.2,1.5911700796024988,162.0,SG,0,0,0,-2.5400000000000005,1.12,16.8,-0.7000000000000001,15.033333333333333,0.4995333333333333,23.0
terryja01,Jason Terry,2000,2018,19,19,0,1410,42034,14.984210526315792,19.3,3.8732908839213387,570.0,SG,0,0,0,0.9631578947368421,5.368421052631578,101.99999999999999,37.4,19.80526315789474,0.5529473684210526,22.0
thabeha01,Hasheem Thabeet,2010,2014,5,5,0,224,2357,8.84,12.9,4.3093386963663,139.0,C,0,0,0,-3.9200000000000004,0.96,4.8,-0.39999999999999997,10.18,0.565,22.0
theusre01,Reggie Theus,1980,1991,12,12,0,944,31850,16.716666666666665,19.2,1.457642693605748,1498.0,SG,2,0,0,0.23333333333333328,5.3083333333333345,63.70000000000001,18.3,24.474999999999998,0.5445833333333333,22.0
thirdda01,David Thirdkill,1983,1986,4,4,0,179,1469,7.824999999999999,12.1,2.5586861863073396,183.0,SF,0,0,0,-4.5,0.325,1.3,-0.8999999999999999,16.1,0.50575,22.0
thomaet01,Etan Thomas,2002,2010,9,8,1,409,7084,13.3875,16.4,3.1270743115570503,306.0,C,0,0,0,-2.7625,1.8125,14.5,-0.09999999999999998,15.499999999999998,0.539375,23.0
thomais01,Isiah Thomas,1982,1994,13,13,0,979,35516,17.930769230769233,22.2,2.324248303756462,1657.0,PG,12,5,1,2.4846153846153842,6.215384615384616,80.80000000000001,41.699999999999996,25.33846153846154,0.5139230769230768,20.0
thomajo02,John Thomas,1998,2006,9,5,4,208,2253,8.36,13.7,3.396233207540377,127.0,C,0,0,0,-5.1,0.6399999999999999,3.1999999999999997,-1.3,12.1,0.5126,22.0
thomake01,Kenny Thomas,2000,2010,11,10,1,632,17306,12.239999999999998,16.4,4.035888997482463,281.0,PF,0,0,0,-1.9099999999999997,3.11,31.099999999999998,3.1,16.07,0.5001,22.0
thomaku01,Kurt Thomas,1996,2013,18,17,1,1110,27160,13.100000000000001,16.9,2.2728577502653295,374.0,PF,0,0,0,-0.9529411764705884,3.8,64.6,8.899999999999999,15.805882352941175,0.5160588235294118,23.0
thomati01,Tim Thomas,1998,2010,13,13,0,824,21336,13.999999999999996,16.4,1.440619524851935,285.0,SF,0,0,0,-0.8538461538461538,2.707692307692308,35.2,6.299999999999999,21.43076923076923,0.5389230769230768,20.0
thomaty01,Tyrus Thomas,2007,2013,7,7,0,402,7932,14.128571428571428,18.2,3.258708896705778,360.0,PF,0,0,0,-1.9142857142857141,1.8285714285714287,12.8,1.6,21.014285714285712,0.48785714285714293,20.0
thompbe01,Bernard Thompson,1985,1989,5,5,0,204,2935,9.0,11.8,2.348616614094348,222.0,SF,0,0,0,-3.5799999999999996,0.66,3.3000000000000003,-0.6,17.020000000000003,0.4782,22.0
thompbi01,Billy Thompson,1987,1991,5,4,1,300,6697,13.05,14.7,1.2216791722870612,762.0,SF,0,0,0,-1.525,2.425,9.7,1.3,17.725,0.54025,23.0
thompbr01,Brooks Thompson,1995,1998,4,4,0,168,1714,13.05,16.9,2.5024987512484396,167.0,PG,0,0,0,-1.8249999999999997,0.5,2.0,0.2,23.375,0.52925,24.0
thompda01,David Thompson,1980,1984,5,5,0,271,7609,18.419999999999998,20.0,1.4034243834279059,349.0,SG,1,0,0,0.52,3.56,17.8,4.800000000000001,26.839999999999996,0.5690000000000001,25.0
thompja02,Jason Thompson,2009,2016,8,8,0,588,14819,13.5625,16.4,1.8674431048896778,471.0,PF,0,0,0,-2.3875,2.975,23.8,-2.3,16.4375,0.532875,22.0
thompla01,LaSalle Thompson,1983,1997,15,15,0,985,21238,11.459999999999999,16.9,4.864538347400844,140.0,C,0,0,0,-2.8266666666666667,2.333333333333334,35.00000000000001,2.700000000000001,16.306666666666665,0.4946666666666666,21.0
thompmy01,Mychal Thompson,1981,1991,11,11,0,862,25620,15.009090909090911,19.2,2.5706223319565473,1077.0,C,0,0,0,-0.36363636363636365,4.981818181818182,54.800000000000004,13.100000000000001,19.636363636363637,0.5411818181818182,26.0
thomppa01,Paul Thompson,1984,1986,3,3,0,154,3105,12.533333333333333,14.9,2.366901396810231,432.0,SF,0,0,0,-1.0666666666666667,1.6333333333333335,4.9,1.5,21.866666666666664,0.46166666666666667,22.0
thornal01,Al Thornton,2008,2011,4,4,0,296,8274,12.2,12.7,0.4527692569068706,1383.0,PF,0,0,0,-3.4749999999999996,1.5500000000000003,6.200000000000001,-3.2,20.875,0.515,24.0
thornbo01,Bob Thornton,1986,1991,6,6,0,283,3386,5.0,7.0,2.6407069760451147,110.0,PF,0,0,0,-6.966666666666666,0.20000000000000004,1.2000000000000002,-3.3,13.166666666666664,0.4776666666666667,23.0
thornma01,Marcus Thornton,2010,2017,8,8,0,483,11299,14.962499999999999,17.4,2.3900509931798526,575.0,SG,0,0,0,0.012499999999999956,2.4875,19.9,6.199999999999999,22.95,0.5251250000000001,22.0
thorpot01,Otis Thorpe,1985,2001,17,17,0,1257,39822,15.270588235294118,18.7,2.577907200876746,647.0,PF,1,0,0,-0.5941176470588236,6.270588235294118,106.6,19.0,18.794117647058822,0.5757058823529412,22.0
threase01,Sedale Threatt,1984,1997,14,14,0,951,22436,13.757142857142856,17.4,3.2609626724359186,334.0,PG,0,0,0,-0.6285714285714287,3.4357142857142855,48.099999999999994,10.8,18.464285714285715,0.5204285714285714,22.0
tinslja01,Jamaal Tinsley,2002,2014,13,11,2,547,14443,12.1,18.6,4.26870216597717,110.0,PG,0,0,0,-1.1363636363636365,1.5727272727272728,17.3,6.999999999999999,18.854545454545452,0.44954545454545447,23.0
tisdawa01,Wayman Tisdale,1986,1997,12,12,0,840,23868,15.333333333333337,18.1,2.4042785935817745,778.0,PF,0,0,0,-2.1,3.8000000000000007,45.60000000000001,2.3999999999999995,23.849999999999998,0.5355,21.0
tolbera01,Ray Tolbert,1982,1989,8,5,3,261,2789,9.719999999999999,10.5,0.7704544113703288,259.0,PF,0,0,0,-3.1399999999999997,0.58,2.9,-0.7,16.16,0.5114,23.0
tolbeto01,Tom Tolbert,1989,1994,6,6,0,312,5680,9.583333333333332,13.8,2.584193405214779,117.0,PF,0,0,0,-3.866666666666667,1.1,6.6000000000000005,-1.8,16.283333333333335,0.4978333333333334,23.0
tollian01,Anthony Tolliver,2009,2020,12,12,0,730,14197,10.341666666666667,13.9,2.29654027228399,208.0,PF,0,0,0,-1.4916666666666665,2.1583333333333337,25.900000000000002,3.1,13.700000000000001,0.54875,23.0
toneyan01,Andrew Toney,1981,1988,8,7,1,468,12608,15.542857142857143,17.9,1.9616735878596425,522.0,SG,2,0,0,-0.9142857142857144,3.871428571428571,27.099999999999998,4.699999999999999,25.257142857142856,0.5575714285714285,23.0
toneyse01,Sedric Toney,1986,1990,5,3,2,112,1410,9.366666666666667,12.8,2.4444949489732144,139.0,PG,0,0,0,-3.6999999999999997,0.09999999999999999,0.3,-0.7999999999999999,17.499999999999996,0.5006666666666667,23.0
traylro01,Robert Traylor,1999,2005,7,7,0,438,6243,14.771428571428572,17.0,1.6739297525065175,447.0,C,0,0,0,-1.457142857142857,1.9000000000000001,13.3,0.7,18.11428571428571,0.5047142857142857,21.0
trentga01,Gary Trent,1996,2004,9,9,0,506,9866,15.422222222222224,20.8,2.3677358044144565,301.0,PF,0,0,0,-1.6000000000000003,2.6,23.400000000000002,2.3000000000000003,22.033333333333335,0.5211111111111112,21.0
tripuke01,Kelly Tripucka,1982,1991,10,10,0,707,20959,15.720000000000002,19.8,2.55530820058951,976.0,SF,2,0,0,-0.009999999999999986,4.4399999999999995,44.4,11.1,23.369999999999997,0.5523,22.0
tsakaja01,Jake Tsakalidis,2001,2007,7,7,0,315,5005,11.642857142857142,17.3,2.660213279772423,278.0,C,0,0,0,-2.9714285714285715,1.4142857142857144,9.9,-1.3,15.000000000000002,0.5288571428571429,21.0
tskitni01,Nikoloz Tskitishvili,2003,2005,3,3,0,172,1946,4.8999999999999995,7.1,1.7962924780409972,220.0,PF,0,0,0,-6.7,-0.5333333333333333,-1.6,-1.9000000000000001,19.366666666666667,0.36366666666666664,19.0
tuckepj01,P.J. Tucker,2013,2024,12,12,0,886,24993,9.408333333333333,13.3,2.5827821992744355,486.0,PF,0,0,0,-1.2750000000000001,3.591666666666667,43.1,6.499999999999999,10.35,0.5372499999999999,27.0
tucketr01,Trent Tucker,1983,1993,11,11,0,756,15671,12.890909090909092,15.4,1.254413695320752,415.0,SG,0,0,0,0.5727272727272728,3.1181818181818177,34.3,10.1,17.109090909090913,0.5325454545454545,23.0
turiaro01,Ronny Turiaf,2006,2014,9,9,0,473,8020,13.222222222222223,15.5,1.7472376787869586,161.0,C,0,0,0,-0.15555555555555559,2.1444444444444444,19.3,4.9,12.177777777777779,0.5670000000000001,23.0
turkohe01,Hedo Türkoğlu,2001,2015,15,15,0,997,26695,13.006666666666668,17.8,3.255654909367528,189.0,SF,0,0,0,0.060000000000000026,4.22,63.3,19.6,19.066666666666663,0.5205333333333334,21.0
turnean01,Andre Turner,1990,1992,3,3,0,170,2523,10.366666666666667,12.8,2.96010510323911,115.0,PG,0,0,0,-3.233333333333333,0.6666666666666666,2.0,-0.1,17.8,0.4326666666666667,25.0
turneel01,Elston Turner,1982,1989,8,7,1,505,9006,9.614285714285714,10.9,0.9731077923386515,536.0,SF,0,0,0,-1.957142857142857,1.2428571428571427,8.7,0.09999999999999995,13.6,0.4545714285714286,22.0
turneev01,Evan Turner,2011,2020,10,10,0,705,18938,11.389999999999999,13.6,1.8398097727754354,251.0,SF,0,0,0,-2.19,2.02,20.2,0.4000000000000001,18.64,0.4872000000000001,22.0
turneje01,Jeff Turner,1985,1996,12,10,2,612,11244,8.059999999999999,11.4,2.0204949888579287,192.0,PF,0,0,0,-4.85,0.89,8.9,-7.2,15.690000000000001,0.5080000000000001,22.0
turpime01,Melvin Turpin,1985,1990,6,5,1,361,6871,13.819999999999999,16.4,1.333266664999916,801.0,C,0,0,0,-1.8199999999999996,2.7600000000000002,13.8,1.2,19.04,0.5469999999999999,24.0
tylerte01,Terry Tyler,1980,1989,10,10,0,789,19180,14.2,17.2,1.6697305171793435,1057.0,SF,0,0,0,0.08000000000000007,3.530000000000001,35.30000000000001,11.6,17.79,0.5092000000000001,23.0
udohek01,Ekpe Udoh,2011,2019,9,7,2,384,5694,12.785714285714286,20.9,3.9675212021860595,128.0,C,0,0,0,-0.7428571428571429,1.5142857142857142,10.6,0.8000000000000002,12.114285714285712,0.5264285714285715,23.0
udokaim01,Ime Udoka,2006,2011,6,6,0,316,5711,9.016666666666667,12.1,2.535361030613896,114.0,SF,0,0,0,-1.9333333333333333,1.4666666666666666,8.799999999999999,1.9,13.800000000000002,0.45583333333333337,28.0
udrihbe01,Beno Udrih,2005,2017,13,13,0,831,18185,13.692307692307692,16.2,2.0189340441322523,560.0,PG,0,0,0,-1.1384615384615384,2.4153846153846157,31.400000000000002,4.800000000000001,19.269230769230766,0.5286923076923077,22.0
upshake01,Kelvin Upshaw,1989,1991,3,3,0,120,1518,13.133333333333335,17.2,2.9488227406128624,387.0,SG,0,0,0,-1.7333333333333332,0.5333333333333333,1.6,0.09999999999999998,21.400000000000002,0.5013333333333333,26.0
valenda01,Darnell Valentine,1982,1991,10,9,1,620,14395,13.855555555555554,17.3,1.5748799679912902,1086.0,PG,0,0,0,-0.5666666666666668,2.466666666666667,22.200000000000003,5.6,18.733333333333334,0.5054444444444445,22.0
vanbrja01,Jan van Breda Kolff,1980,1982,3,3,0,214,4340,8.733333333333333,10.2,1.6048537489614294,452.0,SF,0,0,0,-1.4000000000000001,1.8666666666666665,5.6,0.7,11.666666666666666,0.5543333333333335,28.0
vandeki01,Kiki Vandeweghe,1981,1993,13,13,0,810,24521,17.03846153846154,23.6,3.649560239375205,494.0,SF,2,0,0,0.27692307692307694,5.815384615384616,75.60000000000001,17.6,22.799999999999997,0.574076923076923,22.0
vanexni01,Nick Van Exel,1994,2006,13,13,0,880,28969,15.446153846153846,18.5,2.1646159313322806,986.0,PG,1,0,0,0.23076923076923073,4.300000000000001,55.900000000000006,17.7,21.907692307692308,0.5045384615384616,22.0
vanhoke01,Keith Van Horn,1998,2006,9,9,0,575,18150,16.61111111111111,19.6,1.6400843097871154,1090.0,PF,0,0,0,0.03333333333333331,4.633333333333334,41.7,9.7,24.222222222222225,0.5353333333333334,22.0
varejan01,Anderson Varejão,2005,2016,12,12,0,632,15087,15.85,21.7,2.771431639664477,496.0,C,0,0,0,0.14999999999999994,3.858333333333333,46.3,8.9,14.949999999999998,0.5384166666666667,22.0
vasqugr01,Greivis Vásquez,2011,2016,6,6,0,401,9520,12.333333333333336,16.3,3.0373599647647223,460.0,PG,0,0,0,-2.066666666666667,2.1166666666666667,12.7,1.9000000000000004,19.883333333333333,0.49900000000000005,24.0
vaughda02,David Vaughn,1996,1999,4,4,0,118,1156,10.3,13.5,2.7358728040608904,103.0,PF,0,0,0,-6.675000000000001,0.15000000000000002,0.6000000000000001,-1.3000000000000003,17.8,0.4795,22.0
vaughja01,Jacque Vaughn,1998,2009,12,11,1,776,12658,9.50909090909091,13.1,1.9992973972485004,292.0,PG,0,0,0,-3.9181818181818175,1.3818181818181818,15.2,-4.5,16.045454545454543,0.4853636363636364,22.0
vaughlo01,Loy Vaught,1991,2001,11,11,0,689,16993,13.454545454545455,17.1,3.2432765801279753,265.0,PF,0,0,0,-2.5818181818181816,3.2363636363636363,35.6,2.1000000000000005,17.86363636363636,0.4950909090909091,22.0
verhope01,Pete Verhoeven,1982,1986,5,5,0,282,3220,10.4,12.0,1.1081516141756056,327.0,PF,0,0,0,-2.64,1.0400000000000003,5.200000000000001,-0.5,14.580000000000002,0.5317999999999999,22.0
villach01,Charlie Villanueva,2006,2016,11,11,0,656,13578,15.436363636363637,18.6,1.8680435693151014,180.0,PF,0,0,0,-0.7909090909090909,2.045454545454545,22.499999999999996,4.9,24.39090909090909,0.5108181818181818,21.0
vinceja01,Jay Vincent,1982,1990,9,9,0,576,15556,14.433333333333334,18.7,3.534276603650471,459.0,SF,0,0,0,-2.2111111111111112,3.0555555555555554,27.5,2.4,23.855555555555554,0.5125555555555555,22.0
vincesa01,Sam Vincent,1986,1992,7,7,0,396,7527,13.514285714285714,15.4,1.7024592056606747,374.0,PG,0,0,0,-1.457142857142857,1.5428571428571427,10.799999999999999,2.2,20.67142857142857,0.5165714285714287,22.0
voskuja01,Jake Voskuhl,2001,2009,9,9,0,450,6443,9.155555555555557,13.9,3.778039206640606,143.0,C,0,0,0,-5.144444444444445,1.2999999999999998,11.7,-2.9,13.91111111111111,0.5185555555555555,23.0
vraneda01,Danny Vranes,1982,1988,7,7,0,510,10624,8.928571428571427,11.2,1.7152378308347007,772.0,SF,0,0,0,-1.7428571428571427,2.185714285714286,15.3,0.8999999999999999,11.514285714285714,0.5027142857142858,23.0
vrankst01,Stojko Vranković,1991,1998,8,4,4,170,2050,9.875,11.2,0.8926785535678556,110.0,C,0,0,0,-4.8999999999999995,0.325,1.3,-1.1,15.95,0.50425,27.0
vujacsa01,Sasha Vujačić,2005,2017,13,9,4,581,8908,11.122222222222222,15.1,2.068696732931027,403.0,SG,0,0,0,-1.2777777777777777,1.7777777777777781,16.000000000000004,2.3,16.46666666666667,0.5018888888888889,20.0
wadedw01,Dwyane Wade,2004,2019,16,16,0,1054,35773,22.875,30.4,4.558577080625049,1536.0,SG,13,8,2,4.53125,7.54375,120.7,62.7,31.1,0.55025,22.0
wafervo01,Von Wafer,2008,2012,5,4,1,200,2475,9.424999999999999,14.7,5.101164082834426,154.0,SG,0,0,0,-3.5250000000000004,0.9,3.6,0.4,21.225,0.48724999999999996,22.0
wagneda02,Dajuan Wagner,2003,2005,3,3,0,103,2202,8.166666666666666,10.9,2.4280765135299087,102.0,SG,0,0,0,-6.233333333333334,-9.25185853854297e-18,-2.7755575615628914e-17,-1.5999999999999999,25.400000000000002,0.43100000000000005,19.0
waitegr01,Granville Waiters,1984,1988,5,5,0,249,2547,6.56,10.4,2.659774426525678,114.0,C,0,0,0,-4.88,0.36,1.8,-0.8999999999999999,12.68,0.4128,23.0
walkean02,Antoine Walker,1997,2008,12,12,0,893,31531,15.450000000000001,18.9,2.5924570070366326,892.0,PF,3,0,0,-0.033333333333333326,3.1833333333333336,38.2,18.099999999999998,26.0,0.48174999999999996,20.0
walkebi01,Henry Walker,2009,2015,7,5,2,181,3016,10.6,14.6,2.4124676163629637,216.0,SF,0,0,0,-2.18,0.9800000000000001,4.9,0.19999999999999998,16.46,0.5801999999999999,21.0
walkeda01,Darrell Walker,1984,1993,10,10,0,720,18601,12.970000000000002,15.9,2.848525934584412,511.0,PG,0,0,0,0.36,2.7299999999999995,27.299999999999997,13.1,17.68,0.47220000000000006,22.0
walkefo01,Foots Walker,1980,1984,5,5,0,307,7221,11.6,15.3,2.042547429069886,378.0,PG,0,0,0,-0.28,3.1000000000000005,15.500000000000002,4.3,12.299999999999999,0.5092000000000001,28.0
walkeke01,Kenny Walker,1987,1995,9,7,2,448,9050,11.1,13.3,2.083266665599966,266.0,SF,0,0,0,-2.4285714285714284,2.542857142857143,17.8,0.49999999999999983,14.357142857142858,0.5322857142857143,22.0
walkesa01,Samaki Walker,1997,2005,9,9,0,445,7612,11.566666666666666,14.5,3.230067078766838,134.0,PF,0,0,0,-3.4222222222222225,1.6,14.4,-1.2,17.01111111111111,0.4808888888888888,20.0
walkewa01,Wally Walker,1980,1984,5,5,0,362,7468,11.2,12.3,0.7155417527999332,612.0,SF,0,0,0,-2.1399999999999997,1.64,8.2,-0.6,17.560000000000002,0.49800000000000005,25.0
wallabe01,Ben Wallace,1997,2012,16,16,0,1088,32085,14.4,18.6,3.144041984452498,197.0,C,4,5,0,1.475,5.84375,93.5,36.2,10.7875,0.4655,22.0
wallage01,Gerald Wallace,2002,2015,14,14,0,832,24731,14.707142857142856,21.3,4.116077238917498,286.0,SF,1,0,0,0.6214285714285716,4.25,59.5,23.5,18.342857142857145,0.5187857142857143,19.0
wallajo01,John Wallace,1997,2004,8,7,1,381,6143,13.357142857142858,15.9,1.5370260178643165,368.0,SF,0,0,0,-2.585714285714286,0.9142857142857143,6.3999999999999995,-1.2000000000000002,24.342857142857145,0.5057142857142857,22.0
wallara01,Rasheed Wallace,1996,2013,18,16,2,1109,36243,16.75,20.9,2.2257021364054985,296.0,PF,4,0,0,1.8624999999999998,6.56875,105.1,38.400000000000006,21.35625,0.5335000000000001,21.0
walljo01,John Wall,2011,2023,13,11,2,647,22588,18.436363636363637,23.2,2.596246495956922,755.0,PG,5,1,0,1.8454545454545455,4.036363636363636,44.4,24.2,27.936363636363637,0.5143636363636364,20.0
waltere01,Rex Walters,1994,2000,7,7,0,335,4602,11.271428571428572,16.2,2.94846899046863,235.0,SG,0,0,0,-1.9571428571428573,0.9285714285714286,6.5,2.7755575615628914e-17,16.214285714285715,0.548,23.0
waltobi01,Bill Walton,1980,1987,8,6,2,259,6217,16.416666666666668,22.2,5.121984207533465,112.0,C,0,0,0,1.5999999999999999,2.2166666666666663,13.299999999999999,7.2,20.083333333333332,0.5379999999999999,27.0
waltolu01,Luke Walton,2004,2013,10,10,0,564,9685,10.35,14.7,3.3015905257920766,272.0,SF,0,0,0,-1.81,1.3599999999999999,13.6,2.4000000000000004,14.63,0.4681,23.0
wardch01,Charlie Ward,1996,2005,10,10,0,630,14080,13.36,15.9,2.100571350847193,360.0,PG,0,0,0,1.73,3.3199999999999994,33.199999999999996,14.7,16.029999999999998,0.5219,25.0
warribr01,Bryan Warrick,1983,1986,4,4,0,169,2379,8.75,11.1,2.0657928260113594,254.0,PG,0,0,0,-3.4499999999999997,0.4,1.6,-0.7,15.499999999999998,0.48725,23.0
warriha01,Hakim Warrick,2006,2013,8,8,0,526,10624,14.587499999999999,16.9,2.2070554478761966,489.0,PF,0,0,0,-2.425,2.55,20.4,0.3999999999999999,21.975,0.538375,23.0
washike01,Kermit Washington,1980,1982,3,3,0,179,5251,15.766666666666666,18.2,2.894055209486432,418.0,PF,1,0,0,0.9999999999999999,5.566666666666666,16.7,4.8,14.6,0.5670000000000001,28.0
washipe01,Pearl Washington,1987,1989,3,3,0,194,4044,12.533333333333333,13.1,0.7318166133366716,1065.0,PG,0,0,0,-1.6666666666666667,0.6333333333333333,1.9,0.3,21.400000000000002,0.49866666666666665,23.0
washiri01,Richard Washington,1980,1982,3,3,0,173,3217,11.0,13.6,2.808320969310073,313.0,PF,0,0,0,-3.966666666666667,1.2,3.5999999999999996,-0.8,20.166666666666668,0.474,24.0
watsocj01,C.J. Watson,2008,2017,10,10,0,600,12093,12.53,15.4,2.0885641000457706,368.0,PG,0,0,0,-0.74,2.4,24.0,4.999999999999999,17.089999999999996,0.5243,23.0
watsoea01,Earl Watson,2002,2014,13,13,0,878,19494,11.13076923076923,14.6,3.37602055575783,161.0,PG,0,0,0,-1.7999999999999998,1.4769230769230768,19.2,2.6999999999999997,15.523076923076921,0.47861538461538466,22.0
watsoja01,Jamie Watson,1995,1997,3,3,0,102,1248,8.966666666666667,10.4,1.4974051630144134,217.0,SF,0,0,0,-1.5666666666666667,0.39999999999999997,1.2,0.30000000000000004,14.4,0.5126666666666666,22.0
weathcl01,Clarence Weatherspoon,1993,2005,13,13,0,915,27736,15.046153846153848,18.1,2.2561421752170006,525.0,PF,0,0,0,-0.3692307692307692,4.5076923076923086,58.60000000000001,12.0,17.476923076923075,0.528,22.0
webbech01,Chris Webber,1994,2008,15,15,0,831,30847,20.126666666666665,24.7,3.545789365179808,126.0,PF,5,5,1,3.0,5.633333333333335,84.50000000000001,42.099999999999994,26.38,0.5116000000000002,20.0
webbsp01,Spud Webb,1986,1996,11,11,0,814,20288,15.263636363636364,18.5,1.432272655145551,532.0,PG,0,0,0,0.5272727272727273,3.6636363636363636,40.3,11.499999999999998,18.827272727272728,0.5417272727272728,22.0
webstma01,Marvin Webster,1980,1987,8,6,2,357,6753,11.200000000000001,14.0,1.4640127503998501,102.0,C,0,0,0,-1.5,2.1333333333333333,12.8,1.9,12.933333333333332,0.5311666666666667,27.0
webstma02,Martell Webster,2006,2015,10,9,1,580,13914,11.077777777777778,13.9,2.1703956514770795,352.0,SF,0,0,0,-1.4222222222222223,2.744444444444445,24.700000000000003,4.3999999999999995,16.955555555555552,0.5434444444444444,19.0
wedmasc01,Scott Wedman,1980,1986,7,7,0,509,12203,13.142857142857144,16.9,2.0212140219306263,916.0,SF,1,0,0,-1.157142857142857,3.1,21.7,3.4,20.442857142857143,0.5002857142857143,27.0
weemsso01,Sonny Weems,2010,2016,7,3,4,183,3335,8.933333333333334,12.9,3.861203036475664,499.0,SF,0,0,0,-4.633333333333333,0.13333333333333333,0.4,-1.6,17.400000000000002,0.49466666666666664,23.0
wellsbo01,Bonzi Wells,2000,2008,9,9,0,591,15133,15.444444444444445,18.8,2.885639197863606,590.0,SG,0,0,0,-0.17777777777777787,3.2555555555555555,29.3,8.3,24.566666666666663,0.5103333333333333,23.0
welpch01,Chris Welp,1988,1990,3,3,0,109,1173,9.133333333333335,12.4,2.5090945688745085,132.0,C,0,0,0,-5.033333333333333,0.3333333333333333,1.0,-0.8999999999999999,15.9,0.5173333333333333,24.0
welscji01,Jiří Welsch,2003,2006,4,4,0,247,4596,9.45,12.6,3.0269621735330623,234.0,SF,0,0,0,-3.2750000000000004,1.425,5.7,0.19999999999999998,17.6,0.46975,23.0
wennibi01,Bill Wennington,1986,1999,14,12,2,720,9740,10.875,16.6,2.481640922185695,125.0,C,0,0,0,-3.9250000000000003,1.4583333333333333,17.5,-4.299999999999999,17.366666666666667,0.4985000000000001,22.0
wesleda01,David Wesley,1994,2007,14,14,0,949,30272,13.592857142857142,18.5,3.027838523179362,352.0,PG,0,0,0,-0.1571428571428571,4.385714285714285,61.39999999999999,15.799999999999999,19.00714285714286,0.517,23.0
westbru01,Russell Westbrook,2009,2026,18,18,0,1301,43026,21.022222222222226,30.6,5.035270659784234,1412.0,PG,9,9,4,3.2555555555555555,6.255555555555556,112.60000000000002,59.2,30.788888888888884,0.5247777777777779,20.0
westda01,David West,2004,2018,15,15,0,1034,29144,18.013333333333332,20.9,2.393565448354307,552.0,PF,2,0,0,1.5399999999999998,5.733333333333333,86.0,27.599999999999998,21.993333333333332,0.5425333333333333,23.0
westde01,Delonte West,2005,2012,8,8,0,432,11842,13.625,15.3,1.1840080236214616,453.0,PG,0,0,0,0.8124999999999999,3.05,24.4,8.600000000000001,17.875,0.5346249999999999,21.0
westdo01,Doug West,1990,2001,12,12,0,676,16649,9.983333333333333,14.6,3.2974316604829816,171.0,SG,0,0,0,-3.6,1.4833333333333332,17.799999999999997,-4.199999999999999,16.90833333333333,0.49358333333333343,22.0
westma01,Mark West,1984,2000,17,17,0,1090,20213,10.03529411764706,15.7,3.539182553752904,105.0,C,0,0,0,-2.894117647058824,2.4647058823529413,41.900000000000006,1.0000000000000004,12.988235294117647,0.5497647058823529,23.0
westma02,Mario West,2008,2011,4,4,0,162,796,9.4,10.0,0.5787918451395115,116.0,SG,0,0,0,-2.5999999999999996,0.35,1.4,-0.1,10.700000000000001,0.50225,23.0
westppa01,Paul Westphal,1980,1984,5,5,0,275,7037,15.919999999999998,21.1,2.7959971387682074,451.0,SG,2,1,0,0.4800000000000001,3.6800000000000006,18.400000000000002,6.1000000000000005,23.360000000000003,0.5327999999999999,29.0
whatlen01,Ennis Whatley,1984,1995,12,7,5,385,7108,12.785714285714286,14.0,1.0329272847157267,107.0,PG,0,0,0,-0.6,1.3571428571428572,9.5,2.2,15.828571428571431,0.5132857142857142,21.0
whitedj01,D.J. White,2009,2012,4,4,0,138,2111,18.35,25.9,5.0943596260962964,102.0,PF,0,0,0,0.4750000000000003,0.8999999999999999,3.5999999999999996,0.0,19.2,0.5660000000000001,22.0
whiteha01,Hassan Whiteside,2012,2022,11,9,2,511,12645,22.811111111111114,26.2,3.0366079190967326,109.0,C,0,0,0,1.788888888888889,5.788888888888888,52.099999999999994,14.5,20.755555555555556,0.5872222222222221,22.0
whiteja01,Jahidi White,1999,2005,7,7,0,334,5913,12.585714285714285,15.7,3.132059373378376,135.0,C,0,0,0,-4.428571428571429,1.5,10.5,-1.7,16.8,0.5164285714285715,22.0
whiteje01,Jerome Whitehead,1980,1989,10,10,0,648,11676,11.000000000000002,16.7,3.1048349392520045,553.0,C,0,0,0,-4.2,1.64,16.4,-4.9,15.930000000000001,0.5149000000000001,23.0
whitera01,Randy White,1990,1994,5,5,0,281,5382,10.739999999999998,13.2,1.8799999999999997,320.0,PF,0,0,0,-5.000000000000001,0.38,1.9,-4.0,20.72,0.45499999999999996,22.0
whitero01,Rory White,1983,1987,5,5,0,324,5410,12.76,14.7,1.7895250766614026,372.0,SF,0,0,0,-2.4,1.3,6.5,-0.8999999999999999,19.740000000000002,0.5384,23.0
whitero02,Rodney White,2002,2005,4,4,0,218,3354,12.375,16.4,2.4863376681376157,129.0,SF,0,0,0,-2.375,0.425,1.7,-0.1999999999999999,25.650000000000002,0.47350000000000003,21.0
whitnch01,Chris Whitney,1994,2004,11,11,0,579,10052,12.1,17.1,4.771887371984914,179.0,PG,0,0,0,-1.2636363636363637,1.9363636363636365,21.3,4.7,17.98181818181818,0.5180909090909092,22.0
wiggimi01,Mitchell Wiggins,1984,1992,9,6,3,389,8105,13.166666666666666,16.3,2.214848878717362,569.0,SG,0,0,0,-1.8333333333333333,2.5500000000000003,15.3,1.6999999999999997,21.46666666666667,0.48866666666666664,24.0
wilcoch01,Chris Wilcox,2003,2013,11,11,0,628,12474,14.781818181818183,18.0,2.023865869530696,441.0,C,0,0,0,-1.9454545454545453,2.436363636363637,26.800000000000004,1.2000000000000002,18.472727272727273,0.5753636363636363,20.0
wileymo01,Morlon Wiley,1989,1995,7,7,0,295,3843,10.071428571428571,13.8,2.715413299620355,158.0,PG,0,0,0,-1.9999999999999998,0.38571428571428573,2.7,0.2,15.042857142857143,0.47914285714285715,22.0
wilkebo01,Bob Wilkerson,1980,1983,4,4,0,297,8126,11.225000000000001,12.5,1.3216939887886308,1702.0,SF,0,0,0,-2.3,0.9500000000000002,3.8000000000000007,-0.7000000000000002,19.4,0.47375,25.0
wilkeja01,Jamaal Wilkes,1980,1986,7,7,0,455,15060,15.185714285714287,18.0,3.0172970739807945,195.0,SF,2,0,0,-0.9857142857142858,5.785714285714286,40.5,7.1000000000000005,21.91428571428571,0.5415714285714286,26.0
wilkeja02,James Wilkes,1981,1983,3,3,0,114,1531,9.966666666666667,11.8,2.1822516404443877,129.0,SF,0,0,0,-2.533333333333333,0.6666666666666666,2.0,0.0,16.4,0.47700000000000004,22.0
wilkida02,Damien Wilkins,2005,2018,14,10,4,582,10991,10.64,13.4,2.7810789273229912,152.0,SF,0,0,0,-2.41,1.2100000000000002,12.100000000000001,0.10000000000000003,16.11,0.4960000000000001,25.0
wilkido01,Dominique Wilkins,1983,1999,17,15,2,1074,38113,21.086666666666666,24.6,2.933454542950266,252.0,SF,9,7,3,2.8466666666666667,7.846666666666668,117.70000000000002,50.6,30.259999999999998,0.5302,23.0
wilkied01,Eddie Lee Wilkins,1985,1993,9,6,3,322,3787,11.383333333333333,21.2,4.53703892668139,192.0,C,0,0,0,-5.966666666666668,0.43333333333333335,2.6,-4.2,21.650000000000002,0.5065000000000001,22.0
wilkige01,Gerald Wilkins,1986,1998,13,12,1,900,26084,12.266666666666667,16.2,2.9643249184632614,738.0,SG,0,0,0,-1.7666666666666666,2.8416666666666663,34.099999999999994,5.3,21.349999999999998,0.49500000000000005,22.0
wilkije01,Jeff Wilkins,1981,1986,6,6,0,454,10004,10.166666666666666,11.6,1.5542057635833022,1058.0,C,0,0,0,-4.016666666666667,1.4666666666666668,8.8,-4.8,16.716666666666665,0.48833333333333334,25.0
wilksmi01,Mike Wilks,2003,2008,6,6,0,233,2240,10.3,14.4,2.804757862395017,145.0,PG,0,0,0,-1.7833333333333332,0.4166666666666667,2.5,2.7755575615628914e-17,14.916666666666666,0.4996666666666667,23.0
williaa01,Aaron Williams,1997,2008,12,12,0,715,12000,12.941666666666668,17.7,3.184979940631058,297.0,C,0,0,0,-2.2416666666666667,2.4166666666666665,28.999999999999996,1.0999999999999999,15.758333333333333,0.5519166666666666,25.0
willial02,Alvin Williams,1998,2004,7,7,0,460,12610,13.057142857142859,16.7,2.271473494614166,779.0,PG,0,0,0,-0.9000000000000001,3.1000000000000005,21.700000000000003,4.9,17.542857142857144,0.4811428571428572,23.0
willibu01,Buck Williams,1982,1998,17,17,0,1307,42464,15.023529411764708,18.6,1.9975070968775366,738.0,PF,3,1,0,-0.07647058823529412,7.064705882352941,120.1,21.7,16.064705882352943,0.5848235294117647,21.0
willico02,Corliss Williamson,1996,2007,12,12,0,822,18749,14.016666666666666,20.0,3.056095911816614,362.0,SF,0,0,0,-2.7833333333333337,2.891666666666667,34.7,-0.20000000000000007,23.516666666666666,0.5314166666666666,22.0
willide01,Deron Williams,2006,2017,12,12,0,845,28865,17.966666666666665,21.1,3.0216809155758915,1657.0,PG,3,2,0,1.6333333333333329,6.45,77.4,28.4,23.55,0.5485833333333334,21.0
willier01,Eric Williams,1996,2007,12,12,0,658,15731,11.616666666666667,17.0,2.468749120956243,121.0,SF,0,0,0,-2.5833333333333335,1.9250000000000005,23.100000000000005,-1.3,18.858333333333334,0.5078333333333334,23.0
willifr01,Freeman Williams,1980,1986,7,5,2,251,5411,14.679999999999998,20.2,5.198230468149714,110.0,SG,0,0,0,-2.18,1.6400000000000001,8.200000000000001,2.2000000000000006,30.920000000000005,0.48840000000000006,23.0
willigu01,Gus Williams,1980,1987,8,7,1,511,17149,17.67142857142857,21.8,3.919808408479128,481.0,PG,2,2,1,2.2857142857142856,6.314285714285714,44.199999999999996,21.9,24.61428571428571,0.49357142857142866,26.0
willihe01,Herb Williams,1982,1998,17,17,0,1102,28484,11.988235294117645,17.9,3.5300195555101017,178.0,C,0,0,0,-1.6176470588235294,2.1176470588235294,36.0,7.800000000000001,18.68235294117647,0.47676470588235287,23.0
williho01,Hot Rod Williams,1987,1999,13,13,0,887,26327,14.746153846153847,19.0,3.018816728102225,403.0,C,0,0,0,0.6615384615384616,5.43076923076923,70.6,20.0,16.069230769230767,0.5214615384615385,24.0
willija01,Jayson Williams,1991,1999,9,9,0,475,9805,13.31111111111111,18.7,3.6786001094753553,139.0,PF,1,0,0,-3.9555555555555557,2.2222222222222223,20.0,-2.1000000000000005,18.477777777777778,0.47033333333333327,22.0
willija02,Jason Williams,1999,2011,13,12,1,788,23188,13.808333333333332,17.1,2.338966414656031,295.0,PG,0,0,0,0.11666666666666665,3.2166666666666672,38.60000000000001,12.899999999999999,18.516666666666666,0.5020833333333333,23.0
willije01,Jerome Williams,1997,2005,9,9,0,587,12755,15.544444444444443,18.2,1.7670509714783185,177.0,PF,0,0,0,-0.022222222222222192,4.211111111111111,37.9,7.6000000000000005,15.244444444444444,0.5351111111111111,23.0
willijo02,John Williams,1987,1995,9,8,1,435,10952,13.262500000000001,18.8,4.405376686504799,402.0,SF,0,0,0,0.08749999999999991,2.4875000000000003,19.900000000000002,8.7,18.975,0.482375,20.0
willike01,Kevin Williams,1984,1989,6,5,1,260,2947,10.2,12.0,1.0059821071967434,200.0,SG,0,0,0,-3.6399999999999997,0.52,2.6,-1.0,20.46,0.49480000000000013,22.0
willike02,Kevin Willis,1985,2005,21,20,1,1424,38362,15.015,19.7,2.7159298591826704,344.0,PF,1,1,0,-2.535,4.095000000000001,81.9,-1.1,20.915,0.5138,22.0
willike03,Kenny Williams,1991,1994,4,4,0,260,2918,15.95,17.7,1.3683932183404004,527.0,SF,0,0,0,-0.17500000000000004,1.85,7.4,1.4,19.05,0.5365000000000001,21.0
willilo01,Lorenzo Williams,1993,1998,6,6,0,253,5535,10.666666666666666,14.1,1.8445113776342563,111.0,C,0,0,0,-2.283333333333333,1.1666666666666667,7.000000000000001,-0.5,8.683333333333332,0.5288333333333334,23.0
willilo02,Lou Williams,2006,2022,17,17,0,1123,27104,16.929411764705886,21.4,3.288440486073881,145.0,PG,0,0,0,0.6176470588235295,3.8705882352941177,65.8,23.099999999999998,25.405882352941177,0.5422941176470589,19.0
willima01,Mo Williams,2004,2016,13,13,0,818,23872,14.461538461538463,17.2,2.1280321214819975,748.0,PG,1,0,0,-0.7,3.0846153846153848,40.1,10.0,22.830769230769235,0.5235384615384615,21.0
willima02,Marvin Williams,2006,2020,15,15,0,1072,30159,13.479999999999999,16.9,1.7112178898862256,1129.0,PF,0,0,0,-0.36666666666666653,4.333333333333332,64.99999999999999,12.3,16.42,0.5496666666666667,19.0
willima03,Marcus Williams,2007,2010,4,3,1,203,3095,11.033333333333333,11.5,0.3681787005729088,854.0,PG,0,0,0,-3.0666666666666664,0.03333333333333333,0.1,-0.8999999999999999,21.433333333333334,0.47633333333333333,21.0
willimi02,Micheal Williams,1989,1998,10,8,2,413,10403,15.1625,19.5,4.810389147459901,161.0,PG,0,0,0,-0.10000000000000003,3.5749999999999997,28.599999999999998,11.3,20.7125,0.542125,22.0
willimo01,Monty Williams,1995,2003,9,8,1,456,7624,11.9625,15.6,2.5283084760368935,184.0,SF,0,0,0,-2.475,1.4375,11.5,0.39999999999999997,19.625,0.503875,23.0
willira01,Ray Williams,1980,1987,8,8,0,493,14542,15.962499999999999,21.6,3.5871079925198797,459.0,PG,0,0,0,1.025,4.025,32.2,15.100000000000001,24.2,0.50175,25.0
willire01,Reggie Williams,1988,1997,10,10,0,599,16013,12.510000000000002,18.1,3.6150933597903117,200.0,SF,0,0,0,-1.22,2.6100000000000003,26.100000000000005,8.899999999999999,21.79,0.483,23.0
willire02,Reggie Williams,2010,2015,6,5,1,206,3736,13.419999999999998,16.1,1.9487431847218868,105.0,SF,0,0,0,-1.52,1.24,6.2,1.0,18.779999999999998,0.5294000000000001,23.0
willisa02,Sam Williams,1982,1985,4,4,0,257,4528,12.624999999999998,15.6,3.416412592179112,488.0,PF,0,0,0,-1.5,2.225,8.9,1.5,16.425,0.5165,22.0
willisc01,Scott Williams,1991,2005,15,14,1,746,12220,12.778571428571427,15.6,2.4796827479764914,152.0,C,0,0,0,-2.935714285714286,1.8928571428571428,26.5,-1.9000000000000001,15.799999999999999,0.49978571428571433,22.0
willise01,Sean Williams,2008,2012,5,4,1,137,1978,12.100000000000001,18.7,4.574385204593072,107.0,C,0,0,0,-3.4499999999999997,0.7499999999999999,2.9999999999999996,-0.6,15.3,0.5507500000000001,21.0
willish01,Shammond Williams,2000,2007,8,6,2,325,5351,13.033333333333333,15.4,1.488474237451074,345.0,PG,0,0,0,-0.8666666666666667,1.4833333333333334,8.9,1.7000000000000004,18.416666666666664,0.513,24.0
willish02,Shelden Williams,2007,2012,6,6,0,361,5586,12.700000000000003,14.1,0.8717797887081342,512.0,PF,0,0,0,-2.9500000000000006,1.6500000000000001,9.9,-1.5,15.516666666666666,0.532,23.0
willish03,Shawne Williams,2007,2015,9,7,2,314,5368,9.585714285714285,12.8,2.5164763184310894,170.0,SF,0,0,0,-3.1142857142857143,0.9714285714285713,6.799999999999999,-0.4,16.042857142857144,0.48142857142857143,20.0
willisl01,Sly Williams,1980,1985,6,6,0,305,6617,14.383333333333335,18.6,3.6255650900545455,258.0,SF,0,0,0,-0.9833333333333334,2.2333333333333334,13.4,4.499999999999999,24.0,0.4935,22.0
willite01,Terrence Williams,2010,2013,4,4,0,153,2922,10.95,13.1,2.405722344743882,290.0,SF,0,0,0,-3.1500000000000004,-0.07499999999999997,-0.2999999999999999,-0.6,21.625,0.47300000000000003,22.0
williwa02,Walt Williams,1993,2003,11,11,0,708,18818,13.98181818181818,16.3,1.7907937203263615,1044.0,SF,0,0,0,0.2636363636363638,3.090909090909091,34.0,11.9,21.27272727272727,0.5303636363636364,22.0
willobi01,Bill Willoughby,1980,1984,5,5,0,331,6149,11.320000000000002,13.1,1.5302287410710853,936.0,SF,0,0,0,-1.3,2.02,10.1,1.1,14.760000000000002,0.5279999999999999,22.0
wilsotr01,Trevor Wilson,1991,1995,5,3,2,103,1609,9.833333333333334,12.8,3.512200956032493,147.0,PF,0,0,0,-4.066666666666667,0.20000000000000004,0.6000000000000001,-0.6,20.0,0.4506666666666666,22.0
wingada01,David Wingate,1987,1998,12,12,0,740,13243,9.566666666666665,11.9,1.8345450541089352,372.0,SG,0,0,0,-2.725,0.9833333333333334,11.8,-1.0,16.25,0.49350000000000005,23.0
wintebr01,Brian Winters,1980,1983,4,4,0,267,7584,13.8,15.8,1.5475787540542165,1361.0,SG,0,0,0,-0.55,4.325,17.3,3.0999999999999996,21.15,0.52475,27.0
wittmra01,Randy Wittman,1984,1992,9,9,0,543,11594,9.61111111111111,13.0,2.589484909931979,115.0,SG,0,0,0,-2.2666666666666666,1.9000000000000001,17.1,1.9,13.722222222222223,0.5035555555555555,24.0
wolfjo01,Joe Wolf,1988,1998,11,10,1,592,9636,7.92,11.9,1.824719156473127,165.0,C,0,0,0,-4.55,0.35,3.5,-6.7,13.01,0.46259999999999996,23.0
woodal01,Al Wood,1982,1987,6,6,0,417,9939,13.683333333333335,14.9,0.6865776641348664,657.0,SG,0,0,0,-1.6666666666666667,2.5500000000000003,15.3,1.7999999999999998,22.5,0.5116666666666666,23.0
woodda01,David Wood,1991,1997,7,6,1,412,5551,9.850000000000001,11.1,0.7847504911329037,240.0,PF,0,0,0,-2.416666666666667,1.6833333333333336,10.100000000000001,-0.9,12.449999999999998,0.5573333333333333,26.0
woodle01,Leon Wood,1985,1991,7,6,1,274,4531,12.533333333333333,15.4,2.364083096866286,200.0,PG,0,0,0,-1.8,1.1333333333333333,6.8,0.8,18.150000000000002,0.496,22.0
woodslo01,Loren Woods,2002,2006,5,5,0,215,2428,11.14,12.3,1.076289923765897,324.0,C,0,0,0,-2.5000000000000004,0.62,3.1,-0.30000000000000004,13.580000000000002,0.4692,23.0
woodsmi01,Mike Woodson,1981,1991,11,11,0,786,20021,13.663636363636364,18.9,3.794558958027983,171.0,SG,0,0,0,-1.1545454545454545,3.1636363636363636,34.8,8.5,23.3,0.5036363636363638,22.0
woodsqy01,Qyntel Woods,2003,2006,4,3,1,167,2060,11.0,12.4,1.2328828005937953,334.0,SF,0,0,0,-3.233333333333333,0.43333333333333335,1.3,-0.39999999999999997,19.5,0.5006666666666666,21.0
woodsra01,Randy Woods,1993,1995,3,3,0,151,1093,12.0,12.8,0.804155872120988,174.0,PG,0,0,0,-1.7,0.20000000000000004,0.6000000000000001,0.1,20.033333333333335,0.46399999999999997,22.0
woolror01,Orlando Woolridge,1982,1994,13,13,0,851,24041,16.215384615384615,19.6,2.293417387570232,622.0,SF,0,0,0,-0.16923076923076927,4.084615384615384,53.099999999999994,13.200000000000003,23.23076923076923,0.5617692307692308,22.0
workmha01,Haywoode Workman,1991,2000,10,6,4,359,7202,11.833333333333334,14.1,1.4019827229875397,350.0,PG,0,0,0,-0.7666666666666666,1.75,10.5,2.3,15.450000000000001,0.48816666666666664,25.0
worthja01,James Worthy,1983,1994,12,12,0,926,30001,17.491666666666664,20.4,1.9409870055091958,1597.0,SF,7,2,0,1.616666666666667,6.774999999999999,81.29999999999998,29.1,22.958333333333332,0.5569166666666666,21.0
wrighan01,Antoine Wright,2006,2010,5,5,0,297,5714,6.88,8.6,3.095415965585239,370.0,SG,0,0,0,-4.380000000000001,0.6399999999999999,3.1999999999999997,-2.3,14.9,0.47539999999999993,21.0
wrighbr03,Brandan Wright,2008,2018,11,10,1,428,6949,19.42,23.5,2.116506555624149,212.0,PF,0,0,0,1.61,2.62,26.200000000000003,7.600000000000001,16.560000000000002,0.6173,20.0
wrighdo01,Dorell Wright,2006,2015,10,9,1,549,12280,14.011111111111111,16.0,1.2251480132298251,132.0,SF,0,0,0,0.6555555555555556,2.9111111111111114,26.200000000000003,9.4,17.688888888888886,0.5398888888888889,20.0
wrighju01,Julian Wright,2008,2011,4,4,0,231,3049,12.975,15.4,1.4289419162443238,640.0,SF,0,0,0,-0.30000000000000004,0.975,3.9,1.2000000000000002,15.725,0.52575,20.0
wrighlo02,Lorenzen Wright,1997,2009,13,13,0,778,18535,11.753846153846153,15.7,4.217840385172594,125.0,C,0,0,0,-3.3461538461538463,2.346153846153846,30.499999999999996,-2.8000000000000003,16.492307692307694,0.4689230769230769,21.0
wrighsh01,Sharone Wright,1995,1997,3,3,0,203,4531,12.166666666666666,15.1,3.400326781681758,1009.0,C,0,0,0,-5.3,0.4666666666666666,1.4,-3.2,23.46666666666667,0.48500000000000004,22.0
youngda01,Danny Young,1986,1993,8,8,0,574,9536,12.0625,13.7,1.037951708895939,836.0,PG,0,0,0,0.5249999999999999,2.5,20.0,6.6,12.6625,0.520875,23.0
youngni01,Nick Young,2008,2018,11,11,0,720,16419,12.681818181818182,16.0,2.008082840476178,1000.0,SG,0,0,0,-2.290909090909091,1.7,18.7,-0.7,22.527272727272727,0.5334545454545454,22.0
youngsa01,Sam Young,2010,2013,4,4,0,249,3966,10.675,13.0,2.2230328382639786,375.0,SF,0,0,0,-2.25,1.3,5.2,-2.7755575615628914e-17,17.875,0.47975,24.0
youngth01,Thaddeus Young,2008,2024,17,17,0,1172,33012,16.32941176470588,20.3,1.8422379950619372,439.0,PF,0,0,0,0.5529411764705884,4.235294117647059,72.0,20.400000000000002,19.247058823529414,0.548,19.0
zhizhwa01,Wang Zhizhi,2002,2004,3,3,0,137,1256,13.066666666666668,16.1,2.1452790546272125,114.0,C,0,0,0,-2.4,0.5666666666666668,1.7000000000000002,0.1,23.2,0.505,24.0
